CaptureTime, Camera1HeadPosition.x, Camera1HeadPosition.y, Camera1HeadPosition.z, Camera1HeadOrientation.x, Camera1HeadOrientation.y, Camera1HeadOrientation.z, Camera2HeadPosition.x, Camera2HeadPosition.y, Camera2HeadPosition.z, Camera2HeadOrientation.x, Camera2HeadOrientation.y, Camera2HeadOrientation.z, frameNumber
4306.3309, 142.5585, 119.7126, 712.4268, 0.0044, 0.0479, -0.0179, 142.5585, 119.7126, 712.4268, 0.0044, 0.0479, -0.0179, 60553
4306.3476, 142.3323, 119.7916, 711.8447, 0.0078, 0.0571, -0.0193, 142.3323, 119.7916, 711.8447, 0.0078, 0.0571, -0.0193, 60554
4306.3643, 144.0000, 120.5192, 719.9188, 0.0098, 0.0479, -0.0151, 144.0000, 120.5192, 719.9188, 0.0098, 0.0479, -0.0151, 60555
4306.3810, 141.7956, 119.5246, 709.7253, -0.0140, 0.0569, -0.0153, 141.7956, 119.5246, 709.7253, -0.0140, 0.0569, -0.0153, 60556
4306.3977, 142.1837, 119.7637, 711.8563, -0.0018, 0.0598, -0.0190, 142.1837, 119.7637, 711.8563, -0.0018, 0.0598, -0.0190, 60557
4306.4143, 142.1609, 119.6443, 711.6147, 0.0078, 0.0577, -0.0175, 142.1609, 119.6443, 711.6147, 0.0078, 0.0577, -0.0175, 60558
4306.4310, 143.0681, 120.1483, 714.9811, 0.0047, 0.0568, -0.0169, 143.0681, 120.1483, 714.9811, 0.0047, 0.0568, -0.0169, 60559
4306.4477, 142.1286, 119.7229, 710.4698, -0.0019, 0.0571, -0.0245, 142.1286, 119.7229, 710.4698, -0.0019, 0.0571, -0.0245, 60560
4306.4644, 142.3547, 119.6272, 712.4614, -0.0015, 0.0522, -0.0145, 142.3547, 119.6272, 712.4614, -0.0015, 0.0522, -0.0145, 60561
4306.4811, 142.0609, 119.6323, 709.4988, -0.0142, 0.0468, -0.0223, 142.0609, 119.6323, 709.4988, -0.0142, 0.0468, -0.0223, 60562
4306.4977, 142.9810, 119.9364, 714.7681, 0.0067, 0.0486, -0.0170, 142.9810, 119.9364, 714.7681, 0.0067, 0.0486, -0.0170, 60563
4306.5144, 142.5654, 119.8589, 712.4734, -0.0090, 0.0534, -0.0193, 142.5654, 119.8589, 712.4734, -0.0090, 0.0534, -0.0193, 60564
4306.5311, 143.5767, 120.2463, 717.1808, 0.0039, 0.0542, -0.0117, 143.5767, 120.2463, 717.1808, 0.0039, 0.0542, -0.0117, 60565
4306.5478, 141.9731, 119.7682, 710.1141, 0.0002, 0.0603, -0.0255, 141.9731, 119.7682, 710.1141, 0.0002, 0.0603, -0.0255, 60566
4306.5644, 142.9295, 119.9053, 714.5054, 0.0094, 0.0528, -0.0136, 142.9295, 119.9053, 714.5054, 0.0094, 0.0528, -0.0136, 60567
4306.5811, 142.6185, 119.9253, 712.7192, 0.0040, 0.0522, -0.0221, 142.6185, 119.9253, 712.7192, 0.0040, 0.0522, -0.0221, 60568
4306.5978, 143.0599, 119.9941, 716.1658, 0.0137, 0.0507, -0.0143, 143.0599, 119.9941, 716.1658, 0.0137, 0.0507, -0.0143, 60569
4306.6145, 142.4253, 119.6862, 712.6741, 0.0156, 0.0522, -0.0158, 142.4253, 119.6862, 712.6741, 0.0156, 0.0522, -0.0158, 60570
4306.6311, 142.1287, 119.8734, 711.3516, -0.0089, 0.0647, -0.0216, 142.1287, 119.8734, 711.3516, -0.0089, 0.0647, -0.0216, 60571
4306.6478, 143.1127, 120.1969, 715.5058, -0.0018, 0.0611, -0.0163, 143.1127, 120.1969, 715.5058, -0.0018, 0.0611, -0.0163, 60572
4306.6645, 142.6455, 119.8087, 712.9322, 0.0045, 0.0563, -0.0215, 142.6455, 119.8087, 712.9322, 0.0045, 0.0563, -0.0215, 60573
4306.6812, 143.3215, 119.9448, 715.6288, 0.0157, 0.0471, -0.0158, 143.3215, 119.9448, 715.6288, 0.0157, 0.0471, -0.0158, 60574
4306.6978, 142.6769, 119.9738, 713.5592, -0.0075, 0.0520, -0.0175, 142.6769, 119.9738, 713.5592, -0.0075, 0.0520, -0.0175, 60575
4306.7145, 142.8879, 120.0845, 714.9739, 0.0000, 0.0551, -0.0144, 142.8879, 120.0845, 714.9739, 0.0000, 0.0551, -0.0144, 60576
4306.7312, 142.9633, 119.9647, 715.2151, 0.0076, 0.0530, -0.0168, 142.9633, 119.9647, 715.2151, 0.0076, 0.0530, -0.0168, 60577
4306.7479, 142.7930, 119.9522, 714.0568, 0.0051, 0.0466, -0.0177, 142.7930, 119.9522, 714.0568, 0.0051, 0.0466, -0.0177, 60578
4306.7645, 142.8958, 119.9225, 714.2584, -0.0056, 0.0403, -0.0166, 142.8958, 119.9225, 714.2584, -0.0056, 0.0403, -0.0166, 60579
4306.7812, 141.5363, 119.4193, 709.2186, 0.0006, 0.0477, -0.0196, 141.5363, 119.4193, 709.2186, 0.0006, 0.0477, -0.0196, 60580
4306.7979, 143.0839, 119.8615, 714.8682, -0.0038, 0.0470, -0.0159, 143.0839, 119.8615, 714.8682, -0.0038, 0.0470, -0.0159, 60581
4306.8145, 142.1086, 119.6468, 711.5889, -0.0017, 0.0513, -0.0176, 142.1086, 119.6468, 711.5889, -0.0017, 0.0513, -0.0176, 60582
4306.8312, 143.8145, 120.3206, 718.2743, 0.0081, 0.0464, -0.0159, 143.8145, 120.3206, 718.2743, 0.0081, 0.0464, -0.0159, 60583
4306.8479, 142.0188, 119.5125, 710.4222, -0.0011, 0.0450, -0.0179, 142.0188, 119.5125, 710.4222, -0.0011, 0.0450, -0.0179, 60584
4306.8646, 141.9456, 119.6874, 710.9949, 0.0005, 0.0475, -0.0172, 141.9456, 119.6874, 710.9949, 0.0005, 0.0475, -0.0172, 60585
4306.8812, 142.8071, 119.9162, 713.4271, 0.0098, 0.0420, -0.0162, 142.8071, 119.9162, 713.4271, 0.0098, 0.0420, -0.0162, 60586
4306.8979, 142.7770, 119.7514, 713.2581, -0.0028, 0.0449, -0.0174, 142.7770, 119.7514, 713.2581, -0.0028, 0.0449, -0.0174, 60587
4306.9146, 143.1116, 120.0216, 715.5037, 0.0040, 0.0506, -0.0150, 143.1116, 120.0216, 715.5037, 0.0040, 0.0506, -0.0150, 60588
4306.9313, 142.7158, 119.8089, 714.2257, 0.0165, 0.0537, -0.0192, 142.7158, 119.8089, 714.2257, 0.0165, 0.0537, -0.0192, 60589
4306.9479, 142.9366, 119.8989, 715.4876, 0.0120, 0.0645, -0.0147, 142.9366, 119.8989, 715.4876, 0.0120, 0.0645, -0.0147, 60590
4306.9645, 142.3895, 119.8164, 711.0637, -0.0121, 0.0615, -0.0237, 142.3895, 119.8164, 711.0637, -0.0121, 0.0615, -0.0237, 60591
4306.9812, 142.6778, 119.8866, 713.8039, -0.0046, 0.0503, -0.0144, 142.6778, 119.8866, 713.8039, -0.0046, 0.0503, -0.0144, 60592
4306.9979, 142.7085, 119.8725, 713.3998, 0.0029, 0.0482, -0.0171, 142.7085, 119.8725, 713.3998, 0.0029, 0.0482, -0.0171, 60593
4307.0145, 142.5105, 119.6779, 713.1772, 0.0047, 0.0412, -0.0156, 142.5105, 119.6779, 713.1772, 0.0047, 0.0412, -0.0156, 60594
4307.0312, 142.8108, 119.8285, 713.7524, -0.0085, 0.0402, -0.0144, 142.8108, 119.8285, 713.7524, -0.0085, 0.0402, -0.0144, 60595
4307.0479, 142.1325, 119.4314, 710.6516, -0.0115, 0.0485, -0.0178, 142.1325, 119.4314, 710.6516, -0.0115, 0.0485, -0.0178, 60596
4307.0645, 141.3567, 119.3219, 707.9872, -0.0011, 0.0503, -0.0202, 141.3567, 119.3219, 707.9872, -0.0011, 0.0503, -0.0202, 60597
4307.0812, 142.7714, 119.9926, 714.3392, -0.0085, 0.0487, -0.0145, 142.7714, 119.9926, 714.3392, -0.0085, 0.0487, -0.0145, 60598
4307.0979, 143.0878, 119.9892, 714.0202, -0.0114, 0.0556, -0.0186, 143.0878, 119.9892, 714.0202, -0.0114, 0.0556, -0.0186, 60599
4307.1145, 142.6781, 119.8121, 713.0161, 0.0002, 0.0470, -0.0182, 142.6781, 119.8121, 713.0161, 0.0002, 0.0470, -0.0182, 60600
4307.1312, 142.2038, 119.6291, 711.6374, 0.0026, 0.0466, -0.0160, 142.2038, 119.6291, 711.6374, 0.0026, 0.0466, -0.0160, 60601
4307.1479, 143.0853, 119.9249, 715.1876, 0.0039, 0.0512, -0.0182, 143.0853, 119.9249, 715.1876, 0.0039, 0.0512, -0.0182, 60602
4307.1645, 142.8615, 119.9203, 714.1324, -0.0004, 0.0521, -0.0177, 142.8615, 119.9203, 714.1324, -0.0004, 0.0521, -0.0177, 60603
4307.1812, 142.7460, 120.0270, 714.3053, 0.0075, 0.0581, -0.0179, 142.7460, 120.0270, 714.3053, 0.0075, 0.0581, -0.0179, 60604
4307.1979, 142.9440, 120.0197, 714.7186, 0.0017, 0.0463, -0.0165, 142.9440, 120.0197, 714.7186, 0.0017, 0.0463, -0.0165, 60605
4307.2145, 142.8535, 119.8879, 713.9962, 0.0021, 0.0470, -0.0155, 142.8535, 119.8879, 713.9962, 0.0021, 0.0470, -0.0155, 60606
4307.2312, 143.8319, 120.3700, 718.0574, 0.0054, 0.0468, -0.0179, 143.8319, 120.3700, 718.0574, 0.0054, 0.0468, -0.0179, 60607
4307.2479, 142.5792, 119.7033, 712.6638, -0.0015, 0.0481, -0.0182, 142.5792, 119.7033, 712.6638, -0.0015, 0.0481, -0.0182, 60608
4307.2645, 142.8345, 119.9378, 713.9896, -0.0009, 0.0455, -0.0165, 142.8345, 119.9378, 713.9896, -0.0009, 0.0455, -0.0165, 60609
4307.2812, 142.2590, 119.5115, 711.1932, -0.0041, 0.0409, -0.0161, 142.2590, 119.5115, 711.1932, -0.0041, 0.0409, -0.0161, 60610
4307.2979, 142.0592, 119.5550, 710.6913, 0.0012, 0.0376, -0.0195, 142.0592, 119.5550, 710.6913, 0.0012, 0.0376, -0.0195, 60611
4307.3145, 143.2129, 119.8639, 716.1465, 0.0126, 0.0416, -0.0142, 143.2129, 119.8639, 716.1465, 0.0126, 0.0416, -0.0142, 60612
4307.3313, 142.5382, 119.8645, 712.9507, -0.0116, 0.0542, -0.0189, 142.5382, 119.8645, 712.9507, -0.0116, 0.0542, -0.0189, 60613
4307.3480, 142.6848, 120.0831, 712.8506, -0.0149, 0.0453, -0.0204, 142.6848, 120.0831, 712.8506, -0.0149, 0.0453, -0.0204, 60614
4307.3647, 143.3069, 120.0994, 716.1716, 0.0001, 0.0506, -0.0146, 143.3069, 120.0994, 716.1716, 0.0001, 0.0506, -0.0146, 60615
4307.3814, 142.9370, 120.0939, 714.5790, 0.0089, 0.0603, -0.0221, 142.9370, 120.0939, 714.5790, 0.0089, 0.0603, -0.0221, 60616
4307.3980, 143.5436, 120.3377, 717.4459, 0.0095, 0.0583, -0.0141, 143.5436, 120.3377, 717.4459, 0.0095, 0.0583, -0.0141, 60617
4307.4147, 144.5350, 120.7975, 721.4183, 0.0150, 0.0645, -0.0196, 144.5350, 120.7975, 721.4183, 0.0150, 0.0645, -0.0196, 60618
4307.4314, 143.0604, 119.9431, 714.8508, 0.0018, 0.0663, -0.0164, 143.0604, 119.9431, 714.8508, 0.0018, 0.0663, -0.0164, 60619
4307.4481, 141.6884, 119.4486, 708.7635, 0.0044, 0.0629, -0.0220, 141.6884, 119.4486, 708.7635, 0.0044, 0.0629, -0.0220, 60620
4307.4647, 143.1130, 119.8182, 714.6318, -0.0001, 0.0527, -0.0147, 143.1130, 119.8182, 714.6318, -0.0001, 0.0527, -0.0147, 60621
4307.4814, 142.7160, 119.8630, 713.9161, 0.0166, 0.0535, -0.0155, 142.7160, 119.8630, 713.9161, 0.0166, 0.0535, -0.0155, 60622
4307.4981, 143.1069, 120.0616, 715.5416, 0.0072, 0.0552, -0.0165, 143.1069, 120.0616, 715.5416, 0.0072, 0.0552, -0.0165, 60623
4307.5147, 143.1604, 120.2322, 715.9980, 0.0078, 0.0667, -0.0199, 143.1604, 120.2322, 715.9980, 0.0078, 0.0667, -0.0199, 60624
4307.5314, 142.8019, 119.9237, 713.7490, -0.0070, 0.0669, -0.0206, 142.8019, 119.9237, 713.7490, -0.0070, 0.0669, -0.0206, 60625
4307.5481, 142.5928, 120.1200, 713.3871, 0.0194, 0.0569, -0.0175, 142.5928, 120.1200, 713.3871, 0.0194, 0.0569, -0.0175, 60626
4307.5648, 143.2093, 120.0351, 715.7123, 0.0038, 0.0465, -0.0166, 143.2093, 120.0351, 715.7123, 0.0038, 0.0465, -0.0166, 60627
4307.5814, 143.0890, 119.9925, 715.3933, 0.0066, 0.0533, -0.0158, 143.0890, 119.9925, 715.3933, 0.0066, 0.0533, -0.0158, 60628
4307.5981, 143.1612, 120.1682, 715.4830, -0.0104, 0.0582, -0.0185, 143.1612, 120.1682, 715.4830, -0.0104, 0.0582, -0.0185, 60629
4307.6148, 141.5893, 119.5618, 709.4675, 0.0075, 0.0539, -0.0177, 141.5893, 119.5618, 709.4675, 0.0075, 0.0539, -0.0177, 60630
4307.6315, 143.0529, 120.0452, 715.1691, 0.0036, 0.0464, -0.0163, 143.0529, 120.0452, 715.1691, 0.0036, 0.0464, -0.0163, 60631
4307.6481, 143.0400, 119.9674, 715.7133, 0.0094, 0.0448, -0.0151, 143.0400, 119.9674, 715.7133, 0.0094, 0.0448, -0.0151, 60632
4307.6648, 143.4054, 120.2141, 716.8353, 0.0094, 0.0549, -0.0138, 143.4054, 120.2141, 716.8353, 0.0094, 0.0549, -0.0138, 60633
4307.6815, 142.0401, 119.7225, 710.4745, -0.0097, 0.0491, -0.0189, 142.0401, 119.7225, 710.4745, -0.0097, 0.0491, -0.0189, 60634
4307.6982, 142.3962, 119.6370, 711.7593, -0.0006, 0.0412, -0.0146, 142.3962, 119.6370, 711.7593, -0.0006, 0.0412, -0.0146, 60635
4307.7148, 143.1220, 120.0483, 715.2125, 0.0109, 0.0517, -0.0180, 143.1220, 120.0483, 715.2125, 0.0109, 0.0517, -0.0180, 60636
4307.7315, 142.9771, 120.1071, 715.3818, 0.0053, 0.0437, -0.0142, 142.9771, 120.1071, 715.3818, 0.0053, 0.0437, -0.0142, 60637
4307.7482, 142.5427, 119.6217, 712.1558, 0.0073, 0.0499, -0.0214, 142.5427, 119.6217, 712.1558, 0.0073, 0.0499, -0.0214, 60638
4307.7649, 143.1143, 120.0415, 715.2664, 0.0042, 0.0468, -0.0166, 143.1143, 120.0415, 715.2664, 0.0042, 0.0468, -0.0166, 60639
4307.7816, 142.3080, 119.6773, 712.3870, 0.0010, 0.0483, -0.0172, 142.3080, 119.6773, 712.3870, 0.0010, 0.0483, -0.0172, 60640
4307.7983, 143.1442, 120.2215, 715.2769, -0.0052, 0.0545, -0.0194, 143.1442, 120.2215, 715.2769, -0.0052, 0.0545, -0.0194, 60641
4307.8149, 143.1937, 120.0033, 716.2220, 0.0113, 0.0438, -0.0180, 143.1937, 120.0033, 716.2220, 0.0113, 0.0438, -0.0180, 60642
4307.8316, 142.9759, 119.8709, 715.0345, -0.0037, 0.0578, -0.0165, 142.9759, 119.8709, 715.0345, -0.0037, 0.0578, -0.0165, 60643
4307.8483, 142.1999, 119.7887, 711.7877, -0.0039, 0.0592, -0.0190, 142.1999, 119.7887, 711.7877, -0.0039, 0.0592, -0.0190, 60644
4307.8650, 142.9162, 119.9871, 714.8139, -0.0024, 0.0577, -0.0168, 142.9162, 119.9871, 714.8139, -0.0024, 0.0577, -0.0168, 60645
4307.8817, 142.6010, 119.9961, 713.1506, 0.0080, 0.0627, -0.0208, 142.6010, 119.9961, 713.1506, 0.0080, 0.0627, -0.0208, 60646
4307.8983, 143.7584, 120.1544, 717.8093, 0.0122, 0.0580, -0.0177, 143.7584, 120.1544, 717.8093, 0.0122, 0.0580, -0.0177, 60647
4307.9150, 142.5190, 119.8990, 712.4202, 0.0047, 0.0543, -0.0199, 142.5190, 119.8990, 712.4202, 0.0047, 0.0543, -0.0199, 60648
4307.9317, 142.7399, 119.9179, 712.9634, -0.0056, 0.0508, -0.0170, 142.7399, 119.9179, 712.9634, -0.0056, 0.0508, -0.0170, 60649
4307.9484, 142.5943, 119.9624, 713.6261, 0.0009, 0.0615, -0.0177, 142.5943, 119.9624, 713.6261, 0.0009, 0.0615, -0.0177, 60650
4307.9651, 143.1758, 120.1320, 715.6219, 0.0021, 0.0557, -0.0171, 143.1758, 120.1320, 715.6219, 0.0021, 0.0557, -0.0171, 60651
4307.9817, 143.1841, 120.1317, 715.8589, 0.0081, 0.0585, -0.0178, 143.1841, 120.1317, 715.8589, 0.0081, 0.0585, -0.0178, 60652
4307.9984, 141.9793, 119.3687, 710.1416, -0.0040, 0.0427, -0.0154, 141.9793, 119.3687, 710.1416, -0.0040, 0.0427, -0.0154, 60653
4308.0151, 141.4591, 119.3992, 707.7124, -0.0063, 0.0551, -0.0198, 141.4591, 119.3992, 707.7124, -0.0063, 0.0551, -0.0198, 60654
4308.0318, 142.3828, 119.6697, 712.4553, 0.0129, 0.0469, -0.0172, 142.3828, 119.6697, 712.4553, 0.0129, 0.0469, -0.0172, 60655
4308.0485, 142.5839, 119.8340, 712.2606, -0.0069, 0.0578, -0.0193, 142.5839, 119.8340, 712.2606, -0.0069, 0.0578, -0.0193, 60656
4308.0651, 143.3506, 120.4505, 716.9428, 0.0060, 0.0625, -0.0155, 143.3506, 120.4505, 716.9428, 0.0060, 0.0625, -0.0155, 60657
4308.0818, 143.0237, 120.3111, 715.3732, -0.0048, 0.0620, -0.0213, 143.0237, 120.3111, 715.3732, -0.0048, 0.0620, -0.0213, 60658
4308.0985, 142.4726, 119.7150, 712.6134, -0.0083, 0.0524, -0.0151, 142.4726, 119.7150, 712.6134, -0.0083, 0.0524, -0.0151, 60659
4308.1154, 141.8922, 119.6963, 710.6426, -0.0038, 0.0585, -0.0185, 141.8922, 119.6963, 710.6426, -0.0038, 0.0585, -0.0185, 60660
4308.1320, 142.7235, 119.9552, 714.2652, 0.0002, 0.0568, -0.0182, 142.7235, 119.9552, 714.2652, 0.0002, 0.0568, -0.0182, 60661
4308.1487, 143.5150, 120.2743, 717.3461, 0.0182, 0.0564, -0.0167, 143.5150, 120.2743, 717.3461, 0.0182, 0.0564, -0.0167, 60662
4308.1654, 143.2671, 120.1910, 716.1957, -0.0028, 0.0586, -0.0187, 143.2671, 120.1910, 716.1957, -0.0028, 0.0586, -0.0187, 60663
4308.1821, 143.0034, 120.1606, 714.6819, -0.0001, 0.0596, -0.0192, 143.0034, 120.1606, 714.6819, -0.0001, 0.0596, -0.0192, 60664
4308.1988, 142.7034, 119.9123, 713.8585, -0.0015, 0.0583, -0.0190, 142.7034, 119.9123, 713.8585, -0.0015, 0.0583, -0.0190, 60665
4308.2155, 143.6833, 120.3234, 717.9375, 0.0064, 0.0634, -0.0191, 143.6833, 120.3234, 717.9375, 0.0064, 0.0634, -0.0191, 60666
4308.2322, 142.1990, 119.7822, 711.7028, 0.0020, 0.0536, -0.0191, 142.1990, 119.7822, 711.7028, 0.0020, 0.0536, -0.0191, 60667
4308.2489, 143.8205, 120.2967, 718.3233, 0.0079, 0.0536, -0.0117, 143.8205, 120.2967, 718.3233, 0.0079, 0.0536, -0.0117, 60668
4308.2655, 143.3392, 120.3450, 716.9988, 0.0063, 0.0582, -0.0193, 143.3392, 120.3450, 716.9988, 0.0063, 0.0582, -0.0193, 60669
4308.2822, 142.6565, 119.8036, 713.5884, -0.0004, 0.0651, -0.0161, 142.6565, 119.8036, 713.5884, -0.0004, 0.0651, -0.0161, 60670
4308.2989, 142.6059, 119.9762, 712.8200, 0.0006, 0.0647, -0.0232, 142.6059, 119.9762, 712.8200, 0.0006, 0.0647, -0.0232, 60671
4308.3156, 143.0252, 120.0669, 715.4117, 0.0077, 0.0549, -0.0121, 143.0252, 120.0669, 715.4117, 0.0077, 0.0549, -0.0121, 60672
4308.3323, 142.3368, 119.9014, 711.4938, 0.0029, 0.0544, -0.0231, 142.3368, 119.9014, 711.4938, 0.0029, 0.0544, -0.0231, 60673
4308.3490, 142.4803, 119.8138, 712.9260, -0.0021, 0.0513, -0.0164, 142.4803, 119.8138, 712.9260, -0.0021, 0.0513, -0.0164, 60674
4308.3657, 141.9375, 119.4794, 710.3063, -0.0012, 0.0529, -0.0192, 141.9375, 119.4794, 710.3063, -0.0012, 0.0529, -0.0192, 60675
4308.3824, 142.0683, 119.5094, 710.8839, -0.0062, 0.0487, -0.0163, 142.0683, 119.5094, 710.8839, -0.0062, 0.0487, -0.0163, 60676
4308.3990, 142.6474, 119.9669, 713.8246, -0.0035, 0.0516, -0.0136, 142.6474, 119.9669, 713.8246, -0.0035, 0.0516, -0.0136, 60677
4308.4157, 141.0560, 119.0653, 706.5118, 0.0001, 0.0604, -0.0209, 141.0560, 119.0653, 706.5118, 0.0001, 0.0604, -0.0209, 60678
4308.4324, 143.6672, 120.1957, 717.4043, 0.0111, 0.0603, -0.0146, 143.6672, 120.1957, 717.4043, 0.0111, 0.0603, -0.0146, 60679
4308.4491, 142.5098, 119.8787, 712.8188, -0.0108, 0.0653, -0.0209, 142.5098, 119.8787, 712.8188, -0.0108, 0.0653, -0.0209, 60680
4308.4658, 141.9090, 119.4735, 710.1777, -0.0001, 0.0584, -0.0156, 141.9090, 119.4735, 710.1777, -0.0001, 0.0584, -0.0156, 60681
4308.4825, 142.6832, 120.1026, 713.7715, 0.0127, 0.0654, -0.0216, 142.6832, 120.1026, 713.7715, 0.0127, 0.0654, -0.0216, 60682
4308.4992, 142.7095, 119.9548, 713.3668, -0.0013, 0.0625, -0.0198, 142.7095, 119.9548, 713.3668, -0.0013, 0.0625, -0.0198, 60683
4308.5158, 142.0885, 119.5457, 710.1237, 0.0037, 0.0570, -0.0174, 142.0885, 119.5457, 710.1237, 0.0037, 0.0570, -0.0174, 60684
4308.5325, 142.7116, 119.8433, 713.7217, 0.0035, 0.0472, -0.0170, 142.7116, 119.8433, 713.7217, 0.0035, 0.0472, -0.0170, 60685
4308.5492, 142.5098, 119.7742, 712.6997, -0.0024, 0.0502, -0.0179, 142.5098, 119.7742, 712.6997, -0.0024, 0.0502, -0.0179, 60686
4308.5659, 142.7428, 119.8298, 714.3426, -0.0027, 0.0648, -0.0174, 142.7428, 119.8298, 714.3426, -0.0027, 0.0648, -0.0174, 60687
4308.5826, 142.0741, 119.7570, 710.5712, -0.0110, 0.0635, -0.0238, 142.0741, 119.7570, 710.5712, -0.0110, 0.0635, -0.0238, 60688
4308.5992, 143.4529, 120.1494, 716.9400, 0.0169, 0.0470, -0.0163, 143.4529, 120.1494, 716.9400, 0.0169, 0.0470, -0.0163, 60689
4308.6159, 141.9793, 119.3671, 709.9708, -0.0002, 0.0545, -0.0181, 141.9793, 119.3671, 709.9708, -0.0002, 0.0545, -0.0181, 60690
4308.6326, 142.5244, 119.9973, 713.7738, 0.0065, 0.0631, -0.0158, 142.5244, 119.9973, 713.7738, 0.0065, 0.0631, -0.0158, 60691
4308.6493, 143.1666, 120.3272, 715.1932, 0.0011, 0.0648, -0.0217, 143.1666, 120.3272, 715.1932, 0.0011, 0.0648, -0.0217, 60692
4308.6660, 143.9293, 120.4511, 718.6418, 0.0137, 0.0601, -0.0172, 143.9293, 120.4511, 718.6418, 0.0137, 0.0601, -0.0172, 60693
4308.6827, 142.1371, 119.9206, 711.1661, -0.0044, 0.0497, -0.0215, 142.1371, 119.9206, 711.1661, -0.0044, 0.0497, -0.0215, 60694
4308.6993, 143.0990, 119.9409, 715.4839, -0.0016, 0.0421, -0.0142, 143.0990, 119.9409, 715.4839, -0.0016, 0.0421, -0.0142, 60695
4308.7160, 141.6091, 119.5728, 708.7445, -0.0100, 0.0568, -0.0202, 141.6091, 119.5728, 708.7445, -0.0100, 0.0568, -0.0202, 60696
4308.7327, 142.7887, 119.9447, 714.7678, 0.0172, 0.0544, -0.0155, 142.7887, 119.9447, 714.7678, 0.0172, 0.0544, -0.0155, 60697
4308.7494, 142.3225, 119.8059, 711.8293, 0.0010, 0.0539, -0.0186, 142.3225, 119.8059, 711.8293, 0.0010, 0.0539, -0.0186, 60698
4308.7661, 142.8539, 120.0376, 714.2498, 0.0090, 0.0578, -0.0209, 142.8539, 120.0376, 714.2498, 0.0090, 0.0578, -0.0209, 60699
4308.7827, 143.0503, 119.9861, 714.7041, -0.0031, 0.0472, -0.0144, 143.0503, 119.9861, 714.7041, -0.0031, 0.0472, -0.0144, 60700
4308.7994, 141.9992, 119.6038, 710.8763, -0.0078, 0.0692, -0.0205, 141.9992, 119.6038, 710.8763, -0.0078, 0.0692, -0.0205, 60701
4308.8161, 142.6746, 120.0242, 713.0203, -0.0097, 0.0614, -0.0194, 142.6746, 120.0242, 713.0203, -0.0097, 0.0614, -0.0194, 60702
4308.8328, 142.8708, 119.9570, 713.6582, 0.0040, 0.0492, -0.0167, 142.8708, 119.9570, 713.6582, 0.0040, 0.0492, -0.0167, 60703
4308.8495, 142.5278, 119.8641, 712.9930, 0.0090, 0.0550, -0.0185, 142.5278, 119.8641, 712.9930, 0.0090, 0.0550, -0.0185, 60704
4308.8661, 143.0591, 120.0781, 715.7619, 0.0089, 0.0521, -0.0129, 143.0591, 120.0781, 715.7619, 0.0089, 0.0521, -0.0129, 60705
4308.8828, 141.9589, 119.6084, 710.2202, -0.0002, 0.0611, -0.0206, 141.9589, 119.6084, 710.2202, -0.0002, 0.0611, -0.0206, 60706
4308.8995, 142.8953, 119.9788, 714.3192, -0.0007, 0.0587, -0.0174, 142.8953, 119.9788, 714.3192, -0.0007, 0.0587, -0.0174, 60707
4308.9162, 142.8899, 120.0820, 714.5479, -0.0027, 0.0591, -0.0215, 142.8899, 120.0820, 714.5479, -0.0027, 0.0591, -0.0215, 60708
4308.9329, 143.3142, 120.2443, 717.1784, 0.0134, 0.0612, -0.0141, 143.3142, 120.2443, 717.1784, 0.0134, 0.0612, -0.0141, 60709
4308.9496, 142.2753, 119.8232, 711.0683, -0.0068, 0.0620, -0.0244, 142.2753, 119.8232, 711.0683, -0.0068, 0.0620, -0.0244, 60710
4308.9663, 142.6033, 119.7968, 713.7208, 0.0102, 0.0511, -0.0143, 142.6033, 119.7968, 713.7208, 0.0102, 0.0511, -0.0143, 60711
4308.9830, 142.7923, 120.1157, 713.8145, 0.0035, 0.0446, -0.0186, 142.7923, 120.1157, 713.8145, 0.0035, 0.0446, -0.0186, 60712
4308.9996, 143.8278, 120.3064, 718.2401, 0.0040, 0.0524, -0.0171, 143.8278, 120.3064, 718.2401, 0.0040, 0.0524, -0.0171, 60713
4309.0163, 143.4415, 120.3309, 717.1448, 0.0104, 0.0510, -0.0173, 143.4415, 120.3309, 717.1448, 0.0104, 0.0510, -0.0173, 60714
4309.0330, 142.7213, 119.8075, 713.3853, -0.0019, 0.0584, -0.0163, 142.7213, 119.8075, 713.3853, -0.0019, 0.0584, -0.0163, 60715
4309.0497, 141.6913, 119.6158, 709.6038, -0.0003, 0.0573, -0.0197, 141.6913, 119.6158, 709.6038, -0.0003, 0.0573, -0.0197, 60716
4309.0664, 143.4054, 120.1731, 716.9186, 0.0101, 0.0524, -0.0147, 143.4054, 120.1731, 716.9186, 0.0101, 0.0524, -0.0147, 60717
4309.0831, 142.2946, 119.8968, 712.0820, -0.0035, 0.0586, -0.0195, 142.2946, 119.8968, 712.0820, -0.0035, 0.0586, -0.0195, 60718
4309.0998, 142.6315, 119.7242, 712.5851, -0.0068, 0.0478, -0.0167, 142.6315, 119.7242, 712.5851, -0.0068, 0.0478, -0.0167, 60719
4309.1165, 143.3909, 120.1210, 716.1460, 0.0034, 0.0460, -0.0163, 143.3909, 120.1210, 716.1460, 0.0034, 0.0460, -0.0163, 60720
4309.1331, 142.8940, 119.9533, 714.1232, 0.0030, 0.0557, -0.0180, 142.8940, 119.9533, 714.1232, 0.0030, 0.0557, -0.0180, 60721
4309.1498, 143.3536, 120.1121, 717.0999, 0.0174, 0.0583, -0.0170, 143.3536, 120.1121, 717.0999, 0.0174, 0.0583, -0.0170, 60722
4309.1665, 142.9806, 120.1595, 715.0203, 0.0050, 0.0613, -0.0211, 142.9806, 120.1595, 715.0203, 0.0050, 0.0613, -0.0211, 60723
4309.1832, 142.8360, 119.9432, 714.7135, 0.0046, 0.0613, -0.0152, 142.8360, 119.9432, 714.7135, 0.0046, 0.0613, -0.0152, 60724
4309.1999, 142.4048, 119.9339, 712.0529, -0.0111, 0.0510, -0.0218, 142.4048, 119.9339, 712.0529, -0.0111, 0.0510, -0.0218, 60725
4309.2166, 143.1036, 119.8761, 715.9638, 0.0193, 0.0354, -0.0128, 143.1036, 119.8761, 715.9638, 0.0193, 0.0354, -0.0128, 60726
4309.2333, 142.8873, 119.9206, 714.4551, 0.0068, 0.0519, -0.0188, 142.8873, 119.9206, 714.4551, 0.0068, 0.0519, -0.0188, 60727
4309.2500, 142.9224, 119.9155, 713.8057, 0.0086, 0.0553, -0.0180, 142.9224, 119.9155, 713.8057, 0.0086, 0.0553, -0.0180, 60728
4309.2666, 143.7738, 120.3855, 717.9516, 0.0110, 0.0606, -0.0197, 143.7738, 120.3855, 717.9516, 0.0110, 0.0606, -0.0197, 60729
4309.2833, 142.5438, 119.9359, 712.5803, -0.0060, 0.0538, -0.0181, 142.5438, 119.9359, 712.5803, -0.0060, 0.0538, -0.0181, 60730
4309.3000, 142.3948, 119.9873, 712.8405, 0.0059, 0.0555, -0.0173, 142.3948, 119.9873, 712.8405, 0.0059, 0.0555, -0.0173, 60731
4309.3166, 143.3337, 120.1928, 717.1093, 0.0150, 0.0584, -0.0194, 143.3337, 120.1928, 717.1093, 0.0150, 0.0584, -0.0194, 60732
4309.3333, 142.9528, 120.1463, 714.8489, 0.0027, 0.0625, -0.0195, 142.9528, 120.1463, 714.8489, 0.0027, 0.0625, -0.0195, 60733
4309.3500, 142.8715, 119.9989, 714.9122, 0.0053, 0.0541, -0.0137, 142.8715, 119.9989, 714.9122, 0.0053, 0.0541, -0.0137, 60734
4309.3667, 143.0546, 120.1924, 715.3578, -0.0068, 0.0617, -0.0211, 143.0546, 120.1924, 715.3578, -0.0068, 0.0617, -0.0211, 60735
4309.3834, 143.3969, 120.3771, 716.7128, 0.0003, 0.0592, -0.0171, 143.3969, 120.3771, 716.7128, 0.0003, 0.0592, -0.0171, 60736
4309.4000, 142.1515, 119.7553, 711.9683, 0.0069, 0.0559, -0.0174, 142.1515, 119.7553, 711.9683, 0.0069, 0.0559, -0.0174, 60737
4309.4167, 143.0067, 119.9771, 715.0988, 0.0098, 0.0527, -0.0180, 143.0067, 119.9771, 715.0988, 0.0098, 0.0527, -0.0180, 60738
4309.4334, 143.1607, 120.1484, 715.3273, 0.0038, 0.0547, -0.0180, 143.1607, 120.1484, 715.3273, 0.0038, 0.0547, -0.0180, 60739
4309.4501, 142.3408, 119.5344, 712.2153, 0.0108, 0.0470, -0.0130, 142.3408, 119.5344, 712.2153, 0.0108, 0.0470, -0.0130, 60740
4309.4668, 143.1275, 120.0789, 714.8753, 0.0022, 0.0490, -0.0191, 143.1275, 120.0789, 714.8753, 0.0022, 0.0490, -0.0191, 60741
4309.4834, 142.6441, 119.7946, 713.5776, -0.0009, 0.0508, -0.0148, 142.6441, 119.7946, 713.5776, -0.0009, 0.0508, -0.0148, 60742
4309.5001, 142.9503, 120.0381, 715.0952, 0.0128, 0.0490, -0.0186, 142.9503, 120.0381, 715.0952, 0.0128, 0.0490, -0.0186, 60743
4309.5168, 143.4875, 120.2602, 717.6730, 0.0167, 0.0441, -0.0162, 143.4875, 120.2602, 717.6730, 0.0167, 0.0441, -0.0162, 60744
4309.5335, 142.6803, 119.9616, 713.9062, -0.0023, 0.0478, -0.0148, 142.6803, 119.9616, 713.9062, -0.0023, 0.0478, -0.0148, 60745
4309.5502, 141.5903, 119.4140, 708.5313, 0.0033, 0.0476, -0.0186, 141.5903, 119.4140, 708.5313, 0.0033, 0.0476, -0.0186, 60746
4309.5668, 142.5922, 119.7629, 712.6041, -0.0075, 0.0589, -0.0150, 142.5922, 119.7629, 712.6041, -0.0075, 0.0589, -0.0150, 60747
4309.5835, 143.4250, 120.5302, 717.3305, 0.0085, 0.0651, -0.0213, 143.4250, 120.5302, 717.3305, 0.0085, 0.0651, -0.0213, 60748
4309.6002, 142.5336, 119.6960, 712.6138, -0.0005, 0.0585, -0.0164, 142.5336, 119.6960, 712.6138, -0.0005, 0.0585, -0.0164, 60749
4309.6169, 142.0143, 119.8812, 711.4071, 0.0023, 0.0663, -0.0193, 142.0143, 119.8812, 711.4071, 0.0023, 0.0663, -0.0193, 60750
4309.6336, 144.2088, 120.5877, 720.4774, 0.0055, 0.0664, -0.0163, 144.2088, 120.5877, 720.4774, 0.0055, 0.0664, -0.0163, 60751
4309.6502, 142.8713, 120.1770, 714.8246, -0.0002, 0.0594, -0.0198, 142.8713, 120.1770, 714.8246, -0.0002, 0.0594, -0.0198, 60752
4309.6669, 143.0599, 120.0504, 715.1439, 0.0008, 0.0547, -0.0147, 143.0599, 120.0504, 715.1439, 0.0008, 0.0547, -0.0147, 60753
4309.6837, 142.6471, 120.0227, 713.0200, -0.0053, 0.0507, -0.0214, 142.6471, 120.0227, 713.0200, -0.0053, 0.0507, -0.0214, 60754
4309.7004, 144.0423, 120.4496, 719.8659, 0.0194, 0.0459, -0.0155, 144.0423, 120.4496, 719.8659, 0.0194, 0.0459, -0.0155, 60755
4309.7171, 141.4370, 119.3441, 708.8543, -0.0029, 0.0552, -0.0135, 141.4370, 119.3441, 708.8543, -0.0029, 0.0552, -0.0135, 60756
4309.7337, 141.6478, 119.3259, 708.8745, 0.0039, 0.0526, -0.0216, 141.6478, 119.3259, 708.8745, 0.0039, 0.0526, -0.0216, 60757
4309.7504, 143.0180, 120.0526, 715.4450, -0.0081, 0.0481, -0.0150, 143.0180, 120.0526, 715.4450, -0.0081, 0.0481, -0.0150, 60758
4309.7671, 142.6212, 119.6908, 712.8777, 0.0051, 0.0486, -0.0175, 142.6212, 119.6908, 712.8777, 0.0051, 0.0486, -0.0175, 60759
4309.7838, 142.4582, 119.7365, 712.5126, -0.0084, 0.0583, -0.0191, 142.4582, 119.7365, 712.5126, -0.0084, 0.0583, -0.0191, 60760
4309.8005, 142.5690, 119.9411, 713.3422, -0.0115, 0.0545, -0.0141, 142.5690, 119.9411, 713.3422, -0.0115, 0.0545, -0.0141, 60761
4309.8172, 143.1409, 120.1170, 714.8268, -0.0065, 0.0601, -0.0195, 143.1409, 120.1170, 714.8268, -0.0065, 0.0601, -0.0195, 60762
4309.8339, 143.3944, 120.2291, 715.8214, -0.0098, 0.0589, -0.0179, 143.3944, 120.2291, 715.8214, -0.0098, 0.0589, -0.0179, 60763
4309.8506, 142.8833, 120.1734, 714.0463, -0.0028, 0.0608, -0.0228, 142.8833, 120.1734, 714.0463, -0.0028, 0.0608, -0.0228, 60764
4309.8672, 143.0127, 119.9330, 714.0925, 0.0064, 0.0451, -0.0185, 143.0127, 119.9330, 714.0925, 0.0064, 0.0451, -0.0185, 60765
4309.8839, 142.5799, 119.7897, 713.3779, 0.0067, 0.0596, -0.0155, 142.5799, 119.7897, 713.3779, 0.0067, 0.0596, -0.0155, 60766
4309.9006, 142.4629, 119.9544, 713.2557, -0.0039, 0.0724, -0.0205, 142.4629, 119.9544, 713.2557, -0.0039, 0.0724, -0.0205, 60767
4309.9173, 142.4703, 120.1146, 712.7844, -0.0147, 0.0642, -0.0204, 142.4703, 120.1146, 712.7844, -0.0147, 0.0642, -0.0204, 60768
4309.9340, 142.1577, 119.4151, 711.3607, 0.0064, 0.0499, -0.0137, 142.1577, 119.4151, 711.3607, 0.0064, 0.0499, -0.0137, 60769
4309.9507, 142.7896, 119.8788, 714.1179, 0.0094, 0.0603, -0.0181, 142.7896, 119.8788, 714.1179, 0.0094, 0.0603, -0.0181, 60770
4309.9674, 143.0912, 120.1229, 715.3887, 0.0052, 0.0514, -0.0204, 143.0912, 120.1229, 715.3887, 0.0052, 0.0514, -0.0204, 60771
4309.9841, 142.7726, 119.9363, 714.2358, -0.0092, 0.0537, -0.0128, 142.7726, 119.9363, 714.2358, -0.0092, 0.0537, -0.0128, 60772
4310.0007, 141.6972, 119.5023, 708.7643, -0.0067, 0.0586, -0.0218, 141.6972, 119.5023, 708.7643, -0.0067, 0.0586, -0.0218, 60773
4310.0174, 143.6907, 120.2490, 718.3410, 0.0061, 0.0507, -0.0137, 143.6907, 120.2490, 718.3410, 0.0061, 0.0507, -0.0137, 60774
4310.0341, 142.4718, 119.7018, 712.5166, -0.0052, 0.0446, -0.0154, 142.4718, 119.7018, 712.5166, -0.0052, 0.0446, -0.0154, 60775
4310.0508, 142.8987, 120.0134, 714.6884, -0.0036, 0.0474, -0.0158, 142.8987, 120.0134, 714.6884, -0.0036, 0.0474, -0.0158, 60776
4310.0675, 142.4052, 119.6718, 712.3051, -0.0003, 0.0570, -0.0182, 142.4052, 119.6718, 712.3051, -0.0003, 0.0570, -0.0182, 60777
4310.0841, 142.4643, 119.6462, 712.4789, 0.0049, 0.0451, -0.0149, 142.4643, 119.6462, 712.4789, 0.0049, 0.0451, -0.0149, 60778
4310.1008, 142.7951, 119.7917, 713.1771, -0.0076, 0.0510, -0.0217, 142.7951, 119.7917, 713.1771, -0.0076, 0.0510, -0.0217, 60779
4310.1175, 142.9277, 120.0989, 715.4980, 0.0088, 0.0485, -0.0149, 142.9277, 120.0989, 715.4980, 0.0088, 0.0485, -0.0149, 60780
4310.1342, 142.5985, 119.9197, 713.4572, 0.0080, 0.0681, -0.0216, 142.5985, 119.9197, 713.4572, 0.0080, 0.0681, -0.0216, 60781
4310.1509, 143.2276, 120.2899, 716.7288, 0.0059, 0.0581, -0.0160, 143.2276, 120.2899, 716.7288, 0.0059, 0.0581, -0.0160, 60782
4310.1675, 142.2758, 119.5370, 711.6414, -0.0032, 0.0488, -0.0197, 142.2758, 119.5370, 711.6414, -0.0032, 0.0488, -0.0197, 60783
4310.1842, 142.5553, 119.7871, 713.2104, 0.0021, 0.0483, -0.0149, 142.5553, 119.7871, 713.2104, 0.0021, 0.0483, -0.0149, 60784
4310.2009, 142.1088, 119.4888, 710.7517, -0.0008, 0.0491, -0.0190, 142.1088, 119.4888, 710.7517, -0.0008, 0.0491, -0.0190, 60785
4310.2176, 142.5748, 119.6147, 712.8417, 0.0072, 0.0480, -0.0155, 142.5748, 119.6147, 712.8417, 0.0072, 0.0480, -0.0155, 60786
4310.2343, 143.4316, 120.1045, 716.9677, 0.0073, 0.0478, -0.0158, 143.4316, 120.1045, 716.9677, 0.0073, 0.0478, -0.0158, 60787
4310.2509, 143.3061, 120.1294, 716.0594, 0.0010, 0.0456, -0.0160, 143.3061, 120.1294, 716.0594, 0.0010, 0.0456, -0.0160, 60788
4310.2676, 143.1445, 119.9539, 715.6399, 0.0019, 0.0482, -0.0171, 143.1445, 119.9539, 715.6399, 0.0019, 0.0482, -0.0171, 60789
4310.2843, 143.3191, 120.1833, 716.2551, 0.0076, 0.0476, -0.0182, 143.3191, 120.1833, 716.2551, 0.0076, 0.0476, -0.0182, 60790
4310.3010, 142.9025, 119.9348, 715.0645, 0.0057, 0.0537, -0.0169, 142.9025, 119.9348, 715.0645, 0.0057, 0.0537, -0.0169, 60791
4310.3177, 143.0182, 120.0628, 714.6552, 0.0084, 0.0600, -0.0199, 143.0182, 120.0628, 714.6552, 0.0084, 0.0600, -0.0199, 60792
4310.3343, 143.2518, 120.1459, 715.9366, 0.0024, 0.0464, -0.0159, 143.2518, 120.1459, 715.9366, 0.0024, 0.0464, -0.0159, 60793
4310.3510, 142.0202, 119.6710, 711.1035, 0.0182, 0.0548, -0.0202, 142.0202, 119.6710, 711.1035, 0.0182, 0.0548, -0.0202, 60794
4310.3677, 143.2078, 119.9099, 715.8658, 0.0077, 0.0537, -0.0169, 143.2078, 119.9099, 715.8658, 0.0077, 0.0537, -0.0169, 60795
4310.3844, 143.5931, 120.2765, 717.1784, 0.0081, 0.0510, -0.0179, 143.5931, 120.2765, 717.1784, 0.0081, 0.0510, -0.0179, 60796
4310.4011, 142.2432, 119.6823, 711.6647, -0.0069, 0.0571, -0.0178, 142.2432, 119.6823, 711.6647, -0.0069, 0.0571, -0.0178, 60797
4310.4178, 141.9829, 119.5905, 710.8199, -0.0006, 0.0554, -0.0177, 141.9829, 119.5905, 710.8199, -0.0006, 0.0554, -0.0177, 60798
4310.4344, 142.6289, 119.8456, 713.1152, 0.0027, 0.0535, -0.0158, 142.6289, 119.8456, 713.1152, 0.0027, 0.0535, -0.0158, 60799
4310.4511, 143.4394, 120.2704, 716.9172, -0.0016, 0.0598, -0.0182, 143.4394, 120.2704, 716.9172, -0.0016, 0.0598, -0.0182, 60800
4310.4677, 142.6480, 120.0090, 713.1953, -0.0010, 0.0642, -0.0195, 142.6480, 120.0090, 713.1953, -0.0010, 0.0642, -0.0195, 60801
4310.4844, 142.9038, 119.9027, 714.7910, -0.0032, 0.0563, -0.0149, 142.9038, 119.9027, 714.7910, -0.0032, 0.0563, -0.0149, 60802
4310.5011, 142.5653, 119.9982, 713.2751, 0.0103, 0.0580, -0.0202, 142.5653, 119.9982, 713.2751, 0.0103, 0.0580, -0.0202, 60803
4310.5178, 142.8625, 119.7299, 713.7189, 0.0112, 0.0510, -0.0184, 142.8625, 119.7299, 713.7189, 0.0112, 0.0510, -0.0184, 60804
4310.5344, 142.0322, 119.5870, 711.2371, 0.0022, 0.0539, -0.0158, 142.0322, 119.5870, 711.2371, 0.0022, 0.0539, -0.0158, 60805
4310.5511, 142.7565, 120.0687, 713.7314, 0.0037, 0.0492, -0.0210, 142.7565, 120.0687, 713.7314, 0.0037, 0.0492, -0.0210, 60806
4310.5678, 143.6584, 120.2435, 717.5287, 0.0092, 0.0398, -0.0168, 143.6584, 120.2435, 717.5287, 0.0092, 0.0398, -0.0168, 60807
4310.5845, 143.5659, 120.1824, 716.7945, -0.0026, 0.0358, -0.0164, 143.5659, 120.1824, 716.7945, -0.0026, 0.0358, -0.0164, 60808
4310.6011, 143.1800, 119.9398, 714.7297, -0.0018, 0.0466, -0.0187, 143.1800, 119.9398, 714.7297, -0.0018, 0.0466, -0.0187, 60809
4310.6178, 142.3235, 119.6098, 712.0724, -0.0001, 0.0555, -0.0161, 142.3235, 119.6098, 712.0724, -0.0001, 0.0555, -0.0161, 60810
4310.6345, 142.5271, 120.0374, 713.1216, -0.0082, 0.0684, -0.0216, 142.5271, 120.0374, 713.1216, -0.0082, 0.0684, -0.0216, 60811
4310.6512, 142.9004, 120.1286, 714.4045, -0.0088, 0.0551, -0.0180, 142.9004, 120.1286, 714.4045, -0.0088, 0.0551, -0.0180, 60812
4310.6678, 142.7031, 120.0414, 714.6219, 0.0130, 0.0584, -0.0182, 142.7031, 120.0414, 714.6219, 0.0130, 0.0584, -0.0182, 60813
4310.6845, 143.5690, 120.3536, 718.0422, 0.0123, 0.0487, -0.0128, 143.5690, 120.3536, 718.0422, 0.0123, 0.0487, -0.0128, 60814
4310.7012, 142.0167, 119.6615, 710.3808, -0.0088, 0.0630, -0.0237, 142.0167, 119.6615, 710.3808, -0.0088, 0.0630, -0.0237, 60815
4310.7179, 143.0010, 119.9884, 715.1365, -0.0009, 0.0546, -0.0133, 143.0010, 119.9884, 715.1365, -0.0009, 0.0546, -0.0133, 60816
4310.7345, 142.0480, 119.8620, 710.6691, -0.0045, 0.0594, -0.0243, 142.0480, 119.8620, 710.6691, -0.0045, 0.0594, -0.0243, 60817
4310.7512, 143.3398, 120.1895, 716.6945, 0.0102, 0.0500, -0.0159, 143.3398, 120.1895, 716.6945, 0.0102, 0.0500, -0.0159, 60818
4310.7679, 142.6544, 119.9320, 714.5218, 0.0120, 0.0601, -0.0174, 142.6544, 119.9320, 714.5218, 0.0120, 0.0601, -0.0174, 60819
4310.7845, 142.4733, 119.6649, 712.6204, 0.0028, 0.0541, -0.0178, 142.4733, 119.6649, 712.6204, 0.0028, 0.0541, -0.0178, 60820
4310.8012, 143.5167, 120.2583, 716.8104, 0.0033, 0.0555, -0.0171, 143.5167, 120.2583, 716.8104, 0.0033, 0.0555, -0.0171, 60821
4310.8179, 143.2487, 120.1496, 715.3185, 0.0027, 0.0616, -0.0201, 143.2487, 120.1496, 715.3185, 0.0027, 0.0616, -0.0201, 60822
4310.8346, 142.5692, 120.1541, 713.2084, -0.0008, 0.0659, -0.0205, 142.5692, 120.1541, 713.2084, -0.0008, 0.0659, -0.0205, 60823
4310.8512, 141.4616, 119.1968, 708.4665, 0.0039, 0.0546, -0.0176, 141.4616, 119.1968, 708.4665, 0.0039, 0.0546, -0.0176, 60824
4310.8679, 142.0561, 119.5365, 710.2485, 0.0048, 0.0467, -0.0194, 142.0561, 119.5365, 710.2485, 0.0048, 0.0467, -0.0194, 60825
4310.8845, 142.6340, 119.7701, 713.1161, 0.0088, 0.0401, -0.0139, 142.6340, 119.7701, 713.1161, 0.0088, 0.0401, -0.0139, 60826
4310.9012, 143.0072, 119.9403, 715.0588, -0.0018, 0.0550, -0.0171, 143.0072, 119.9403, 715.0588, -0.0018, 0.0550, -0.0171, 60827
4310.9179, 142.1283, 119.9075, 711.9182, 0.0067, 0.0567, -0.0199, 142.1283, 119.9075, 711.9182, 0.0067, 0.0567, -0.0199, 60828
4310.9345, 142.6479, 119.6308, 713.0609, 0.0031, 0.0591, -0.0147, 142.6479, 119.6308, 713.0609, 0.0031, 0.0591, -0.0147, 60829
4310.9512, 142.3479, 119.8991, 712.4459, 0.0055, 0.0552, -0.0231, 142.3479, 119.8991, 712.4459, 0.0055, 0.0552, -0.0231, 60830
4310.9679, 143.4715, 120.1430, 716.5928, 0.0009, 0.0457, -0.0166, 143.4715, 120.1430, 716.5928, 0.0009, 0.0457, -0.0166, 60831
4310.9845, 142.8587, 119.9594, 714.3762, 0.0061, 0.0621, -0.0161, 142.8587, 119.9594, 714.3762, 0.0061, 0.0621, -0.0161, 60832
4311.0012, 143.0011, 120.0662, 715.3868, 0.0012, 0.0600, -0.0196, 143.0011, 120.0662, 715.3868, 0.0012, 0.0600, -0.0196, 60833
4311.0179, 143.6799, 120.3254, 717.6031, -0.0037, 0.0588, -0.0167, 143.6799, 120.3254, 717.6031, -0.0037, 0.0588, -0.0167, 60834
4311.0345, 142.1131, 119.7477, 710.9325, -0.0071, 0.0637, -0.0208, 142.1131, 119.7477, 710.9325, -0.0071, 0.0637, -0.0208, 60835
4311.0512, 143.2449, 120.1229, 716.7448, 0.0164, 0.0527, -0.0155, 143.2449, 120.1229, 716.7448, 0.0164, 0.0527, -0.0155, 60836
4311.0679, 142.9615, 120.1273, 714.5518, 0.0040, 0.0527, -0.0188, 142.9615, 120.1273, 714.5518, 0.0040, 0.0527, -0.0188, 60837
4311.0845, 143.4473, 120.1870, 716.3813, -0.0034, 0.0570, -0.0149, 143.4473, 120.1870, 716.3813, -0.0034, 0.0570, -0.0149, 60838
4311.1012, 142.2557, 119.6852, 711.2269, -0.0115, 0.0529, -0.0196, 142.2557, 119.6852, 711.2269, -0.0115, 0.0529, -0.0196, 60839
4311.1179, 142.9626, 120.0666, 714.9421, 0.0097, 0.0487, -0.0175, 142.9626, 120.0666, 714.9421, 0.0097, 0.0487, -0.0175, 60840
4311.1345, 143.2041, 120.0394, 716.1150, 0.0136, 0.0601, -0.0172, 143.2041, 120.0394, 716.1150, 0.0136, 0.0601, -0.0172, 60841
4311.1512, 142.5264, 119.7708, 712.7146, 0.0025, 0.0606, -0.0219, 142.5264, 119.7708, 712.7146, 0.0025, 0.0606, -0.0219, 60842
4311.1679, 142.6264, 119.8496, 713.5989, 0.0145, 0.0565, -0.0160, 142.6264, 119.8496, 713.5989, 0.0145, 0.0565, -0.0160, 60843
4311.1845, 142.7822, 119.7979, 713.5250, 0.0005, 0.0602, -0.0198, 142.7822, 119.7979, 713.5250, 0.0005, 0.0602, -0.0198, 60844
4311.2012, 142.4206, 119.7897, 712.3740, 0.0021, 0.0586, -0.0183, 142.4206, 119.7897, 712.3740, 0.0021, 0.0586, -0.0183, 60845
4311.2179, 144.0027, 120.5887, 719.4158, 0.0021, 0.0569, -0.0165, 144.0027, 120.5887, 719.4158, 0.0021, 0.0569, -0.0165, 60846
4311.2345, 142.5175, 119.9659, 713.2650, 0.0077, 0.0549, -0.0156, 142.5175, 119.9659, 713.2650, 0.0077, 0.0549, -0.0156, 60847
4311.2513, 141.7567, 119.1671, 708.7814, -0.0046, 0.0474, -0.0162, 141.7567, 119.1671, 708.7814, -0.0046, 0.0474, -0.0162, 60848
4311.2679, 142.1544, 119.8604, 711.4860, -0.0093, 0.0493, -0.0193, 142.1544, 119.8604, 711.4860, -0.0093, 0.0493, -0.0193, 60849
4311.2846, 143.6243, 120.1383, 717.8233, 0.0098, 0.0483, -0.0153, 143.6243, 120.1383, 717.8233, 0.0098, 0.0483, -0.0153, 60850
4311.3013, 142.6907, 120.0700, 713.9199, -0.0075, 0.0612, -0.0181, 142.6907, 120.0700, 713.9199, -0.0075, 0.0612, -0.0181, 60851
4311.3180, 143.4095, 120.1795, 716.7773, 0.0056, 0.0552, -0.0120, 143.4095, 120.1795, 716.7773, 0.0056, 0.0552, -0.0120, 60852
4311.3346, 143.4029, 120.1554, 716.8666, 0.0133, 0.0645, -0.0188, 143.4029, 120.1554, 716.8666, 0.0133, 0.0645, -0.0188, 60853
4311.3513, 142.4701, 119.9538, 712.9987, 0.0009, 0.0560, -0.0210, 142.4701, 119.9538, 712.9987, 0.0009, 0.0560, -0.0210, 60854
4311.3680, 142.0612, 119.5001, 711.4354, 0.0023, 0.0443, -0.0128, 142.0612, 119.5001, 711.4354, 0.0023, 0.0443, -0.0128, 60855
4311.3847, 142.7886, 120.1727, 713.7856, -0.0036, 0.0526, -0.0229, 142.7886, 120.1727, 713.7856, -0.0036, 0.0526, -0.0229, 60856
4311.4013, 143.1785, 120.0211, 714.9992, 0.0013, 0.0473, -0.0183, 143.1785, 120.0211, 714.9992, 0.0013, 0.0473, -0.0183, 60857
4311.4180, 142.9804, 120.0003, 714.0139, -0.0053, 0.0490, -0.0169, 142.9804, 120.0003, 714.0139, -0.0053, 0.0490, -0.0169, 60858
4311.4347, 142.5183, 119.7976, 713.2374, 0.0017, 0.0558, -0.0170, 142.5183, 119.7976, 713.2374, 0.0017, 0.0558, -0.0170, 60859
4311.4514, 142.2007, 119.6331, 710.6075, 0.0097, 0.0502, -0.0223, 142.2007, 119.6331, 710.6075, 0.0097, 0.0502, -0.0223, 60860
4311.4680, 142.8487, 120.0895, 714.8076, -0.0066, 0.0550, -0.0135, 142.8487, 120.0895, 714.8076, -0.0066, 0.0550, -0.0135, 60861
4311.4847, 141.9760, 119.6158, 710.1105, -0.0025, 0.0568, -0.0226, 141.9760, 119.6158, 710.1105, -0.0025, 0.0568, -0.0226, 60862
4311.5014, 142.2299, 119.3271, 710.7457, -0.0028, 0.0384, -0.0182, 142.2299, 119.3271, 710.7457, -0.0028, 0.0384, -0.0182, 60863
4311.5180, 141.6912, 119.3564, 709.4044, 0.0010, 0.0428, -0.0182, 141.6912, 119.3564, 709.4044, 0.0010, 0.0428, -0.0182, 60864
4311.5347, 142.1851, 119.7072, 711.5456, -0.0045, 0.0513, -0.0174, 142.1851, 119.7072, 711.5456, -0.0045, 0.0513, -0.0174, 60865
4311.5514, 142.3980, 119.6843, 711.8109, -0.0105, 0.0495, -0.0161, 142.3980, 119.6843, 711.8109, -0.0105, 0.0495, -0.0161, 60866
4311.5681, 141.6590, 119.3864, 708.6616, -0.0044, 0.0437, -0.0208, 141.6590, 119.3864, 708.6616, -0.0044, 0.0437, -0.0208, 60867
4311.5847, 143.2130, 120.0159, 715.7252, -0.0078, 0.0390, -0.0135, 143.2130, 120.0159, 715.7252, -0.0078, 0.0390, -0.0135, 60868
4311.6014, 142.0865, 119.5753, 710.1867, -0.0076, 0.0521, -0.0199, 142.0865, 119.5753, 710.1867, -0.0076, 0.0521, -0.0199, 60869
4311.6181, 143.3599, 120.0431, 716.5535, 0.0120, 0.0562, -0.0166, 143.3599, 120.0431, 716.5535, 0.0120, 0.0562, -0.0166, 60870
4311.6348, 143.3231, 120.3138, 716.6225, 0.0171, 0.0652, -0.0207, 143.3231, 120.3138, 716.6225, 0.0171, 0.0652, -0.0207, 60871
4311.6515, 144.0889, 120.5296, 720.1130, 0.0100, 0.0600, -0.0128, 144.0889, 120.5296, 720.1130, 0.0100, 0.0600, -0.0128, 60872
4311.6682, 141.8614, 119.5105, 710.0845, -0.0061, 0.0569, -0.0222, 141.8614, 119.5105, 710.0845, -0.0061, 0.0569, -0.0222, 60873
4311.6849, 143.5752, 120.2817, 717.0305, 0.0025, 0.0490, -0.0158, 143.5752, 120.2817, 717.0305, 0.0025, 0.0490, -0.0158, 60874
4311.7016, 142.7406, 119.9577, 713.8194, 0.0104, 0.0512, -0.0183, 142.7406, 119.9577, 713.8194, 0.0104, 0.0512, -0.0183, 60875
4311.7183, 143.2371, 120.0798, 716.7249, 0.0141, 0.0523, -0.0175, 143.2371, 120.0798, 716.7249, 0.0141, 0.0523, -0.0175, 60876
4311.7349, 142.1732, 119.5545, 711.8137, 0.0016, 0.0543, -0.0160, 142.1732, 119.5545, 711.8137, 0.0016, 0.0543, -0.0160, 60877
4311.7516, 142.4029, 119.8307, 711.8929, -0.0158, 0.0600, -0.0180, 142.4029, 119.8307, 711.8929, -0.0158, 0.0600, -0.0180, 60878
4311.7683, 142.8229, 119.9418, 713.0861, -0.0070, 0.0392, -0.0177, 142.8229, 119.9418, 713.0861, -0.0070, 0.0392, -0.0177, 60879
4311.7850, 143.4100, 119.9390, 716.2085, 0.0033, 0.0520, -0.0178, 143.4100, 119.9390, 716.2085, 0.0033, 0.0520, -0.0178, 60880
4311.8017, 142.7125, 120.0696, 713.4484, -0.0043, 0.0636, -0.0193, 142.7125, 120.0696, 713.4484, -0.0043, 0.0636, -0.0193, 60881
4311.8183, 142.6083, 119.9824, 712.8004, -0.0034, 0.0634, -0.0223, 142.6083, 119.9824, 712.8004, -0.0034, 0.0634, -0.0223, 60882
4311.8350, 142.3672, 119.7112, 712.9628, 0.0039, 0.0578, -0.0142, 142.3672, 119.7112, 712.9628, 0.0039, 0.0578, -0.0142, 60883
4311.8517, 142.3997, 119.9554, 711.8460, -0.0085, 0.0489, -0.0215, 142.3997, 119.9554, 711.8460, -0.0085, 0.0489, -0.0215, 60884
4311.8684, 142.4187, 119.6601, 711.9777, 0.0006, 0.0419, -0.0169, 142.4187, 119.6601, 711.9777, 0.0006, 0.0419, -0.0169, 60885
4311.8851, 143.0086, 120.0954, 714.4299, 0.0006, 0.0519, -0.0175, 143.0086, 120.0954, 714.4299, 0.0006, 0.0519, -0.0175, 60886
4311.9017, 142.3648, 119.6306, 712.7048, 0.0135, 0.0500, -0.0169, 142.3648, 119.6306, 712.7048, 0.0135, 0.0500, -0.0169, 60887
4311.9184, 142.5236, 119.8058, 712.6285, -0.0001, 0.0438, -0.0189, 142.5236, 119.8058, 712.6285, -0.0001, 0.0438, -0.0189, 60888
4311.9351, 143.1129, 120.0011, 715.7667, 0.0082, 0.0545, -0.0145, 143.1129, 120.0011, 715.7667, 0.0082, 0.0545, -0.0145, 60889
4311.9518, 143.2657, 120.1872, 715.6757, -0.0008, 0.0618, -0.0201, 143.2657, 120.1872, 715.6757, -0.0008, 0.0618, -0.0201, 60890
4311.9685, 143.2826, 120.3590, 715.7897, -0.0036, 0.0674, -0.0194, 143.2826, 120.3590, 715.7897, -0.0036, 0.0674, -0.0194, 60891
4311.9851, 142.5712, 119.9993, 714.7960, 0.0046, 0.0675, -0.0161, 142.5712, 119.9993, 714.7960, 0.0046, 0.0675, -0.0161, 60892
4312.0018, 142.5544, 119.8766, 712.7832, -0.0008, 0.0522, -0.0193, 142.5544, 119.8766, 712.7832, -0.0008, 0.0522, -0.0193, 60893
4312.0185, 142.3982, 119.7723, 712.1014, 0.0089, 0.0390, -0.0145, 142.3982, 119.7723, 712.1014, 0.0089, 0.0390, -0.0145, 60894
4312.0353, 143.3419, 120.1157, 716.3676, -0.0027, 0.0468, -0.0170, 143.3419, 120.1157, 716.3676, -0.0027, 0.0468, -0.0170, 60895
4312.0520, 142.5230, 119.9310, 712.7940, 0.0007, 0.0566, -0.0163, 142.5230, 119.9310, 712.7940, 0.0007, 0.0566, -0.0163, 60896
4312.0687, 143.1682, 120.1267, 716.0582, 0.0028, 0.0558, -0.0186, 143.1682, 120.1267, 716.0582, 0.0028, 0.0558, -0.0186, 60897
4312.0853, 141.7500, 119.4843, 709.3504, 0.0040, 0.0487, -0.0178, 141.7500, 119.4843, 709.3504, 0.0040, 0.0487, -0.0178, 60898
4312.1020, 141.9790, 119.3860, 710.2497, 0.0071, 0.0514, -0.0173, 141.9790, 119.3860, 710.2497, 0.0071, 0.0514, -0.0173, 60899
4312.1187, 141.7163, 119.5047, 708.8710, -0.0102, 0.0523, -0.0220, 141.7163, 119.5047, 708.8710, -0.0102, 0.0523, -0.0220, 60900
4312.1354, 143.6063, 120.3060, 717.7841, 0.0140, 0.0505, -0.0168, 143.6063, 120.3060, 717.7841, 0.0140, 0.0505, -0.0168, 60901
4312.1521, 143.2587, 120.2501, 716.3315, 0.0043, 0.0518, -0.0173, 143.2587, 120.2501, 716.3315, 0.0043, 0.0518, -0.0173, 60902
4312.1688, 143.5888, 120.2064, 718.3748, 0.0215, 0.0625, -0.0158, 143.5888, 120.2064, 718.3748, 0.0215, 0.0625, -0.0158, 60903
4312.1855, 144.1414, 120.5625, 719.6684, 0.0112, 0.0601, -0.0194, 144.1414, 120.5625, 719.6684, 0.0112, 0.0601, -0.0194, 60904
4312.2022, 142.4188, 119.7452, 712.7094, -0.0053, 0.0488, -0.0151, 142.4188, 119.7452, 712.7094, -0.0053, 0.0488, -0.0151, 60905
4312.2188, 140.6198, 118.8871, 704.1662, 0.0086, 0.0496, -0.0208, 140.6198, 118.8871, 704.1662, 0.0086, 0.0496, -0.0208, 60906
4312.2355, 142.9057, 119.8332, 714.7418, 0.0038, 0.0536, -0.0146, 142.9057, 119.8332, 714.7418, 0.0038, 0.0536, -0.0146, 60907
4312.2522, 142.5036, 119.7857, 712.8516, 0.0112, 0.0596, -0.0210, 142.5036, 119.7857, 712.8516, 0.0112, 0.0596, -0.0210, 60908
4312.2689, 143.2940, 120.0364, 715.9280, 0.0027, 0.0567, -0.0148, 143.2940, 120.0364, 715.9280, 0.0027, 0.0567, -0.0148, 60909
4312.2856, 142.0600, 119.5899, 710.9316, 0.0009, 0.0577, -0.0226, 142.0600, 119.5899, 710.9316, 0.0009, 0.0577, -0.0226, 60910
4312.3023, 142.4685, 119.5775, 712.1844, 0.0028, 0.0488, -0.0137, 142.4685, 119.5775, 712.1844, 0.0028, 0.0488, -0.0137, 60911
4312.3190, 142.7250, 119.9095, 712.6460, 0.0041, 0.0620, -0.0214, 142.7250, 119.9095, 712.6460, 0.0041, 0.0620, -0.0214, 60912
4312.3357, 142.5991, 119.7878, 712.7148, -0.0058, 0.0610, -0.0163, 142.5991, 119.7878, 712.7148, -0.0058, 0.0610, -0.0163, 60913
4312.3523, 142.1787, 119.8267, 711.0657, -0.0014, 0.0564, -0.0228, 142.1787, 119.8267, 711.0657, -0.0014, 0.0564, -0.0228, 60914
4312.3690, 143.1478, 119.9858, 715.4071, -0.0015, 0.0469, -0.0150, 143.1478, 119.9858, 715.4071, -0.0015, 0.0469, -0.0150, 60915
4312.3857, 142.8413, 119.9016, 714.5998, 0.0069, 0.0583, -0.0201, 142.8413, 119.9016, 714.5998, 0.0069, 0.0583, -0.0201, 60916
4312.4024, 141.9581, 119.5283, 710.5822, 0.0029, 0.0525, -0.0166, 141.9581, 119.5283, 710.5822, 0.0029, 0.0525, -0.0166, 60917
4312.4191, 142.2913, 119.4594, 711.5751, 0.0091, 0.0394, -0.0165, 142.2913, 119.4594, 711.5751, 0.0091, 0.0394, -0.0165, 60918
4312.4357, 143.2724, 120.0409, 715.9316, -0.0026, 0.0443, -0.0142, 143.2724, 120.0409, 715.9316, -0.0026, 0.0443, -0.0142, 60919
4312.4524, 144.1746, 120.4377, 719.6882, 0.0143, 0.0504, -0.0165, 144.1746, 120.4377, 719.6882, 0.0143, 0.0504, -0.0165, 60920
4312.4691, 143.0743, 120.2099, 715.0195, 0.0026, 0.0563, -0.0187, 143.0743, 120.2099, 715.0195, 0.0026, 0.0563, -0.0187, 60921
4312.4858, 141.8858, 119.5556, 710.4500, 0.0022, 0.0549, -0.0199, 141.8858, 119.5556, 710.4500, 0.0022, 0.0549, -0.0199, 60922
4312.5025, 142.7490, 119.9988, 714.1533, 0.0117, 0.0590, -0.0184, 142.7490, 119.9988, 714.1533, 0.0117, 0.0590, -0.0184, 60923
4312.5192, 142.2416, 119.6958, 711.9086, 0.0082, 0.0674, -0.0166, 142.2416, 119.6958, 711.9086, 0.0082, 0.0674, -0.0166, 60924
4312.5358, 142.1316, 120.0267, 711.6168, -0.0095, 0.0565, -0.0232, 142.1316, 120.0267, 711.6168, -0.0095, 0.0565, -0.0232, 60925
4312.5525, 142.9003, 119.7359, 714.1114, 0.0121, 0.0384, -0.0169, 142.9003, 119.7359, 714.1114, 0.0121, 0.0384, -0.0169, 60926
4312.5692, 142.5301, 119.7188, 713.5496, -0.0015, 0.0474, -0.0155, 142.5301, 119.7188, 713.5496, -0.0015, 0.0474, -0.0155, 60927
4312.5859, 142.8409, 119.8678, 713.5499, 0.0055, 0.0533, -0.0193, 142.8409, 119.8678, 713.5499, 0.0055, 0.0533, -0.0193, 60928
4312.6026, 143.0962, 120.0295, 715.0246, 0.0055, 0.0474, -0.0184, 143.0962, 120.0295, 715.0246, 0.0055, 0.0474, -0.0184, 60929
4312.6192, 142.4650, 119.6719, 713.2041, 0.0114, 0.0522, -0.0162, 142.4650, 119.6719, 713.2041, 0.0114, 0.0522, -0.0162, 60930
4312.6359, 142.2888, 119.7815, 711.7684, -0.0015, 0.0629, -0.0172, 142.2888, 119.7815, 711.7684, -0.0015, 0.0629, -0.0172, 60931
4312.6526, 142.7847, 119.9988, 713.8192, -0.0002, 0.0672, -0.0251, 142.7847, 119.9988, 713.8192, -0.0002, 0.0672, -0.0251, 60932
4312.6693, 142.7919, 119.7549, 713.3812, 0.0079, 0.0540, -0.0161, 142.7919, 119.7549, 713.3812, 0.0079, 0.0540, -0.0161, 60933
4312.6860, 142.8426, 119.9925, 714.6332, 0.0068, 0.0565, -0.0157, 142.8426, 119.9925, 714.6332, 0.0068, 0.0565, -0.0157, 60934
4312.7026, 143.2985, 120.2089, 716.4114, 0.0143, 0.0581, -0.0203, 143.2985, 120.2089, 716.4114, 0.0143, 0.0581, -0.0203, 60935
4312.7193, 143.3593, 120.0388, 715.7488, 0.0080, 0.0447, -0.0154, 143.3593, 120.0388, 715.7488, 0.0080, 0.0447, -0.0154, 60936
4312.7360, 142.1287, 119.5561, 710.9271, -0.0010, 0.0522, -0.0170, 142.1287, 119.5561, 710.9271, -0.0010, 0.0522, -0.0170, 60937
4312.7527, 142.7183, 120.0760, 714.6664, 0.0105, 0.0566, -0.0206, 142.7183, 120.0760, 714.6664, 0.0105, 0.0566, -0.0206, 60938
4312.7694, 143.2794, 120.2324, 717.6625, 0.0248, 0.0480, -0.0109, 143.2794, 120.2324, 717.6625, 0.0248, 0.0480, -0.0109, 60939
4312.7860, 142.6753, 119.8894, 713.2374, -0.0037, 0.0500, -0.0181, 142.6753, 119.8894, 713.2374, -0.0037, 0.0500, -0.0181, 60940
4312.8027, 143.1653, 119.9539, 715.6342, 0.0052, 0.0469, -0.0169, 143.1653, 119.9539, 715.6342, 0.0052, 0.0469, -0.0169, 60941
4312.8194, 141.9423, 119.5430, 709.9189, -0.0121, 0.0552, -0.0193, 141.9423, 119.5430, 709.9189, -0.0121, 0.0552, -0.0193, 60942
4312.8361, 142.8992, 120.0028, 714.7321, 0.0097, 0.0570, -0.0172, 142.8992, 120.0028, 714.7321, 0.0097, 0.0570, -0.0172, 60943
4312.8528, 142.9438, 120.1239, 714.0383, -0.0115, 0.0593, -0.0189, 142.9438, 120.1239, 714.0383, -0.0115, 0.0593, -0.0189, 60944
4312.8695, 142.2895, 119.6975, 712.0493, 0.0132, 0.0631, -0.0202, 142.2895, 119.6975, 712.0493, 0.0132, 0.0631, -0.0202, 60945
4312.8862, 142.6903, 120.0015, 713.9586, 0.0024, 0.0622, -0.0194, 142.6903, 120.0015, 713.9586, 0.0024, 0.0622, -0.0194, 60946
4312.9029, 143.4269, 120.3457, 717.3444, 0.0068, 0.0516, -0.0141, 143.4269, 120.3457, 717.3444, 0.0068, 0.0516, -0.0141, 60947
4312.9196, 142.4904, 119.8142, 712.5620, 0.0070, 0.0549, -0.0200, 142.4904, 119.8142, 712.5620, 0.0070, 0.0549, -0.0200, 60948
4312.9363, 142.7773, 119.8645, 714.1342, -0.0039, 0.0532, -0.0145, 142.7773, 119.8645, 714.1342, -0.0039, 0.0532, -0.0145, 60949
4312.9529, 142.3239, 119.5465, 710.4930, -0.0016, 0.0438, -0.0222, 142.3239, 119.5465, 710.4930, -0.0016, 0.0438, -0.0222, 60950
4312.9696, 142.4286, 119.8273, 713.1258, -0.0087, 0.0446, -0.0140, 142.4286, 119.8273, 713.1258, -0.0087, 0.0446, -0.0140, 60951
4312.9863, 142.4468, 119.6640, 712.4450, 0.0079, 0.0390, -0.0150, 142.4468, 119.6640, 712.4450, 0.0079, 0.0390, -0.0150, 60952
4313.0030, 142.4249, 119.8108, 712.5979, 0.0118, 0.0473, -0.0195, 142.4249, 119.8108, 712.5979, 0.0118, 0.0473, -0.0195, 60953
4313.0197, 142.5251, 119.6944, 712.9091, -0.0003, 0.0514, -0.0144, 142.5251, 119.6944, 712.9091, -0.0003, 0.0514, -0.0144, 60954
4313.0364, 142.2520, 119.8447, 712.0101, -0.0029, 0.0658, -0.0191, 142.2520, 119.8447, 712.0101, -0.0029, 0.0658, -0.0191, 60955
4313.0531, 142.9947, 120.0770, 714.6242, 0.0031, 0.0530, -0.0172, 142.9947, 120.0770, 714.6242, 0.0031, 0.0530, -0.0172, 60956
4313.0698, 142.2498, 119.5661, 711.9276, 0.0052, 0.0507, -0.0164, 142.2498, 119.5661, 711.9276, 0.0052, 0.0507, -0.0164, 60957
4313.0864, 141.4932, 119.4251, 708.2343, -0.0051, 0.0532, -0.0183, 141.4932, 119.4251, 708.2343, -0.0051, 0.0532, -0.0183, 60958
4313.1031, 141.7454, 119.4765, 709.1310, -0.0045, 0.0578, -0.0215, 141.7454, 119.4765, 709.1310, -0.0045, 0.0578, -0.0215, 60959
4313.1198, 143.4722, 120.2495, 716.9563, -0.0007, 0.0499, -0.0151, 143.4722, 120.2495, 716.9563, -0.0007, 0.0499, -0.0151, 60960
4313.1365, 142.3456, 119.6820, 712.0499, 0.0087, 0.0554, -0.0207, 142.3456, 119.6820, 712.0499, 0.0087, 0.0554, -0.0207, 60961
4313.1532, 142.4201, 119.6476, 712.5076, -0.0076, 0.0464, -0.0126, 142.4201, 119.6476, 712.5076, -0.0076, 0.0464, -0.0126, 60962
4313.1699, 142.3283, 119.6726, 711.6623, -0.0025, 0.0540, -0.0168, 142.3283, 119.6726, 711.6623, -0.0025, 0.0540, -0.0168, 60963
4313.1866, 142.5742, 120.0803, 713.1099, -0.0129, 0.0579, -0.0198, 142.5742, 120.0803, 713.1099, -0.0129, 0.0579, -0.0198, 60964
4313.2033, 142.6508, 119.7600, 712.7104, -0.0027, 0.0439, -0.0150, 142.6508, 119.7600, 712.7104, -0.0027, 0.0439, -0.0150, 60965
4313.2199, 142.5450, 119.8327, 713.1867, 0.0072, 0.0456, -0.0179, 142.5450, 119.8327, 713.1867, 0.0072, 0.0456, -0.0179, 60966
4313.2366, 142.8556, 119.9408, 714.3630, 0.0096, 0.0511, -0.0157, 142.8556, 119.9408, 714.3630, 0.0096, 0.0511, -0.0157, 60967
4313.2533, 143.5629, 120.2299, 717.6589, 0.0103, 0.0582, -0.0172, 143.5629, 120.2299, 717.6589, 0.0103, 0.0582, -0.0172, 60968
4313.2700, 142.5126, 120.0747, 713.1901, -0.0034, 0.0658, -0.0219, 142.5126, 120.0747, 713.1901, -0.0034, 0.0658, -0.0219, 60969
4313.2867, 144.2374, 120.6819, 721.0635, 0.0120, 0.0606, -0.0141, 144.2374, 120.6819, 721.0635, 0.0120, 0.0606, -0.0141, 60970
4313.3034, 142.8832, 120.2740, 714.8571, 0.0003, 0.0620, -0.0198, 142.8832, 120.2740, 714.8571, 0.0003, 0.0620, -0.0198, 60971
4313.3201, 142.0094, 119.5962, 710.9027, -0.0045, 0.0578, -0.0195, 142.0094, 119.5962, 710.9027, -0.0045, 0.0578, -0.0195, 60972
4313.3368, 142.8869, 120.0165, 714.4617, -0.0028, 0.0545, -0.0172, 142.8869, 120.0165, 714.4617, -0.0028, 0.0545, -0.0172, 60973
4313.3534, 142.6648, 119.9742, 712.6451, 0.0028, 0.0505, -0.0205, 142.6648, 119.9742, 712.6451, 0.0028, 0.0505, -0.0205, 60974
4313.3701, 142.2957, 119.7141, 712.5286, 0.0011, 0.0501, -0.0126, 142.2957, 119.7141, 712.5286, 0.0011, 0.0501, -0.0126, 60975
4313.3868, 142.1463, 119.8457, 711.7394, 0.0030, 0.0618, -0.0224, 142.1463, 119.8457, 711.7394, 0.0030, 0.0618, -0.0224, 60976
4313.4035, 142.6933, 119.8013, 713.7863, -0.0036, 0.0598, -0.0143, 142.6933, 119.8013, 713.7863, -0.0036, 0.0598, -0.0143, 60977
4313.4202, 143.1543, 120.2186, 715.4355, -0.0023, 0.0555, -0.0219, 143.1543, 120.2186, 715.4355, -0.0023, 0.0555, -0.0219, 60978
4313.4369, 142.6600, 119.9210, 713.0300, 0.0019, 0.0493, -0.0178, 142.6600, 119.9210, 713.0300, 0.0019, 0.0493, -0.0178, 60979
4313.4536, 142.7931, 119.7972, 713.7835, -0.0041, 0.0458, -0.0161, 142.7931, 119.7972, 713.7835, -0.0041, 0.0458, -0.0161, 60980
4313.4703, 142.8749, 119.9477, 714.2832, -0.0057, 0.0418, -0.0169, 142.8749, 119.9477, 714.2832, -0.0057, 0.0418, -0.0169, 60981
4313.4869, 141.5314, 119.3501, 708.5020, 0.0020, 0.0562, -0.0195, 141.5314, 119.3501, 708.5020, 0.0020, 0.0562, -0.0195, 60982
4313.5036, 142.6325, 119.7899, 713.0683, -0.0000, 0.0623, -0.0168, 142.6325, 119.7899, 713.0683, -0.0000, 0.0623, -0.0168, 60983
4313.5203, 142.5244, 120.0236, 713.0505, -0.0059, 0.0726, -0.0200, 142.5244, 120.0236, 713.0505, -0.0059, 0.0726, -0.0200, 60984
4313.5370, 142.5958, 119.9204, 713.1763, -0.0057, 0.0625, -0.0174, 142.5958, 119.9204, 713.1763, -0.0057, 0.0625, -0.0174, 60985
4313.5537, 142.7442, 119.9849, 714.0696, 0.0162, 0.0592, -0.0201, 142.7442, 119.9849, 714.0696, 0.0162, 0.0592, -0.0201, 60986
4313.5704, 142.9940, 119.9767, 715.7237, 0.0117, 0.0581, -0.0178, 142.9940, 119.9767, 715.7237, 0.0117, 0.0581, -0.0178, 60987
4313.5871, 143.4170, 120.4572, 716.7183, -0.0047, 0.0591, -0.0235, 143.4170, 120.4572, 716.7183, -0.0047, 0.0591, -0.0235, 60988
4313.6038, 142.6764, 119.8168, 714.2056, 0.0097, 0.0471, -0.0115, 142.6764, 119.8168, 714.2056, 0.0097, 0.0471, -0.0115, 60989
4313.6203, 141.8745, 119.6746, 709.8416, -0.0110, 0.0567, -0.0192, 141.8745, 119.6746, 709.8416, -0.0110, 0.0567, -0.0192, 60990
4313.6370, 142.7175, 119.8513, 713.3519, 0.0029, 0.0580, -0.0185, 142.7175, 119.8513, 713.3519, 0.0029, 0.0580, -0.0185, 60991
4313.6537, 143.8149, 120.4987, 718.6484, 0.0075, 0.0556, -0.0158, 143.8149, 120.4987, 718.6484, 0.0075, 0.0556, -0.0158, 60992
4313.6704, 143.0505, 120.1480, 715.8992, 0.0073, 0.0676, -0.0197, 143.0505, 120.1480, 715.8992, 0.0073, 0.0676, -0.0197, 60993
4313.6870, 143.3695, 120.3251, 716.5940, 0.0020, 0.0617, -0.0192, 143.3695, 120.3251, 716.5940, 0.0020, 0.0617, -0.0192, 60994
4313.7037, 142.5064, 119.7743, 712.9759, -0.0052, 0.0556, -0.0179, 142.5064, 119.7743, 712.9759, -0.0052, 0.0556, -0.0179, 60995
4313.7204, 142.2821, 119.7138, 711.7431, -0.0054, 0.0687, -0.0175, 142.2821, 119.7138, 711.7431, -0.0054, 0.0687, -0.0175, 60996
4313.7371, 142.9964, 120.1962, 714.5845, 0.0109, 0.0558, -0.0217, 142.9964, 120.1962, 714.5845, 0.0109, 0.0558, -0.0217, 60997
4313.7538, 142.8909, 119.9099, 715.1779, 0.0197, 0.0531, -0.0166, 142.8909, 119.9099, 715.1779, 0.0197, 0.0531, -0.0166, 60998
4313.7704, 142.2167, 119.9053, 711.3885, -0.0030, 0.0623, -0.0253, 142.2167, 119.9053, 711.3885, -0.0030, 0.0623, -0.0253, 60999
4313.7871, 143.8047, 120.2455, 718.7612, 0.0177, 0.0444, -0.0111, 143.8047, 120.2455, 718.7612, 0.0177, 0.0444, -0.0111, 61000
4313.8038, 142.7043, 119.8591, 713.6337, -0.0024, 0.0511, -0.0175, 142.7043, 119.8591, 713.6337, -0.0024, 0.0511, -0.0175, 61001
4313.8205, 142.8040, 119.9842, 713.7778, -0.0067, 0.0512, -0.0140, 142.8040, 119.9842, 713.7778, -0.0067, 0.0512, -0.0140, 61002
4313.8372, 141.8574, 119.7144, 709.8117, -0.0021, 0.0488, -0.0214, 141.8574, 119.7144, 709.8117, -0.0021, 0.0488, -0.0214, 61003
4313.8538, 142.8654, 119.7925, 714.0733, 0.0014, 0.0330, -0.0142, 142.8654, 119.7925, 714.0733, 0.0014, 0.0330, -0.0142, 61004
4313.8705, 142.5219, 119.5695, 712.1187, 0.0006, 0.0442, -0.0176, 142.5219, 119.5695, 712.1187, 0.0006, 0.0442, -0.0176, 61005
4313.8872, 142.0575, 119.7083, 712.0320, 0.0045, 0.0542, -0.0156, 142.0575, 119.7083, 712.0320, 0.0045, 0.0542, -0.0156, 61006
4313.9039, 141.8863, 119.6704, 709.7249, -0.0105, 0.0613, -0.0208, 141.8863, 119.6704, 709.7249, -0.0105, 0.0613, -0.0208, 61007
4313.9206, 142.4068, 119.8001, 712.5825, 0.0047, 0.0523, -0.0164, 142.4068, 119.8001, 712.5825, 0.0047, 0.0523, -0.0164, 61008
4313.9373, 142.8821, 119.9408, 714.7620, 0.0154, 0.0491, -0.0168, 142.8821, 119.9408, 714.7620, 0.0154, 0.0491, -0.0168, 61009
4313.9539, 142.8832, 119.8451, 713.7657, -0.0090, 0.0488, -0.0160, 142.8832, 119.8451, 713.7657, -0.0090, 0.0488, -0.0160, 61010
4313.9706, 142.4637, 119.9207, 712.3737, -0.0061, 0.0569, -0.0190, 142.4637, 119.9207, 712.3737, -0.0061, 0.0569, -0.0190, 61011
4313.9873, 143.2207, 120.1044, 715.6872, 0.0084, 0.0602, -0.0198, 143.2207, 120.1044, 715.6872, 0.0084, 0.0602, -0.0198, 61012
4314.0039, 143.2296, 120.0159, 716.2352, 0.0167, 0.0618, -0.0154, 143.2296, 120.0159, 716.2352, 0.0167, 0.0618, -0.0154, 61013
4314.0206, 142.5512, 119.8338, 712.3238, -0.0069, 0.0562, -0.0200, 142.5512, 119.8338, 712.3238, -0.0069, 0.0562, -0.0200, 61014
4314.0372, 142.8591, 119.9436, 714.6918, -0.0020, 0.0609, -0.0156, 142.8591, 119.9436, 714.6918, -0.0020, 0.0609, -0.0156, 61015
4314.0539, 142.2070, 119.7588, 711.2380, 0.0046, 0.0557, -0.0218, 142.2070, 119.7588, 711.2380, 0.0046, 0.0557, -0.0218, 61016
4314.0706, 142.2905, 119.4483, 711.6016, -0.0023, 0.0472, -0.0158, 142.2905, 119.4483, 711.6016, -0.0023, 0.0472, -0.0158, 61017
4314.0873, 142.0773, 119.6379, 710.8373, -0.0080, 0.0500, -0.0215, 142.0773, 119.6379, 710.8373, -0.0080, 0.0500, -0.0215, 61018
4314.1039, 142.6747, 119.7896, 713.6746, -0.0050, 0.0435, -0.0168, 142.6747, 119.7896, 713.6746, -0.0050, 0.0435, -0.0168, 61019
4314.1206, 142.6889, 119.9673, 713.4050, -0.0032, 0.0505, -0.0167, 142.6889, 119.9673, 713.4050, -0.0032, 0.0505, -0.0167, 61020
4314.1373, 142.2038, 119.5570, 711.9152, 0.0112, 0.0535, -0.0182, 142.2038, 119.5570, 711.9152, 0.0112, 0.0535, -0.0182, 61021
4314.1540, 143.8473, 120.5188, 718.7848, 0.0097, 0.0612, -0.0206, 143.8473, 120.5188, 718.7848, 0.0097, 0.0612, -0.0206, 61022
4314.1706, 143.1672, 120.1995, 715.9440, 0.0048, 0.0661, -0.0164, 143.1672, 120.1995, 715.9440, 0.0048, 0.0661, -0.0164, 61023
4314.1873, 143.4511, 120.2692, 717.9494, 0.0117, 0.0694, -0.0173, 143.4511, 120.2692, 717.9494, 0.0117, 0.0694, -0.0173, 61024
4314.2040, 142.9050, 120.3139, 715.3600, 0.0131, 0.0696, -0.0212, 142.9050, 120.3139, 715.3600, 0.0131, 0.0696, -0.0212, 61025
4314.2207, 142.4959, 120.0048, 713.7338, -0.0014, 0.0673, -0.0175, 142.4959, 120.0048, 713.7338, -0.0014, 0.0673, -0.0175, 61026
4314.2373, 144.0387, 120.6474, 719.9328, 0.0055, 0.0478, -0.0172, 144.0387, 120.6474, 719.9328, 0.0055, 0.0478, -0.0172, 61027
4314.2540, 142.4134, 119.7515, 711.9767, -0.0104, 0.0487, -0.0178, 142.4134, 119.7515, 711.9767, -0.0104, 0.0487, -0.0178, 61028
4314.2707, 143.2212, 120.1721, 716.1022, 0.0086, 0.0466, -0.0166, 143.2212, 120.1721, 716.1022, 0.0086, 0.0466, -0.0166, 61029
4314.2873, 142.9089, 119.9233, 714.1695, -0.0040, 0.0574, -0.0195, 142.9089, 119.9233, 714.1695, -0.0040, 0.0574, -0.0195, 61030
4314.3040, 141.1979, 119.4248, 708.0469, -0.0036, 0.0589, -0.0183, 141.1979, 119.4248, 708.0469, -0.0036, 0.0589, -0.0183, 61031
4314.3207, 142.5500, 119.8401, 712.6873, -0.0037, 0.0554, -0.0207, 142.5500, 119.8401, 712.6873, -0.0037, 0.0554, -0.0207, 61032
4314.3374, 143.4767, 120.2992, 717.6156, 0.0128, 0.0456, -0.0111, 143.4767, 120.2992, 717.6156, 0.0128, 0.0456, -0.0111, 61033
4314.3540, 142.5201, 120.0628, 712.9008, 0.0028, 0.0633, -0.0237, 142.5201, 120.0628, 712.9008, 0.0028, 0.0633, -0.0237, 61034
4314.3707, 143.0579, 119.8850, 715.2170, 0.0113, 0.0516, -0.0169, 143.0579, 119.8850, 715.2170, 0.0113, 0.0516, -0.0169, 61035
4314.3874, 143.3087, 120.1898, 716.2305, -0.0032, 0.0572, -0.0165, 143.3087, 120.1898, 716.2305, -0.0032, 0.0572, -0.0165, 61036
4314.4040, 143.2220, 120.0553, 715.8552, 0.0050, 0.0591, -0.0183, 143.2220, 120.0553, 715.8552, 0.0050, 0.0591, -0.0183, 61037
4314.4207, 142.4392, 119.8352, 712.4235, -0.0085, 0.0574, -0.0188, 142.4392, 119.8352, 712.4235, -0.0085, 0.0574, -0.0188, 61038
4314.4373, 143.0404, 120.1397, 715.1378, -0.0015, 0.0531, -0.0165, 143.0404, 120.1397, 715.1378, -0.0015, 0.0531, -0.0165, 61039
4314.4540, 142.3105, 119.7947, 711.9686, 0.0031, 0.0606, -0.0223, 142.3105, 119.7947, 711.9686, 0.0031, 0.0606, -0.0223, 61040
