CaptureTime, Camera1Left2D.x, Camera1Left2D.y, Camera1Right2D.x, Camera1Right2D.y, Camera2Left2D.x, Camera2Left2D.y, Camera2Right2D.x, Camera2Right2D.y, Left3D.x, Left3D.y, Left3D.z, Right3D.x, Right3D.y, Right3D.z, frameNumber
519356.306769280, 246.046798706, 199.040557861, 301.577514648, 202.471405029, 370.421386719, 215.916107178, 424.994506836, 219.164657593, -80.533653259, -25.269653320, 547.442932129, -16.930007935, -21.297327042, 551.228881836, 999
519356.323449847, 246.599822998, 198.886444092, 302.102966309, 203.151336670, 370.021575928, 215.842163086, 424.848632812, 219.150085449, -80.541053772, -25.241249084, 547.454406738, -16.937459946, -21.268079758, 551.183166504, 1000
519356.340130414, 246.500427246, 198.701339722, 302.236206055, 202.401184082, 369.895812988, 215.800750732, 424.783569336, 219.020385742, -80.534210205, -25.256526947, 547.628112793, -16.911233902, -21.265804291, 551.272949219, 1001
519356.356810981, 246.129257202, 198.761764526, 302.262695312, 202.466293335, 370.045104980, 215.614501953, 425.396240234, 218.600982666, -80.536880493, -25.237693787, 547.351806641, -16.902809143, -21.273221970, 551.018554688, 1002
519356.373491548, 246.343566895, 199.103363037, 302.334655762, 203.084197998, 370.087738037, 215.655319214, 425.424743652, 219.043075562, -80.547187805, -25.218711853, 547.412902832, -16.881624222, -21.224697113, 550.956481934, 1003
519356.390466049, 246.691894531, 198.935791016, 302.280395508, 202.926544189, 370.626098633, 215.843551636, 425.420989990, 218.931686401, -80.478790283, -25.181529999, 547.129272461, -16.868743896, -21.207485199, 550.790344238, 1004
519356.407153575, 246.627777100, 199.340332031, 302.404357910, 202.767120361, 370.604980469, 215.751678467, 425.451354980, 219.184112549, -80.426002502, -25.159343719, 546.889282227, -16.828351974, -21.202285767, 550.579711914, 1005
519356.423841101, 247.104858398, 199.098724365, 302.906860352, 202.799560547, 371.177307129, 215.914611816, 425.837524414, 219.016586304, -80.302146912, -25.142820358, 546.655151367, -16.696895599, -21.217334747, 550.687622070, 1006
519356.440528627, 246.988265991, 198.969039917, 302.783966064, 202.794479370, 371.150573730, 215.833374023, 425.992187500, 219.130416870, -80.180557251, -25.143320084, 546.405090332, -16.546823502, -21.233329773, 550.634460449, 1007
519356.457216153, 247.572692871, 198.969604492, 303.206848145, 202.937713623, 371.406829834, 215.914596558, 426.673461914, 219.104187012, -79.985557556, -25.149940491, 546.317382812, -16.367467880, -21.253025055, 550.336975098, 1008
519356.473903679, 247.401123047, 198.463546753, 303.243682861, 202.566711426, 371.909515381, 215.701965332, 426.772308350, 218.885787964, -79.767082214, -25.172992706, 545.809814453, -16.194684982, -21.272590637, 550.073242188, 1009
519356.490591205, 247.906951904, 198.650421143, 303.796081543, 202.481262207, 372.083740234, 215.654998779, 427.061401367, 218.819366455, -79.498123169, -25.199842453, 545.622497559, -15.968990326, -21.305643082, 549.933044434, 1010
519356.507278731, 248.532394409, 198.216949463, 304.667419434, 202.699951172, 372.802734375, 215.449035645, 427.940032959, 218.543243408, -79.139350891, -25.254652023, 545.423156738, -15.571301460, -21.320529938, 549.781066895, 1011
519356.523966257, 248.893051147, 198.846893311, 304.709075928, 202.409362793, 373.161621094, 215.706909180, 428.345092773, 218.776153564, -78.725234985, -25.242813110, 544.987548828, -15.172897339, -21.356910706, 549.349060059, 1012
519356.540653783, 249.832199097, 198.436553955, 305.459167480, 202.875518799, 373.706787109, 215.751083374, 429.312347412, 218.877227783, -78.178054810, -25.252315521, 544.842590332, -14.636281013, -21.323743820, 548.885131836, 1013
519356.557341309, 250.136932373, 198.765914917, 305.986267090, 202.832458496, 374.692230225, 215.548156738, 429.686859131, 218.855743408, -77.513137817, -25.237405777, 544.356201172, -14.048571587, -21.281702042, 548.471313477, 1014
519356.574028836, 250.850646973, 198.906616211, 306.996154785, 202.606689453, 375.123474121, 215.723632812, 430.605804443, 218.944915771, -76.752403259, -25.229799271, 544.085632324, -13.295490265, -21.298870087, 548.257080078, 1015
519356.590716362, 252.035873413, 198.657836914, 308.062835693, 202.980209351, 376.214599609, 215.714965820, 431.768554688, 218.584228516, -75.760887146, -25.240234375, 543.898376465, -12.268076897, -21.301706314, 548.005493164, 1016
519356.607403888, 252.903366089, 198.358154297, 308.971893311, 202.599594116, 377.311096191, 215.296142578, 432.763061523, 218.958740234, -74.612274170, -25.295488358, 543.612182617, -11.107881546, -21.306110382, 547.667602539, 1017
519356.624091414, 253.508666992, 198.281982422, 309.502258301, 202.402877808, 378.168457031, 215.325653076, 433.567993164, 218.621734619, -73.352340698, -25.342470169, 543.155334473, -9.863491058, -21.320404053, 547.062133789, 1018
519356.640778940, 254.873870850, 198.324707031, 310.684631348, 202.208435059, 379.530212402, 215.236267090, 435.153991699, 218.603805542, -71.848213196, -25.371997833, 542.490844727, -8.412965775, -21.338665009, 546.168945312, 1019
519356.657466466, 256.159118652, 198.137817383, 312.337585449, 202.507629395, 381.120849609, 215.154968262, 436.195312500, 218.947860718, -69.977775574, -25.413934708, 541.789245605, -6.555250168, -21.353309631, 545.914062500, 1020
519356.674153992, 257.979919434, 197.914886475, 314.297882080, 202.702728271, 382.358337402, 214.920745850, 438.009033203, 218.531921387, -67.809707642, -25.475326538, 541.691528320, -4.324431419, -21.361078262, 545.843505859, 1021
519356.690841518, 259.159423828, 198.071502686, 315.064727783, 202.889190674, 383.422454834, 215.035888672, 439.431152344, 218.858947754, -66.213455200, -25.537034988, 541.790710449, -2.692131042, -21.329626083, 545.626098633, 1022
519356.707529044, 261.014648438, 197.948410034, 316.941467285, 202.789291382, 385.703460693, 214.772628784, 441.079467773, 218.848129272, -64.308372498, -25.583318710, 541.691833496, -0.795341134, -21.308542252, 545.469482422, 1023
519356.724216570, 262.770629883, 197.764938354, 318.875183105, 202.827575684, 387.444427490, 214.947265625, 443.449157715, 219.007049561, -62.274589539, -25.650695801, 541.265136719, 1.239469886, -21.255500793, 544.960388184, 1024
519356.740904096, 264.933471680, 197.952545166, 320.466247559, 203.068832397, 389.407836914, 215.075164795, 445.128021240, 219.122589111, -60.075336456, -25.692890167, 541.065490723, 3.431426525, -21.223306656, 544.825439453, 1025
519356.757591622, 266.666015625, 198.277709961, 322.486267090, 203.179321289, 391.189575195, 214.986175537, 446.806274414, 219.446777344, -57.855842590, -25.738042831, 541.099243164, 5.675555229, -21.166387558, 544.737670898, 1026
519356.774279148, 268.221679688, 197.787765503, 324.808410645, 202.895370483, 393.141357422, 214.909057617, 448.611999512, 219.233917236, -55.574737549, -25.830972672, 541.209106445, 8.041147232, -21.150102615, 545.206054688, 1027
519356.790607822, 270.496765137, 197.949676514, 326.516571045, 203.416854858, 395.414306641, 214.993774414, 451.028686523, 219.367904663, -53.126701355, -25.881696701, 540.986022949, 10.491042137, -21.079282761, 545.120605469, 1028
519356.807288389, 272.556030273, 197.536666870, 328.765075684, 202.953491211, 397.213073730, 214.781906128, 453.265625000, 219.459136963, -50.633327484, -25.947824478, 541.074462891, 13.034375191, -21.036832809, 545.185974121, 1029
519356.823968956, 275.109191895, 197.507537842, 331.083129883, 203.252304077, 399.735717773, 214.616333008, 455.482360840, 219.388214111, -48.065521240, -26.020530701, 541.121154785, 15.632541656, -20.959510803, 545.250610352, 1030
519356.840649523, 277.324035645, 197.481536865, 333.449768066, 203.434921265, 401.971801758, 214.335876465, 458.083740234, 219.757720947, -45.416507721, -26.088258743, 540.801879883, 18.303081512, -20.835163116, 545.033203125, 1031
519356.857330090, 279.267761230, 198.139526367, 335.684906006, 203.905639648, 404.453308105, 214.363891602, 460.441345215, 219.778717041, -42.757251740, -26.095098495, 540.250183105, 20.940582275, -20.696720123, 544.365295410, 1032
519356.874010657, 281.953186035, 197.596771240, 338.132385254, 203.501525879, 406.661956787, 214.579925537, 462.518005371, 220.075225830, -39.956829071, -26.147182465, 540.691589355, 23.805854797, -20.599866867, 544.838867188, 1033
519356.890691225, 284.484313965, 197.507080078, 340.586242676, 204.202011108, 409.345886230, 214.332885742, 465.002288818, 220.486190796, -37.161106110, -26.204902649, 540.684936523, 26.662803650, -20.469821930, 545.240783691, 1034
519356.907371792, 287.343444824, 197.414672852, 342.825195312, 204.134506226, 411.454528809, 214.774291992, 467.299255371, 220.309753418, -34.290519714, -26.266504288, 541.497192383, 29.600673676, -20.352943420, 545.843933105, 1035
519356.924052359, 289.835571289, 197.778869629, 345.253265381, 204.341156006, 414.192687988, 214.853332520, 469.857360840, 220.585723877, -31.331750870, -26.273983002, 541.717163086, 32.544292450, -20.204736710, 546.088439941, 1036
519356.940732926, 291.766235352, 198.139984131, 348.008148193, 205.002914429, 416.389892578, 214.739120483, 472.385437012, 220.938522339, -28.454427719, -26.263549805, 541.770507812, 35.539611816, -20.017641068, 546.498291016, 1037
519356.957413493, 294.397644043, 197.754730225, 350.349456787, 204.824890137, 418.709899902, 214.861129761, 474.856445312, 220.938110352, -25.569103241, -26.293045044, 542.255371094, 38.516311646, -19.857952118, 546.982055664, 1038
519356.974094060, 296.246215820, 198.115890503, 352.516967773, 205.035125732, 420.681701660, 214.353973389, 476.721069336, 220.850204468, -22.844005585, -26.333780289, 543.039733887, 41.305248260, -19.688196182, 547.537475586, 1039
519356.990774627, 298.752807617, 197.101501465, 354.840179443, 204.716979980, 422.771850586, 214.165039062, 479.017028809, 220.646484375, -20.159376144, -26.452077866, 543.785217285, 44.092609406, -19.588314056, 548.187133789, 1040
519357.007455194, 301.146087646, 196.834228516, 356.420501709, 204.343322754, 424.586608887, 214.189208984, 481.075622559, 221.080627441, -17.590980530, -26.573606491, 544.778686523, 46.662868500, -19.473030090, 548.718017578, 1041
519357.024135762, 302.405395508, 197.400573730, 358.559448242, 204.777160645, 426.585205078, 214.133422852, 482.971069336, 220.882171631, -15.248421669, -26.629108429, 545.153808594, 49.069057465, -19.346191406, 549.012451172, 1042
519357.040816329, 304.447387695, 197.328247070, 360.607666016, 204.703918457, 428.272552490, 214.091033936, 484.869812012, 220.936523438, -12.979505539, -26.688329697, 545.759399414, 51.412593842, -19.256235123, 549.533508301, 1043
519357.057496896, 305.734069824, 197.412475586, 361.760589600, 204.540527344, 429.751800537, 214.009384155, 486.553070068, 221.172119141, -11.054058075, -26.735187531, 545.563598633, 53.241432190, -19.140913010, 548.904663086, 1044
519357.074177463, 307.507751465, 196.791717529, 362.811370850, 204.767440796, 431.043548584, 214.036300659, 487.874877930, 221.126022339, -9.306397438, -26.828153610, 545.915710449, 54.878215790, -19.027873993, 548.536010742, 1045
519357.090858030, 308.668090820, 197.431488037, 364.352294922, 205.231811523, 432.416931152, 213.766082764, 489.172363281, 221.125762939, -7.750008583, -26.869274139, 546.090026855, 56.355503082, -18.935049057, 548.124694824, 1046
519357.107538597, 309.315429688, 197.353393555, 365.090698242, 205.203155518, 432.955902100, 214.031356812, 489.827575684, 220.921447754, -6.564572334, -26.928537369, 546.455566406, 57.582927704, -18.860376358, 548.226562500, 1047
519357.124219164, 310.342529297, 197.009124756, 365.692810059, 205.048629761, 433.728088379, 213.887695312, 490.714080811, 221.158843994, -5.589804173, -27.025785446, 546.746704102, 58.524459839, -18.789730072, 547.961975098, 1048
519357.140899731, 310.782592773, 197.174652100, 366.059997559, 205.096481323, 434.157226562, 213.714813232, 491.301513672, 221.206527710, -4.889323711, -27.120439529, 546.950073242, 59.059394836, -18.738876343, 547.281677246, 1049
519357.157580298, 310.964477539, 196.865844727, 366.327209473, 204.928955078, 434.502624512, 213.824310303, 491.593139648, 221.056854248, -4.470922947, -27.205373764, 546.911926270, 59.345817566, -18.699974060, 546.603210449, 1050
519357.174294989, 311.063079834, 196.666839600, 366.026458740, 204.902740479, 434.376525879, 213.590179443, 491.547546387, 221.383239746, -4.388711929, -27.317529678, 547.103088379, 59.212120056, -18.649295807, 545.749145508, 1051
519357.190982515, 310.693359375, 197.663604736, 365.916442871, 205.303527832, 434.055755615, 213.752655029, 491.349700928, 221.089630127, -4.572564125, -27.325571060, 547.416381836, 58.893703461, -18.582941055, 545.228820801, 1052
519357.207670041, 310.592468262, 196.998291016, 365.527191162, 205.296295166, 433.600097656, 213.775024414, 490.831634521, 221.242706299, -4.995689392, -27.368284225, 548.011108398, 58.458957672, -18.535026550, 545.333862305, 1053
519357.224357567, 309.803771973, 197.200805664, 365.413269043, 205.252838135, 432.796447754, 213.811614990, 489.994476318, 221.230331421, -5.652323246, -27.443626404, 549.028625488, 57.808456421, -18.509302139, 545.720886230, 1054
519357.241045094, 308.685058594, 197.182846069, 363.910400391, 204.939620972, 431.984619141, 213.859588623, 489.072753906, 221.034820557, -6.654761314, -27.485885620, 549.482116699, 56.711391449, -18.488803864, 545.508666992, 1055
519357.257732620, 307.748413086, 197.151214600, 362.741882324, 204.797058105, 430.937194824, 213.738250732, 487.890808105, 221.156356812, -7.941461563, -27.524024963, 549.690429688, 55.308059692, -18.468406677, 545.146728516, 1056
519357.274420146, 306.761779785, 197.058761597, 362.065155029, 204.881622314, 429.891662598, 213.634033203, 486.306396484, 220.932403564, -9.363887787, -27.566320419, 550.339965820, 53.987613678, -18.501344681, 545.889099121, 1057
519357.291107672, 304.912292480, 197.095184326, 360.426849365, 204.616516113, 428.621673584, 213.780975342, 485.099731445, 220.768096924, -11.065975189, -27.574468613, 550.151000977, 52.265529633, -18.543552399, 545.673034668, 1058
519357.307795198, 303.485046387, 196.753631592, 358.681884766, 204.337524414, 426.630065918, 213.748168945, 483.041687012, 220.834472656, -13.001778603, -27.650325775, 550.750976562, 50.351470947, -18.608421326, 546.107604980, 1059
519357.324482724, 301.642181396, 196.719329834, 357.262695312, 204.396240234, 424.761077881, 213.306930542, 481.222595215, 220.285552979, -15.110191345, -27.733949661, 551.382324219, 48.385986328, -18.721244812, 546.959045410, 1060
519357.341170250, 299.719848633, 196.435943604, 355.000915527, 203.785858154, 422.299194336, 213.282836914, 478.863403320, 220.085235596, -17.475463867, -27.857337952, 552.325927734, 46.164939880, -18.894132614, 548.007507324, 1061
519357.357857776, 297.016845703, 196.429687500, 352.555755615, 203.682678223, 420.067138672, 213.299682617, 476.411865234, 219.883590698, -20.173255920, -27.944835663, 552.526611328, 43.555007935, -19.057929993, 548.459228516, 1062
519357.374545302, 294.510070801, 196.731567383, 350.262634277, 203.085388184, 417.572814941, 213.207870483, 473.762145996, 219.762084961, -23.118991852, -28.005514145, 552.604003906, 40.766181946, -19.289325714, 549.141662598, 1063
519357.391232828, 291.907806396, 196.167236328, 347.384155273, 203.027328491, 415.078796387, 213.535858154, 470.931640625, 219.572784424, -26.286949158, -28.096458435, 552.358947754, 37.657844543, -19.505107880, 549.460876465, 1064
519357.407920354, 288.856872559, 196.304855347, 344.264465332, 202.950958252, 412.211608887, 213.106567383, 468.009399414, 219.086578369, -29.713308334, -28.163370132, 551.782287598, 34.271392822, -19.756151199, 549.524902344, 1065
519357.424607880, 286.221679688, 196.459777832, 341.304016113, 202.588439941, 408.903991699, 213.379272461, 465.285827637, 219.014022827, -33.223205566, -28.243879318, 552.117553711, 30.760423660, -20.009220123, 549.766296387, 1066
519357.441295406, 283.158691406, 196.757492065, 338.364318848, 202.555358887, 405.533691406, 213.268417358, 461.738525391, 218.934631348, -36.984180450, -28.314537048, 552.570800781, 27.071962357, -20.248027802, 550.353698730, 1067
519357.457982933, 279.543060303, 196.565475464, 334.749969482, 202.345077515, 402.081787109, 213.262786865, 458.619323730, 218.971282959, -41.011608124, -28.348997116, 552.349487305, 23.053329468, -20.462175369, 550.156188965, 1068
519357.474670459, 276.201538086, 196.740112305, 331.394500732, 201.973449707, 398.597106934, 213.323120117, 454.692382812, 218.170501709, -45.144794464, -28.410972595, 553.034423828, 18.992670059, -20.754325867, 550.651184082, 1069
519357.491357985, 272.736206055, 196.998092651, 327.637969971, 201.616424561, 395.090576172, 213.350646973, 451.239837646, 218.237884521, -49.405853271, -28.424135208, 553.022827148, 14.669145584, -20.997612000, 550.225280762, 1070
519357.508045511, 268.884765625, 197.216796875, 323.668518066, 201.859497070, 391.496459961, 213.117156982, 447.515808105, 217.935363770, -53.840400696, -28.401782990, 552.724548340, 10.164160728, -21.222942352, 549.615905762, 1071
519357.524733037, 264.936126709, 196.997772217, 320.422393799, 201.360717773, 387.582885742, 213.155364990, 443.467498779, 217.518417358, -58.337936401, -28.407251358, 553.030456543, 5.696718693, -21.510093689, 549.793090820, 1072
519357.541420563, 261.010742188, 197.314300537, 316.285278320, 200.969421387, 383.660888672, 213.895309448, 440.134490967, 217.499450684, -62.941745758, -28.322904587, 552.945129395, 1.088904381, -21.753166199, 549.418090820, 1073
519357.558108089, 257.257415771, 197.802093506, 312.456237793, 201.078125000, 380.065765381, 214.011199951, 435.902954102, 217.567016602, -67.591880798, -28.198310852, 552.860778809, -3.595754862, -21.962558746, 549.069458008, 1074
519357.574446738, 253.081176758, 197.772613525, 308.538940430, 201.245971680, 376.350524902, 214.121261597, 431.776214600, 217.593750000, -72.285736084, -28.069944382, 552.622131348, -8.337916374, -22.124784470, 548.697814941, 1075
519357.591127305, 249.335678101, 198.043945312, 305.118408203, 201.659027100, 372.256347656, 214.643798828, 427.539764404, 217.549346924, -77.010025024, -27.920194626, 553.160644531, -12.967904091, -22.284454346, 549.266296387, 1076
519357.607807873, 245.460174561, 198.329345703, 300.507385254, 200.991516113, 368.706359863, 214.569458008, 423.802368164, 217.546356201, -81.697998047, -27.704944611, 552.589599609, -17.750646591, -22.410284042, 548.502258301, 1077
519357.624488440, 241.269378662, 198.668197632, 296.959045410, 201.221557617, 364.185302734, 215.187835693, 419.875244141, 217.606262207, -86.418601990, -27.479475021, 552.523620605, -22.431249619, -22.528284073, 548.656738281, 1078
519357.641169007, 237.448959351, 198.954437256, 292.994384766, 201.424667358, 360.787292480, 215.369384766, 415.718963623, 217.498809814, -91.056404114, -27.246248245, 552.547180176, -27.057868958, -22.647195816, 549.045104980, 1079
519357.657849574, 233.277954102, 199.300415039, 289.100677490, 201.117843628, 356.810180664, 215.591278076, 412.077636719, 217.545761108, -95.637290955, -26.955549240, 551.923339844, -31.692605972, -22.759862900, 548.914916992, 1080
519357.674530141, 229.551681519, 199.815979004, 285.418395996, 201.268127441, 352.720703125, 215.831710815, 408.366058350, 217.622299194, -100.221298218, -26.666454315, 552.122802734, -36.218067169, -22.811941147, 549.270141602, 1081
519357.691210708, 226.050262451, 199.615646362, 281.862365723, 200.978515625, 349.471801758, 216.125823975, 404.473571777, 217.411666870, -104.617561340, -26.383321762, 552.115173340, -40.592807770, -22.889837265, 549.850341797, 1082
519357.707891275, 221.672836304, 199.762207031, 278.154846191, 200.792633057, 345.468200684, 216.758300781, 400.744750977, 217.011138916, -109.012763977, -26.044622421, 551.552307129, -44.981605530, -22.986232758, 550.049987793, 1083
519357.724571842, 218.335983276, 200.192916870, 274.953552246, 200.537414551, 342.388519287, 216.786788940, 397.516601562, 216.987823486, -113.173736572, -25.709287643, 551.266418457, -49.150413513, -23.074453354, 550.300964355, 1084
519357.741252410, 214.355209351, 200.597534180, 270.915588379, 200.745819092, 339.026855469, 217.118408203, 393.700561523, 216.845977783, -117.181312561, -25.332162857, 549.819580078, -53.348476410, -23.108545303, 549.922241211, 1085
519357.757932977, 211.354370117, 200.926254272, 267.334320068, 200.569869995, 335.317321777, 217.476196289, 390.407958984, 217.238372803, -121.142807007, -24.985027313, 549.252136230, -57.391952515, -23.141878128, 549.749328613, 1086
519357.774613544, 208.066528320, 201.116500854, 264.551727295, 201.051025391, 331.877380371, 217.657592773, 387.237396240, 217.119125366, -125.008995056, -24.645881653, 549.169006348, -61.245548248, -23.179630280, 549.888549805, 1087
519357.791294111, 204.809539795, 201.394256592, 261.345153809, 200.340576172, 328.654663086, 217.729858398, 384.338958740, 217.184127808, -128.769515991, -24.346282959, 549.490417480, -64.937866211, -23.270084381, 550.118591309, 1088
519357.807974678, 201.826873779, 201.153411865, 258.591766357, 200.232894897, 326.100921631, 218.087982178, 381.188964844, 216.774078369, -132.242233276, -24.035923004, 549.104248047, -68.407478333, -23.365085602, 550.264343262, 1089
519357.824655245, 198.714096069, 201.831298828, 255.691223145, 200.467956543, 323.436035156, 218.536987305, 378.494689941, 216.962997437, -135.506774902, -23.690889359, 548.509643555, -71.752601624, -23.430295944, 550.298706055, 1090
519357.841335812, 196.373397827, 202.001388550, 252.956359863, 200.277267456, 320.835327148, 218.693420410, 375.989562988, 216.712677002, -138.588500977, -23.370212555, 548.236206055, -74.842102051, -23.518388748, 550.188842773, 1091
519357.858016379, 194.443283081, 201.963302612, 250.817138672, 200.042587280, 318.310302734, 218.945190430, 373.262451172, 216.991241455, -141.531280518, -23.102689743, 548.789794922, -77.746910095, -23.630434036, 550.963134766, 1092
519357.874696946, 192.009765625, 202.078231812, 248.976287842, 200.094573975, 316.464355469, 218.749481201, 371.525573730, 216.981491089, -144.085189819, -22.857021332, 548.762023926, -80.331115723, -23.748472214, 551.530578613, 1093
519357.891377514, 190.123016357, 202.843429565, 247.011230469, 200.288314819, 314.696044922, 219.104003906, 369.377624512, 217.017822266, -146.393249512, -22.565196991, 548.950744629, -82.630523682, -23.829711914, 552.209472656, 1094
519357.908058081, 188.714233398, 202.805755615, 245.629608154, 200.443481445, 313.131958008, 219.467651367, 368.123535156, 216.877899170, -148.381240845, -22.297321320, 549.216125488, -84.617340088, -23.872434616, 552.689514160, 1095
519357.924738648, 187.218872070, 203.087081909, 244.476348877, 200.493316650, 311.876586914, 219.751556396, 366.816345215, 217.187179565, -149.967468262, -22.016407013, 549.307312012, -86.207756042, -23.878635406, 553.064636230, 1096
519357.941419215, 186.215301514, 203.128341675, 243.348052979, 200.425109863, 310.848144531, 220.020996094, 365.988281250, 217.197845459, -151.210372925, -21.739532471, 548.989746094, -87.456024170, -23.859397888, 552.715148926, 1097
519357.958520415, 185.076156616, 203.414428711, 242.781860352, 200.384399414, 310.004455566, 220.246627808, 365.101074219, 217.146728516, -152.146865845, -21.459375381, 548.479858398, -88.420791626, -23.872835159, 552.900695801, 1098
519357.975207941, 184.742767334, 203.648193359, 241.786987305, 200.152206421, 309.878753662, 220.038574219, 364.444793701, 216.717330933, -152.683578491, -21.197843552, 547.851989746, -89.082412720, -23.930246353, 552.823669434, 1099
519357.991895467, 184.790130615, 203.134490967, 241.646850586, 200.074920654, 310.077239990, 219.762084961, 364.978515625, 216.473617554, -152.654464722, -20.984683990, 546.585144043, -89.251312256, -23.957780838, 552.006713867, 1100
519358.008582993, 184.517944336, 202.946624756, 242.078216553, 199.599960327, 309.631927490, 219.986862183, 364.934661865, 216.290740967, -152.509246826, -20.816284180, 546.066589355, -89.130088806, -24.027305603, 551.732055664, 1101
519358.025270519, 185.196090698, 203.185485840, 242.487274170, 199.650878906, 310.568115234, 219.997406006, 365.571899414, 216.172164917, -151.846099854, -20.659137726, 545.012390137, -88.576950073, -24.082332611, 550.836364746, 1102
519358.041958045, 185.798095703, 202.936431885, 242.933883667, 199.414230347, 310.969848633, 219.809082031, 366.284057617, 216.238922119, -150.929412842, -20.547220230, 543.986145020, -87.741050720, -24.133533478, 549.990661621, 1103
519358.058645571, 187.134368896, 203.282592773, 244.246307373, 199.668151855, 312.275512695, 219.420455933, 367.333953857, 216.199447632, -149.729034424, -20.473106384, 543.700744629, -86.526924133, -24.212373734, 550.034912109, 1104
519358.075333098, 189.079025269, 203.086959839, 246.433776855, 200.194442749, 313.703948975, 219.808197021, 368.735107422, 216.533325195, -148.170974731, -20.411754608, 544.285278320, -84.862991333, -24.281528473, 550.917053223, 1105
519358.092020624, 190.292480469, 203.030609131, 247.560760498, 199.950653076, 315.257202148, 219.925781250, 370.278869629, 216.649765015, -146.332000732, -20.373634338, 544.380126953, -82.945411682, -24.330224991, 551.139831543, 1106
519358.108708150, 192.047119141, 203.057907104, 248.885589600, 199.743469238, 317.011779785, 219.705291748, 372.341857910, 216.663208008, -144.131851196, -20.346323013, 544.074768066, -80.721511841, -24.363346100, 550.764648438, 1107
519358.125395676, 194.587646484, 202.273910522, 250.774627686, 200.055099487, 318.863769531, 219.819183350, 374.144500732, 216.471435547, -141.775466919, -20.405456543, 544.652404785, -78.267471313, -24.425064087, 550.889282227, 1108
519358.142083202, 197.166549683, 202.589584351, 253.343322754, 200.636840820, 321.541625977, 219.498107910, 376.413085938, 216.272735596, -139.039474487, -20.465267181, 545.148437500, -75.475357056, -24.464782715, 551.274536133, 1109
519358.158770728, 199.710174561, 202.233489990, 255.596359253, 200.154357910, 324.116088867, 219.344848633, 379.663665771, 216.547760010, -135.965805054, -20.557813644, 545.211364746, -72.384803772, -24.460605621, 550.533691406, 1110
519358.175458254, 202.496276855, 201.921188354, 258.136291504, 200.225341797, 326.887573242, 218.861785889, 382.118896484, 216.463562012, -132.722274780, -20.695989609, 545.185424805, -69.114395142, -24.435396194, 549.806518555, 1111
519358.192145780, 205.268768311, 202.250000000, 261.600036621, 199.860458374, 329.969726562, 218.929809570, 385.194580078, 216.526779175, -129.107604980, -20.762897491, 544.642517090, -65.519203186, -24.414567947, 549.109008789, 1112
519358.208833306, 209.074798584, 201.756011963, 265.057312012, 200.146835327, 333.361206055, 218.812622070, 388.352783203, 216.236602783, -125.301986694, -20.895839691, 544.961791992, -61.711669922, -24.396821976, 549.140441895, 1113
519358.225520832, 212.468917847, 201.846969604, 268.408386230, 200.623397827, 337.150268555, 218.346054077, 392.102478027, 216.250274658, -121.116729736, -21.026750565, 544.429077148, -57.604114532, -24.314537048, 548.312316895, 1114
519358.242208358, 216.543579102, 201.564498901, 272.053497314, 200.580017090, 340.316040039, 218.212524414, 395.747650146, 216.612915039, -116.856193542, -21.190237045, 544.647094727, -53.345016479, -24.239530563, 548.073120117, 1115
519358.258895884, 219.864730835, 201.601531982, 275.935363770, 200.700668335, 344.419525146, 218.306823730, 399.453094482, 217.213409424, -112.344543457, -21.312829971, 544.269226074, -48.884922028, -24.118364334, 547.564880371, 1116
519358.275583410, 223.947006226, 201.428497314, 280.092224121, 201.259124756, 348.346740723, 218.245422363, 403.832519531, 217.345794678, -107.590614319, -21.472227097, 544.522766113, -44.102928162, -24.013830185, 547.442260742, 1117
519358.292270937, 228.326263428, 201.621002197, 284.233215332, 201.601470947, 352.393676758, 217.885559082, 407.319183350, 217.436264038, -102.759300232, -21.659406662, 545.255493164, -39.222705841, -23.908937454, 547.990295410, 1118
519358.308958463, 232.520492554, 201.439147949, 288.569366455, 202.019439697, 356.560150146, 217.679855347, 411.697753906, 217.983459473, -97.757217407, -21.834772110, 545.479614258, -34.200569153, -23.737331390, 548.328308105, 1119
519358.325645989, 237.130310059, 201.157714844, 292.883666992, 201.973754883, 360.875610352, 217.731613159, 416.065063477, 218.130157471, -92.661231995, -22.006483078, 546.066101074, -29.013965607, -23.589469910, 549.150939941, 1120
519358.342333515, 242.013046265, 200.998260498, 297.362243652, 202.505126953, 365.543762207, 217.805908203, 420.346191406, 218.430755615, -87.394668579, -22.194747925, 547.093933105, -23.631813049, -23.425811768, 550.253051758, 1121
519358.358678554, 246.632919312, 200.957855225, 301.521759033, 202.448608398, 370.237670898, 217.492401123, 424.996582031, 218.464874268, -81.951179504, -22.338842392, 547.057678223, -18.223920822, -23.223257065, 550.527770996, 1122
519358.375359121, 251.099533081, 200.408004761, 305.995788574, 202.607116699, 374.492370605, 218.027343750, 429.255981445, 219.126007080, -76.581077576, -22.452093124, 547.298034668, -12.830472946, -22.986032486, 551.048828125, 1123
519358.392039688, 255.780029297, 200.566513062, 310.921417236, 202.978149414, 378.981292725, 217.816528320, 434.343200684, 219.602325439, -71.106140137, -22.585248947, 547.683044434, -7.349523544, -22.672565460, 551.257995605, 1124
519358.408720256, 260.444458008, 200.592895508, 315.158264160, 203.604064941, 383.398376465, 217.716918945, 438.618011475, 219.625823975, -65.662559509, -22.714660645, 548.449218750, -1.871335030, -22.345794678, 551.766540527, 1125
519358.425400823, 265.070007324, 200.286529541, 319.951385498, 203.520507812, 388.373168945, 217.809127808, 443.811462402, 220.053268433, -60.099864960, -22.801935196, 548.212036133, 3.619200706, -21.991512299, 551.242492676, 1126
519358.442081390, 269.535583496, 200.490585327, 325.180053711, 204.111602783, 392.762390137, 218.101806641, 448.340667725, 220.558837891, -54.571979523, -22.859209061, 548.552062988, 9.258017540, -21.638858795, 551.968627930, 1127
519358.458761957, 273.888916016, 200.522338867, 328.999847412, 204.138671875, 397.193359375, 217.747375488, 452.262939453, 220.912078857, -49.227787018, -22.927356720, 548.632324219, 14.565735817, -21.274545670, 551.971801758, 1128
519358.475442524, 278.249450684, 200.768356323, 333.747131348, 205.099960327, 401.773559570, 217.515106201, 456.900268555, 221.098388672, -43.896949768, -22.954351425, 548.328674316, 19.849750519, -20.871675491, 551.887817383, 1129
519358.492123091, 282.966003418, 200.865585327, 338.075622559, 205.070220947, 406.111663818, 217.213439941, 460.879516602, 221.562408447, -38.666561127, -23.030139923, 548.982299805, 25.121131897, -20.505586624, 552.589294434, 1130
519358.508803658, 287.015136719, 200.158966064, 341.962402344, 205.204620361, 409.695922852, 217.582321167, 465.048828125, 221.770904541, -33.654735565, -23.118301392, 549.822021484, 30.143659592, -20.171375275, 553.155212402, 1131
519358.525484225, 290.955932617, 200.271957397, 346.291992188, 205.598495483, 413.705627441, 217.367248535, 468.855590820, 222.101318359, -28.794364929, -23.216285706, 550.802429199, 35.111537933, -19.835351944, 554.253173828, 1132
519358.542164792, 294.055725098, 200.361740112, 349.503295898, 205.682159424, 417.205261230, 217.221771240, 472.649902344, 222.147857666, -24.315835953, -23.286100388, 551.091064453, 39.655464172, -19.506717682, 554.551391602, 1133
519358.558845360, 298.349456787, 199.975311279, 353.321228027, 206.261932373, 421.032409668, 217.264892578, 476.367614746, 222.490097046, -19.925214767, -23.371305466, 551.555847168, 44.128032684, -19.147155762, 555.035827637, 1134
519358.575525927, 301.055755615, 200.678695679, 356.566497803, 206.411529541, 423.936462402, 217.491699219, 479.651123047, 222.624511719, -15.973227501, -23.394971848, 551.863708496, 48.193576813, -18.799995422, 555.398315430, 1135
519358.592206494, 304.066894531, 200.240509033, 359.205078125, 206.663803101, 426.881408691, 217.700531006, 482.932495117, 223.234176636, -12.324642181, -23.406494141, 551.742736816, 51.826915741, -18.429594040, 555.149414062, 1136
519358.608887061, 306.998962402, 200.753021240, 362.148406982, 207.501037598, 429.756958008, 217.694549561, 485.645751953, 223.783981323, -8.989922523, -23.384893417, 551.831909180, 55.226455688, -18.022745132, 555.290710449, 1137
519358.625567628, 309.128021240, 201.192184448, 364.703948975, 207.835357666, 432.138366699, 217.761398315, 488.246826172, 224.173080444, -6.033718586, -23.289546967, 551.284118652, 58.206420898, -17.568286896, 554.886352539, 1138
519358.642248195, 311.554809570, 201.197921753, 366.809448242, 208.014282227, 434.317565918, 217.988372803, 490.340332031, 224.279586792, -3.303073406, -23.215568542, 551.402893066, 60.889057159, -17.143136978, 554.747619629, 1139
519358.658928762, 313.738403320, 201.005371094, 368.489257812, 207.949203491, 436.110351562, 217.933105469, 492.239624023, 224.702682495, -0.987511337, -23.173421860, 551.677307129, 63.142574310, -16.745267868, 554.488891602, 1140
519358.675609329, 315.229248047, 201.202148438, 370.531372070, 208.618515015, 437.670654297, 217.942932129, 493.610778809, 224.716918945, 1.038323641, -23.112567902, 552.227233887, 65.168922424, -16.362483978, 554.671752930, 1141
519358.692289897, 316.083007812, 201.089752197, 371.680419922, 208.396591187, 438.908782959, 217.904052734, 495.273925781, 224.828491211, 2.603919268, -23.066806793, 552.279785156, 66.735046387, -16.028690338, 554.304626465, 1142
519358.708970464, 317.269287109, 201.604660034, 372.284851074, 209.114288330, 440.194213867, 217.865280151, 495.804138184, 224.886016846, 3.775379181, -22.980083466, 552.226196289, 67.899169922, -15.685099602, 554.211914062, 1143
519358.725651031, 317.689392090, 201.261352539, 373.216400146, 208.822906494, 440.502258301, 217.981323242, 496.820800781, 224.920211792, 4.623673916, -22.936143875, 552.613952637, 68.759445190, -15.410178185, 554.203552246, 1144
519358.742339882, 318.502807617, 200.949096680, 374.005920410, 209.003570557, 441.087738037, 217.589950562, 497.294769287, 224.588241577, 5.167089462, -22.954347610, 553.029052734, 69.318778992, -15.182309151, 554.330871582, 1145
519358.759027409, 318.473754883, 201.005172729, 373.655517578, 208.747177124, 441.010833740, 217.869506836, 497.360290527, 224.753326416, 5.329947472, -22.940912247, 553.364624023, 69.496643066, -15.004370689, 554.320129395, 1146
519358.775714935, 318.437133789, 201.258270264, 373.585205078, 208.347885132, 440.838562012, 217.889282227, 496.968017578, 224.765609741, 5.177216530, -22.969011307, 553.981750488, 69.336769104, -14.864498138, 554.582641602, 1147
519358.792402461, 317.900146484, 201.303634644, 373.023071289, 208.749130249, 439.858886719, 217.656555176, 496.051025391, 224.709655762, 4.598730564, -23.003704071, 554.793762207, 68.841575623, -14.761887550, 555.295959473, 1148
519358.809089987, 316.810729980, 201.092773438, 371.869934082, 209.015914917, 438.854675293, 217.794525146, 495.331665039, 224.913787842, 3.585049629, -23.028303146, 555.258117676, 67.837493896, -14.664400101, 555.423583984, 1149
519358.825777513, 316.188659668, 201.581787109, 370.686767578, 208.707550049, 437.844421387, 217.938690186, 494.019531250, 224.828903198, 2.325715780, -23.043382645, 556.013305664, 66.501106262, -14.607609749, 555.613098145, 1150
519358.842465039, 314.848144531, 201.021286011, 369.470458984, 208.295928955, 436.117492676, 217.711471558, 492.265380859, 224.603149414, 0.749639094, -23.148782730, 557.354064941, 64.980369568, -14.631038666, 556.535827637, 1151
519358.859152565, 313.457031250, 200.344726562, 367.954193115, 208.302154541, 434.554382324, 217.558273315, 490.791015625, 224.202117920, -1.111814737, -23.292552948, 558.548339844, 63.217735291, -14.707202911, 557.481933594, 1152
519358.875840091, 311.817199707, 200.681243896, 365.764709473, 207.907379150, 433.225646973, 217.377441406, 488.924804688, 224.036621094, -3.224309444, -23.410905838, 559.449829102, 61.026638031, -14.811552048, 557.777770996, 1153
519358.892527617, 309.847900391, 201.007080078, 364.021728516, 207.828125000, 431.184661865, 217.299072266, 486.622802734, 224.009918213, -5.600981712, -23.487031937, 560.209106445, 58.581321716, -14.902018547, 558.189697266, 1154
519358.909215143, 306.940063477, 200.732421875, 361.755828857, 207.160018921, 428.672912598, 216.954925537, 484.069458008, 223.589355469, -8.444514275, -23.585412979, 560.481628418, 55.759513855, -15.065167427, 558.333251953, 1155
519358.925902669, 304.968139648, 201.062500000, 359.552795410, 207.743041992, 426.373870850, 217.248046875, 481.932556152, 223.229721069, -11.374341011, -23.633403778, 560.776428223, 52.773410797, -15.193495750, 558.399658203, 1156
519358.942590195, 302.197326660, 200.211914062, 356.561279297, 207.088989258, 423.442993164, 217.149414062, 479.521972656, 223.524520874, -14.538622856, -23.729536057, 560.888488770, 49.480915070, -15.360438347, 557.896789551, 1157
519358.959277721, 299.193054199, 200.719207764, 354.138275146, 206.762496948, 420.732177734, 217.160324097, 476.377868652, 222.766403198, -17.952325821, -23.801063538, 560.671569824, 46.050758362, -15.582363129, 557.717529297, 1158
519358.975965248, 296.272277832, 200.795898438, 351.251464844, 206.764999390, 417.828948975, 217.574310303, 473.322631836, 223.264450073, -21.509441376, -23.836231232, 560.530334473, 42.490345001, -15.734362602, 557.600341797, 1159
519358.992652774, 293.330810547, 200.601806641, 347.727111816, 206.556427002, 415.196228027, 217.451751709, 470.407958984, 223.160552979, -25.234586716, -23.852495193, 559.843139648, 38.636695862, -15.898280144, 556.832031250, 1160
519359.009340300, 290.166992188, 200.996200562, 345.100677490, 206.866455078, 412.015228271, 217.429412842, 466.717895508, 222.751342773, -29.089336395, -23.844837189, 559.443298340, 34.781890869, -16.100614548, 556.952026367, 1161
519359.026027826, 287.154785156, 200.780975342, 341.842163086, 206.223236084, 408.712524414, 217.756225586, 463.772064209, 222.393157959, -33.014778137, -23.864076614, 559.135986328, 30.879587173, -16.328407288, 557.003295898, 1162
519359.042715352, 283.567077637, 200.962814331, 338.263366699, 205.647491455, 405.334594727, 217.488983154, 460.723358154, 222.271179199, -37.098526001, -23.852212906, 558.622619629, 26.765630722, -16.558824539, 556.619140625, 1163
519359.059402878, 280.765502930, 201.120697021, 335.388610840, 206.010055542, 402.280944824, 217.720321655, 457.556274414, 221.836914062, -41.067485809, -23.801879883, 558.586791992, 22.825534821, -16.791521072, 556.817443848, 1164
519359.076090404, 277.536254883, 200.991455078, 332.456604004, 205.785018921, 399.201049805, 217.638031006, 454.039794922, 222.022811890, -45.034305573, -23.764703751, 558.432495117, 18.962068558, -17.005762100, 557.232116699, 1165
519359.092777930, 274.178894043, 201.691253662, 328.836975098, 205.678253174, 395.621215820, 218.124511719, 450.826599121, 221.819442749, -49.042015076, -23.677902222, 558.549804688, 15.017205238, -17.208263397, 557.407653809, 1166
519359.109465456, 270.856567383, 201.574996948, 324.989532471, 205.356491089, 392.703857422, 218.034637451, 447.558349609, 221.906478882, -53.075088501, -23.559352875, 557.987731934, 10.844210625, -17.353635788, 556.513305664, 1167
519359.126152982, 267.516784668, 201.674041748, 322.137237549, 205.838302612, 389.114196777, 218.307540894, 444.294189453, 221.673980713, -57.028800964, -23.460279465, 558.006225586, 6.892476082, -17.505704880, 556.445678711, 1168
519359.142688758, 264.051269531, 202.284088135, 318.820129395, 205.364608765, 386.081542969, 218.533935547, 441.103363037, 222.179351807, -60.951801300, -23.241531372, 557.167175293, 2.909817457, -17.629501343, 555.989746094, 1169
519359.159369325, 260.925750732, 202.234954834, 315.579772949, 205.545898438, 382.886322021, 218.625610352, 437.619384766, 221.385742188, -64.824234009, -23.084280014, 556.989624023, -1.020661950, -17.749773026, 555.815368652, 1170
519359.176049893, 257.576477051, 201.708374023, 312.326538086, 205.083709717, 379.427368164, 218.836059570, 434.312622070, 221.314117432, -68.707832336, -22.977609634, 557.102966309, -4.924071312, -17.925464630, 555.820495605, 1171
519359.192730460, 254.546478271, 202.356689453, 309.281097412, 205.251007080, 376.355316162, 219.210876465, 431.685729980, 221.594421387, -72.466987610, -22.775232315, 556.574890137, -8.721079826, -18.037321091, 555.124633789, 1172
519359.209411027, 251.688476562, 202.402343750, 306.154113770, 204.785186768, 373.398925781, 219.295867920, 428.185424805, 221.443328857, -76.177139282, -22.627738953, 557.062377930, -12.422652245, -18.197576523, 555.090515137, 1173
519359.226091594, 248.351547241, 202.661895752, 303.100769043, 205.085067749, 370.275726318, 219.474212646, 424.922210693, 221.518066406, -79.860252380, -22.457933426, 557.351257324, -16.076932907, -18.301067352, 555.319152832, 1174
519359.242772161, 245.474060059, 203.285980225, 300.374938965, 205.058837891, 367.445861816, 219.505096436, 421.845703125, 221.303863525, -83.440544128, -22.252735138, 557.424377441, -19.651506424, -18.395410538, 555.664306641, 1175
519359.259452728, 242.589447021, 203.492218018, 297.409881592, 205.339385986, 364.624755859, 219.749267578, 419.235534668, 221.445434570, -86.859542847, -22.027128220, 557.409240723, -23.074541092, -18.444379807, 555.782897949, 1176
519359.276133295, 240.028854370, 203.731063843, 294.891113281, 205.547409058, 361.925964355, 219.942230225, 416.296508789, 221.511337280, -90.153617859, -21.799589157, 558.162536621, -26.302139282, -18.496656418, 556.477172852, 1177
519359.292813862, 237.175460815, 204.394699097, 292.309509277, 205.344757080, 359.279418945, 220.195556641, 413.920135498, 221.560638428, -93.318588257, -21.550838470, 558.373229980, -29.426876068, -18.519929886, 556.923095703, 1178
519359.309494430, 234.993942261, 204.194793701, 290.401397705, 204.948028564, 356.793518066, 220.454315186, 411.878845215, 221.285934448, -96.262886047, -21.306970596, 558.513793945, -32.264659882, -18.583404541, 557.322204590, 1179
519359.326174997, 231.934539795, 204.453231812, 287.762695312, 205.210968018, 354.436889648, 220.933837891, 409.642944336, 221.511596680, -99.075294495, -21.001581192, 557.922485352, -35.069087982, -18.596979141, 557.057678223, 1180
519359.342855564, 230.250213623, 204.234375000, 285.651123047, 205.190841675, 351.955688477, 221.048797607, 407.265930176, 221.623931885, -101.751586914, -20.768159866, 558.176635742, -37.673603058, -18.618019104, 557.278625488, 1181
519359.359536131, 228.169647217, 204.634933472, 283.563781738, 204.955841064, 350.427337646, 221.228637695, 405.344482422, 221.172836304, -104.158348083, -20.509365082, 557.841491699, -40.073081970, -18.648952484, 557.019775391, 1182
519359.376216698, 226.224533081, 204.967651367, 281.776641846, 204.969146729, 348.207153320, 221.259765625, 403.683776855, 221.557540894, -106.448211670, -20.236169815, 557.780456543, -42.307098389, -18.646915436, 556.886047363, 1183
519359.392897265, 224.590316772, 204.723266602, 280.326934814, 205.002670288, 347.214355469, 221.361083984, 402.447753906, 221.848175049, -108.273490906, -19.975641251, 556.651733398, -44.211620331, -18.622800827, 556.113098145, 1184
519359.409577832, 223.684738159, 205.518035889, 278.976501465, 205.687347412, 345.588806152, 222.069793701, 400.915039062, 221.942489624, -109.962944031, -19.682239532, 556.680175781, -45.834846497, -18.549909592, 556.152221680, 1185
519359.426258399, 222.811126709, 206.460861206, 278.019989014, 206.537963867, 344.506530762, 223.007751465, 399.374969482, 222.954498291, -111.463081360, -19.270744324, 557.342468262, -47.228137970, -18.355279922, 556.821411133, 1186
519359.442938966, 221.890991211, 207.029403687, 276.699829102, 207.364410400, 344.131042480, 223.689422607, 398.458099365, 223.982116699, -112.603965759, -18.734395981, 557.349548340, -48.380813599, -17.960681915, 556.741455078, 1187
519359.459619534, 220.953170776, 208.003540039, 276.225769043, 208.033782959, 342.986145020, 224.572021484, 397.525634766, 224.152465820, -113.578979492, -18.040250778, 557.621704102, -49.304649353, -17.464006424, 557.187622070, 1188
519359.476300101, 219.790267944, 208.106201172, 274.796386719, 208.005844116, 342.316009521, 224.854736328, 396.784912109, 224.744415283, -114.386734009, -17.301280975, 557.248474121, -50.146953583, -16.899967194, 556.776916504, 1189
519359.492980668, 219.206909180, 208.725311279, 274.256225586, 208.338623047, 341.784667969, 224.758178711, 396.199218750, 224.634216309, -114.981033325, -16.585435867, 556.780090332, -50.812217712, -16.322734833, 556.330261230, 1190
519359.509661235, 218.545776367, 208.635253906, 273.310241699, 208.330978394, 341.305755615, 224.905075073, 395.824157715, 224.631149292, -115.356460571, -16.025323868, 556.030334473, -51.335651398, -15.866329193, 555.516235352, 1191
519359.526341802, 218.309127808, 208.716186523, 272.988494873, 208.436950684, 340.817016602, 225.075241089, 395.121276855, 224.763824463, -115.656433105, -15.544672012, 555.526306152, -51.796329498, -15.475733757, 554.878295898, 1192
519359.542816285, 218.156219482, 208.747177124, 273.011260986, 208.545684814, 340.325195312, 225.018280029, 394.933776855, 224.611557007, -115.917510986, -15.192366600, 555.861633301, -52.078773499, -15.228904724, 555.269348145, 1193
519359.559489899, 218.059127808, 208.480880737, 272.469757080, 208.615768433, 340.189544678, 224.837753296, 394.685180664, 224.574020386, -116.058082581, -14.975438118, 555.908020020, -52.286033630, -15.024253845, 555.056030273, 1194
519359.576163513, 218.076751709, 208.278808594, 272.778167725, 208.512237549, 339.903564453, 225.115600586, 394.624694824, 224.757904053, -116.146415710, -14.831251144, 556.469177246, -52.387954712, -14.899867058, 555.577148438, 1195
519359.592837127, 217.464080811, 208.920898438, 273.050323486, 208.574127197, 340.609466553, 224.909484863, 394.556976318, 224.859970093, -115.936386108, -14.670988083, 555.566650391, -52.344226837, -14.809146881, 555.191467285, 1196
519359.609510740, 217.774948120, 208.609909058, 272.861755371, 208.402633667, 340.210449219, 224.805145264, 394.811340332, 224.747787476, -115.755432129, -14.640621185, 555.405090332, -52.222988129, -14.799713135, 555.272949219, 1197
519359.626184354, 218.099609375, 208.764038086, 273.146331787, 208.483795166, 340.163696289, 224.992355347, 394.664886475, 224.565826416, -115.614006042, -14.638414383, 556.354858398, -51.995250702, -14.836065292, 556.334960938, 1198
519359.642857968, 218.191329956, 208.622283936, 272.878906250, 208.314788818, 340.506774902, 224.938156128, 395.367553711, 224.508407593, -115.267127991, -14.624670029, 556.151733398, -51.654468536, -14.881430626, 555.859558105, 1199
519359.659531582, 218.420989990, 208.818328857, 272.954925537, 208.512252808, 340.830932617, 224.732833862, 395.497650146, 224.514312744, -114.871482849, -14.634876251, 556.257934570, -51.280467987, -14.888449669, 555.603393555, 1200
519359.676205196, 218.899353027, 208.423095703, 273.631072998, 208.600769043, 340.954223633, 225.024276733, 395.769042969, 224.584625244, -114.459358215, -14.648742676, 556.541870117, -50.834968567, -14.898336411, 555.641723633, 1201
519359.692878810, 218.985198975, 208.440109253, 274.063659668, 208.513305664, 341.601074219, 224.513183594, 396.702270508, 224.507064819, -113.855972290, -14.687097549, 555.950927734, -50.268264771, -14.901209831, 554.794982910, 1202
519359.709552424, 219.542526245, 208.142059326, 274.307952881, 208.289978027, 341.859558105, 224.299560547, 396.563903809, 224.114013672, -113.416130066, -14.777585030, 555.647399902, -49.854660034, -14.963521957, 554.438598633, 1203
519359.726226038, 219.670822144, 208.467742920, 275.348022461, 208.547576904, 342.432220459, 224.552368164, 397.405273438, 224.316345215, -113.026725769, -14.795289040, 555.342956543, -49.415966034, -14.964216232, 554.307739258, 1204
519359.742899652, 220.096374512, 208.406539917, 275.544525146, 208.720336914, 342.573822021, 224.752990723, 397.622741699, 224.285675049, -112.788208008, -14.805216789, 555.441162109, -49.113994598, -14.954209328, 554.493347168, 1205
519359.759573266, 220.926361084, 208.155364990, 276.101379395, 208.815338135, 343.309906006, 224.490844727, 398.152587891, 224.366790771, -112.536788940, -14.825729370, 555.481811523, -48.799491882, -14.947643280, 554.740234375, 1206
519359.776246880, 220.459350586, 208.205169678, 276.386566162, 208.280624390, 343.977233887, 224.893173218, 399.003021240, 224.639801025, -112.224311829, -14.804750443, 554.641662598, -48.500873566, -14.939968109, 554.325988770, 1207
519359.792920494, 221.387298584, 208.225799561, 277.481475830, 209.007080078, 344.727233887, 224.498413086, 399.371093750, 224.548202515, -111.540779114, -14.839694977, 554.320007324, -47.795238495, -14.913928032, 553.969604492, 1208
519359.809594108, 222.511886597, 207.919891357, 277.822998047, 208.527496338, 345.409667969, 224.730224609, 399.762329102, 224.805572510, -110.774787903, -14.870093346, 554.075805664, -47.050437927, -14.904785156, 553.990661621, 1209
519359.826267722, 222.492553711, 208.277877808, 278.003692627, 208.494750977, 345.564941406, 225.073913574, 400.491790771, 225.102691650, -110.111122131, -14.877488136, 553.729309082, -46.380374908, -14.867127419, 553.705444336, 1210
519359.842941336, 223.234176636, 208.294052124, 279.059020996, 208.692169189, 346.348876953, 224.958251953, 401.150848389, 225.021636963, -109.339759827, -14.878174782, 553.262145996, -45.593597412, -14.824347496, 553.822692871, 1211
519359.859614950, 224.015960693, 207.552337646, 279.291564941, 208.076202393, 347.507202148, 224.383636475, 402.157165527, 224.540512085, -108.447410583, -14.932549477, 552.253723145, -44.769226074, -14.830273628, 553.205505371, 1212
519359.876288564, 224.839691162, 207.368377686, 280.065246582, 207.720855713, 347.565032959, 223.641723633, 402.059082031, 224.011383057, -107.718452454, -15.058739662, 552.360351562, -44.004020691, -14.919270515, 553.726196289, 1213
519359.892962178, 225.879623413, 206.620361328, 280.429534912, 207.591293335, 349.094726562, 223.433700562, 403.055999756, 223.895797729, -106.690689087, -15.201029778, 551.691711426, -43.118854523, -15.004432678, 553.394958496, 1214
519359.909635792, 226.574310303, 206.175018311, 281.287414551, 207.131286621, 349.367767334, 222.912033081, 403.970153809, 223.433090210, -105.773925781, -15.433941841, 551.545471191, -42.218372345, -15.166625977, 553.334106445, 1215
519359.926291492, 227.378753662, 205.681884766, 282.336975098, 206.705108643, 350.136779785, 222.479125977, 404.077636719, 222.957305908, -104.807624817, -15.796417236, 551.948608398, -41.276695251, -15.455148697, 553.952209473, 1216
519359.942958159, 228.087692261, 205.571456909, 282.978576660, 206.397705078, 350.940521240, 222.306640625, 405.239501953, 222.769638062, -103.832405090, -16.185861588, 552.086669922, -40.337032318, -15.779820442, 554.245483398, 1217
519359.959624826, 229.088348389, 205.049774170, 283.277160645, 206.177780151, 351.763763428, 222.096893311, 405.794525146, 222.975448608, -102.838180542, -16.601890564, 552.355346680, -39.392440796, -16.125282288, 554.508056641, 1218
519359.976291492, 229.177673340, 205.689270020, 284.485168457, 206.716949463, 351.984710693, 222.077514648, 406.698364258, 222.779724121, -101.970657349, -16.912137985, 552.367736816, -38.566150665, -16.341402054, 554.444641113, 1219
519359.992958159, 229.913787842, 205.349243164, 284.883666992, 206.437484741, 353.239379883, 221.696411133, 407.603393555, 222.745086670, -100.955505371, -17.196619034, 551.992187500, -37.669017792, -16.554285049, 553.756164551, 1220
519360.009624826, 231.160202026, 205.210983276, 286.114715576, 206.355819702, 353.754089355, 221.685424805, 408.040710449, 222.729232788, -99.970085144, -17.483446121, 552.684020996, -36.620990753, -16.765726089, 554.396484375, 1221
519360.026291492, 231.459716797, 204.875122070, 286.390686035, 206.369369507, 354.670257568, 221.639617920, 408.909515381, 222.568969727, -99.079368591, -17.741159439, 552.236877441, -35.834194183, -16.921901703, 554.056213379, 1222
519360.042958159, 232.168457031, 205.079315186, 287.046386719, 206.105926514, 354.767211914, 221.383880615, 408.874938965, 222.560897827, -98.353698730, -17.996536255, 552.875427246, -35.112892151, -17.090194702, 554.639221191, 1223
519360.059624826, 232.418884277, 205.239196777, 287.645446777, 206.825469971, 355.571899414, 221.447189331, 409.772644043, 222.778472900, -97.576194763, -18.132801056, 552.378601074, -34.402542114, -17.125400543, 554.370422363, 1224
519360.076291492, 232.799285889, 204.725646973, 288.326232910, 206.442871094, 355.726257324, 221.737274170, 410.573669434, 222.551742554, -96.956306458, -18.281757355, 552.474975586, -33.735454559, -17.187215805, 554.493591309, 1225
519360.092958159, 233.410766602, 204.699707031, 288.789337158, 206.275375366, 356.309906006, 221.749389648, 410.861999512, 222.743881226, -96.356727600, -18.379125595, 552.334960938, -33.073116302, -17.234088898, 554.502685547, 1226
519360.109624826, 233.337890625, 204.910644531, 288.731719971, 206.188995361, 356.612792969, 221.055419922, 411.108276367, 222.636032104, -95.854370117, -18.470565796, 551.672180176, -32.598339081, -17.271322250, 554.216369629, 1227
519360.126291492, 233.879119873, 204.820526123, 289.380065918, 206.624298096, 357.052856445, 221.272399902, 411.559082031, 222.449737549, -95.421531677, -18.550895691, 551.706848145, -32.104213715, -17.280378342, 554.274414062, 1228
519360.142958159, 234.201156616, 205.075805664, 289.773193359, 206.722885132, 357.178894043, 221.482055664, 411.977294922, 222.927963257, -95.031806946, -18.581926346, 551.692016602, -31.651226044, -17.226909637, 554.369567871, 1229
519360.159624826, 234.476531982, 204.840499878, 289.878601074, 206.411422729, 357.640228271, 221.021850586, 412.138366699, 222.414123535, -94.701477051, -18.642709732, 551.377502441, -31.255769730, -17.252750397, 554.408752441, 1230
519360.176291492, 234.917724609, 204.570648193, 289.911804199, 206.444274902, 357.786010742, 221.380493164, 412.472106934, 222.690826416, -94.411552429, -18.701593399, 551.356994629, -30.988353729, -17.238035202, 554.282409668, 1231
519360.192958159, 234.700531006, 205.031250000, 290.453552246, 206.720001221, 358.524749756, 221.255050659, 412.745483398, 222.566070557, -94.104164124, -18.685724258, 550.350585938, -30.742607117, -17.195705414, 553.696899414, 1232
519360.209624826, 235.238037109, 204.620223999, 290.866516113, 206.645263672, 358.100677490, 221.245223999, 412.500671387, 222.219909668, -93.936531067, -18.752065659, 550.951477051, -30.451139450, -17.229448318, 554.575561523, 1233
519360.226291492, 235.090637207, 204.747482300, 290.292510986, 206.386032104, 358.483825684, 221.182434082, 412.826385498, 222.719726562, -93.800651550, -18.759300232, 550.376037598, -30.359157562, -17.204128265, 554.072631836, 1234
519360.242958159, 234.819931030, 204.609710693, 290.803283691, 206.394577026, 358.446960449, 221.120819092, 413.228363037, 222.734970093, -93.727012634, -18.783203125, 550.042236328, -30.227445602, -17.177112579, 553.933349609, 1235
519360.259624826, 235.138107300, 204.942138672, 290.962127686, 206.635726929, 358.716674805, 221.300903320, 413.305999756, 222.533874512, -93.645141602, -18.787721634, 549.761779785, -30.124824524, -17.184972763, 553.748291016, 1236
519360.276291492, 235.620788574, 204.703430176, 291.000579834, 206.624664307, 358.804443359, 221.307861328, 413.212646484, 222.824630737, -93.540893555, -18.809942245, 549.837768555, -30.031711578, -17.167158127, 553.961242676, 1237
519360.292958159, 235.246551514, 204.692749023, 291.026550293, 206.516937256, 358.759857178, 221.472167969, 413.497741699, 222.966964722, -93.474868774, -18.815172195, 549.636962891, -29.954936981, -17.139616013, 553.856994629, 1238
519360.309624826, 235.625671387, 204.837768555, 291.001403809, 206.470672607, 358.991638184, 221.459228516, 413.559997559, 222.693344116, -93.402740479, -18.795074463, 549.495117188, -29.898017883, -17.118398666, 553.679809570, 1239
519360.326356108, 235.330368042, 204.803802490, 291.006164551, 206.673141479, 358.956115723, 221.409851074, 413.822357178, 222.758895874, -93.349967957, -18.779338837, 549.198913574, -29.858150482, -17.089500427, 553.299072266, 1240
519360.343029722, 235.296997070, 204.575073242, 291.037048340, 206.501388550, 358.783569336, 221.244186401, 413.606658936, 222.712432861, -93.320465088, -18.809925079, 549.082458496, -29.829153061, -17.108085632, 553.247192383, 1241
519360.359703336, 235.576049805, 204.852050781, 291.016693115, 206.692489624, 358.463684082, 221.001770020, 413.357849121, 222.876800537, -93.343528748, -18.823074341, 549.446777344, -29.797378540, -17.078920364, 553.457702637, 1242
