timeLogged, leftEye.x, leftEye.y, leftEye.z, rightEye.x, rightEye.y, rightEye.z, timeReceived, timeCaptured, resetFilter, frameNumber, numberOfEyePairs, headPosition.x, headPosition.y, headPosition.z, headDirection.x, headDirection.y, headDirection.z
1126934.295339,-9.513532,-5.011866,47.713558,-3.164738,-4.935489,48.148540,1126934.295338,1126934.251286,0,1599,1,-6.562239,-5.080752,56.941730,0.348521,-0.019456,0.035061
1126934.311122,-9.518537,-4.988082,47.744907,-3.165699,-4.902246,48.163883,1126934.311121,1126934.267960,0,1600,1,-6.568938,-5.160880,56.963894,0.357059,-0.020355,0.033513
1126934.327089,-9.519515,-4.990458,47.755211,-3.165417,-4.905368,48.162231,1126934.327088,1126934.284634,0,1601,1,-6.668027,-5.124097,56.965759,0.352844,-0.031566,0.033084
1126934.344930,-9.519015,-5.013263,47.777081,-3.164690,-4.907842,48.156334,1126934.344930,1126934.301307,0,1602,1,-6.544512,-5.166476,56.976704,0.357602,-0.017406,0.034785
1126934.359188,-9.514076,-5.015010,47.774643,-3.158277,-4.932053,48.160213,1126934.359187,1126934.317981,0,1603,1,-6.523556,-4.971323,56.979305,0.336040,-0.015081,0.035888
1126934.375065,-9.511736,-5.017235,47.775589,-3.158207,-4.907259,48.149670,1126934.375064,1126934.334654,0,1604,1,-6.603765,-5.019302,56.972431,0.341515,-0.024351,0.036265
1126934.390682,-9.508303,-5.038949,47.775539,-3.159830,-4.912639,48.133278,1126934.390681,1126934.351328,0,1605,1,-6.556191,-4.982589,56.965527,0.337897,-0.018740,0.037534
1126934.406837,-9.506014,-5.029525,47.779076,-3.159369,-4.897564,48.136780,1126934.406836,1126934.368002,0,1606,1,-6.563848,-5.019034,56.968769,0.342352,-0.020340,0.034715
1126934.423133,-9.506003,-5.035057,47.786434,-3.159740,-4.900367,48.150269,1126934.423132,1126934.384675,0,1607,1,-6.514648,-5.074538,56.979946,0.348812,-0.014557,0.036425
1126934.439344,-9.504224,-4.997188,47.789120,-3.157737,-4.899179,48.153797,1126934.439343,1126934.401349,0,1608,1,-6.547869,-4.940335,56.982594,0.333929,-0.018425,0.035845
1126934.454992,-9.504663,-4.988879,47.777508,-3.159663,-4.889525,48.158142,1126934.454991,1126934.418023,0,1609,1,-6.529785,-4.936810,56.979389,0.333640,-0.015977,0.037415
1126934.471186,-9.505941,-5.041307,47.780785,-3.160225,-4.898611,48.147827,1126934.471185,1126934.434696,0,1610,1,-6.574458,-5.029948,56.974823,0.343908,-0.021775,0.033018
1126934.487931,-9.511115,-4.999301,47.799435,-3.162562,-4.898664,48.166874,1126934.487930,1126934.451370,0,1611,1,-6.557903,-5.072797,56.993862,0.348698,-0.019543,0.033550
1126934.502720,-9.514149,-4.999155,47.807758,-3.164459,-4.894241,48.154957,1126934.502719,1126934.468043,0,1612,1,-6.550564,-5.105523,56.991882,0.352628,-0.018154,0.035556
1126934.519223,-9.515606,-5.027570,47.812553,-3.164470,-4.948538,48.164791,1126934.519222,1126934.484717,0,1613,1,-6.545480,-5.043760,56.999989,0.346020,-0.017888,0.031715
1126934.534726,-9.515311,-5.020240,47.804447,-3.167753,-4.879592,48.158279,1126934.534725,1126934.501391,0,1614,1,-6.574165,-5.266301,56.987514,0.371184,-0.021061,0.034183
1126934.551937,-9.521909,-4.999181,47.795536,-3.173138,-4.907857,48.161018,1126934.551936,1126934.518064,0,1615,1,-6.615078,-5.164847,56.986103,0.360189,-0.024144,0.038195
1126934.566716,-9.525402,-5.017855,47.803280,-3.173278,-4.919922,48.174389,1126934.566716,1126934.534738,0,1616,1,-6.540826,-4.895477,57.000408,0.331180,-0.016095,0.031725
1126934.599039,-9.529296,-4.995227,47.801292,-3.174425,-4.899428,48.185070,1126934.599038,1126934.551411,0,1617,1,-6.622907,-5.116923,57.001659,0.355881,-0.025305,0.033036
1126934.615138,-9.533469,-4.999880,47.779911,-3.176708,-4.891222,48.180374,1126934.615137,1126934.568075,0,1618,1,-6.632851,-4.964389,56.989727,0.339238,-0.025514,0.034777
1126934.631165,-9.536976,-4.992921,47.780510,-3.178540,-4.909113,48.153004,1126934.631164,1126934.584741,0,1619,1,-6.567687,-5.033384,56.977871,0.347271,-0.017762,0.035858
1126934.647725,-9.536384,-5.025216,47.782253,-3.176809,-4.892730,48.162701,1126934.647724,1126934.601408,0,1620,1,-6.673308,-5.147939,56.978790,0.359766,-0.030209,0.034721
1126934.663072,-9.538139,-5.011285,47.775803,-3.173964,-4.925106,48.178173,1126934.663071,1126934.618075,0,1621,1,-6.600862,-5.053842,56.987049,0.349273,-0.021296,0.038250
1126934.679133,-9.537099,-5.012937,47.769711,-3.174376,-4.913163,48.184822,1126934.679132,1126934.634741,0,1622,1,-6.614496,-5.017297,56.987240,0.345330,-0.022841,0.038097
1126934.695159,-9.537531,-5.007136,47.763702,-3.173807,-4.910579,48.187454,1126934.695158,1126934.651408,0,1623,1,-6.524114,-5.052996,56.987377,0.349599,-0.013449,0.033679
1126934.710932,-9.535132,-4.973908,47.738091,-3.171998,-4.925169,48.200954,1126934.710931,1126934.668075,0,1624,1,-6.595777,-5.033260,56.979774,0.347885,-0.021953,0.032600
1126934.727110,-9.533632,-5.010844,47.735447,-3.170901,-4.926652,48.213646,1126934.727109,1126934.684741,0,1625,1,-6.579779,-5.046397,56.985023,0.349766,-0.019423,0.037710
1126934.742858,-9.535743,-4.981464,47.724190,-3.169656,-4.910058,48.228100,1126934.742858,1126934.701408,0,1626,1,-6.562393,-5.221528,56.983295,0.369708,-0.018042,0.036201
1126934.759317,-9.536430,-4.979593,47.740997,-3.169405,-4.881521,48.222805,1126934.759316,1126934.718075,0,1627,1,-6.602056,-5.111747,56.990734,0.357587,-0.022140,0.037396
1126934.775385,-9.534373,-4.983970,47.727600,-3.171627,-4.892265,48.199646,1126934.775384,1126934.734741,0,1628,1,-6.554804,-5.036294,56.974781,0.348991,-0.016940,0.035489
1126934.791347,-9.536222,-5.013399,47.724808,-3.164008,-4.942259,48.213257,1126934.791346,1126934.751408,0,1629,1,-6.534904,-5.019086,56.980755,0.346766,-0.015289,0.033013
1126934.807290,-9.536790,-4.973617,47.737263,-3.163441,-4.886821,48.231647,1126934.807289,1126934.768075,0,1630,1,-6.505811,-5.041341,56.996582,0.348263,-0.011462,0.037405
1126934.822806,-9.532153,-5.000180,47.737072,-3.159249,-4.902971,48.257847,1126934.822805,1126934.784741,0,1631,1,-6.524943,-5.081428,57.008797,0.351823,-0.014199,0.037057
1126934.839396,-9.528574,-4.989544,47.729031,-3.157497,-4.906363,48.257896,1126934.839396,1126934.801408,0,1632,1,-6.582475,-5.158407,57.002186,0.359659,-0.021227,0.036655
1126934.856490,-9.525385,-4.974264,47.739155,-3.156288,-4.901393,48.240681,1126934.856489,1126934.818075,0,1633,1,-6.553020,-5.107113,57.000294,0.353620,-0.018080,0.036678
1126934.871811,-9.524733,-5.008093,47.743053,-3.156424,-4.928175,48.245594,1126934.871810,1126934.834741,0,1634,1,-6.448850,-5.142336,57.005989,0.357671,-0.006418,0.036056
1126934.888271,-9.524653,-4.999384,47.743881,-3.156697,-4.894444,48.233685,1126934.888271,1126934.851408,0,1635,1,-6.555104,-4.984233,57.000088,0.340409,-0.019033,0.031039
1126934.903051,-9.522772,-4.993208,47.753841,-3.155953,-4.898264,48.236752,1126934.903050,1126934.868075,0,1636,1,-6.530197,-5.170748,57.004921,0.361098,-0.016117,0.034602
1126934.919213,-9.523574,-4.987108,47.735474,-3.156747,-4.903972,48.213203,1126934.919212,1126934.884741,0,1637,1,-6.585074,-5.057896,56.984432,0.348816,-0.022494,0.031637
1126934.935154,-9.519674,-5.028813,47.724056,-3.156384,-4.919932,48.201511,1126934.935153,1126934.901408,0,1638,1,-6.522285,-5.105737,56.973732,0.354184,-0.015020,0.035370
1126934.951212,-9.517333,-4.998852,47.704754,-3.155012,-4.913777,48.206528,1126934.951211,1126934.918075,0,1639,1,-6.480878,-5.082886,56.967651,0.351389,-0.009829,0.039794
1126934.968406,-9.515442,-4.979478,47.669979,-3.151171,-4.912337,48.217625,1126934.968405,1126934.934741,0,1640,1,-6.501569,-5.137514,56.954571,0.357284,-0.012854,0.038487
1126934.999169,-9.511611,-4.988211,47.665066,-3.156460,-4.879610,48.187965,1126934.999168,1126934.951408,0,1641,1,-6.567356,-5.170822,56.935230,0.360478,-0.020817,0.035391
1126935.015209,-9.508386,-4.992147,47.642883,-3.156582,-4.892538,48.160614,1126935.015208,1126934.968063,0,1642,1,-6.560272,-5.169616,56.910652,0.360270,-0.019701,0.038227
1126935.030759,-9.508967,-5.007316,47.631737,-3.157288,-4.932607,48.143425,1126935.030758,1126934.984723,0,1643,1,-6.494933,-5.216324,56.896759,0.365772,-0.012449,0.037044
1126935.047199,-9.511843,-5.004371,47.628307,-3.160297,-4.937798,48.129887,1126935.047198,1126935.001383,0,1644,1,-6.532711,-5.243750,56.886696,0.369191,-0.016862,0.034296
1126935.064317,-9.513690,-4.984308,47.618664,-3.163451,-4.924177,48.128666,1126935.064316,1126935.018042,0,1645,1,-6.530679,-5.240154,56.881386,0.369012,-0.015357,0.040937
1126935.078930,-9.511595,-4.989866,47.614315,-3.161365,-4.917211,48.114540,1126935.078930,1126935.034702,0,1646,1,-6.538671,-5.151370,56.874203,0.359052,-0.017643,0.032637
1126935.094807,-9.507801,-5.014575,47.594418,-3.162951,-4.924708,48.114292,1126935.094806,1126935.051362,0,1647,1,-6.554166,-5.120824,56.864346,0.355341,-0.018546,0.037985
1126935.110907,-9.509810,-5.019954,47.588642,-3.164150,-4.929525,48.109577,1126935.110906,1126935.068022,0,1648,1,-6.550862,-5.294043,56.854828,0.374161,-0.018404,0.037506
1126935.127059,-9.507800,-5.043486,47.588444,-3.162614,-4.956709,48.124477,1126935.127059,1126935.084681,0,1649,1,-6.547662,-5.237495,56.864193,0.367385,-0.018947,0.031893
1126935.143312,-9.511960,-5.023641,47.598705,-3.163543,-4.935993,48.127060,1126935.143312,1126935.101341,0,1650,1,-6.475935,-5.112646,56.874844,0.352777,-0.009272,0.038775
1126935.159282,-9.513668,-5.029180,47.616306,-3.159890,-4.961713,48.138008,1126935.159282,1126935.118001,0,1651,1,-6.499443,-5.255559,56.885761,0.368020,-0.012846,0.035272
1126935.174908,-9.516053,-5.022146,47.642529,-3.162335,-4.942876,48.131363,1126935.174907,1126935.134660,0,1652,1,-6.504979,-5.194911,56.897182,0.360624,-0.013709,0.031636
1126935.191335,-9.517326,-5.052223,47.660370,-3.159341,-4.967677,48.158497,1126935.191335,1126935.151320,0,1653,1,-6.458510,-5.216212,56.920013,0.362616,-0.008371,0.032565
1126935.207640,-9.518605,-5.024797,47.685135,-3.159636,-4.952290,48.163620,1126935.207639,1126935.167980,0,1654,1,-6.516542,-5.099120,56.936035,0.349049,-0.013871,0.037599
1126935.225510,-9.519747,-5.040963,47.698009,-3.160544,-4.932022,48.169128,1126935.225510,1126935.184640,0,1655,1,-6.469774,-5.156396,56.945385,0.354791,-0.009673,0.031079
1126935.238863,-9.524387,-5.073286,47.722008,-3.162481,-4.974759,48.181011,1126935.238863,1126935.201299,0,1656,1,-6.470547,-5.116126,56.964046,0.348932,-0.008412,0.035896
1126935.255094,-9.527427,-5.085221,47.734718,-3.165537,-4.984659,48.199730,1126935.255093,1126935.217959,0,1657,1,-6.528729,-5.025373,56.979244,0.337082,-0.014284,0.036862
1126935.272334,-9.531967,-5.117242,47.721127,-3.171447,-5.025864,48.206234,1126935.272333,1126935.234619,0,1658,1,-6.559716,-5.091003,56.975109,0.342365,-0.017517,0.035159
1126935.287965,-9.541260,-5.159687,47.737858,-3.178745,-5.052891,48.195522,1126935.287964,1126935.251279,0,1659,1,-6.623112,-5.051475,56.976692,0.335239,-0.023553,0.035484
1126935.303094,-9.549252,-5.163714,47.734127,-3.186677,-5.053834,48.177486,1126935.303094,1126935.267938,0,1660,1,-6.663151,-5.108366,56.964840,0.337667,-0.027021,0.037293
1126935.318611,-9.558860,-5.169127,47.741261,-3.195824,-5.114458,48.165165,1126935.318610,1126935.284598,0,1661,1,-6.562099,-5.070072,56.964680,0.328383,-0.015698,0.029794
1126935.334587,-9.564940,-5.279079,47.731289,-3.204213,-5.188974,48.161541,1126935.334586,1126935.301258,0,1662,1,-6.605875,-5.082030,56.956409,0.322789,-0.019158,0.032718
1126935.350972,-9.573249,-5.355327,47.708340,-3.217625,-5.251781,48.129238,1126935.350971,1126935.317917,0,1663,1,-6.637985,-5.110313,56.927441,0.318064,-0.022208,0.028806
1126935.382841,-9.588145,-5.432403,47.694500,-3.233904,-5.348365,48.104877,1126935.382841,1126935.334577,0,1664,1,-6.551404,-5.196800,56.910381,0.317562,-0.011325,0.025077
1126935.399030,-9.601751,-5.510840,47.668110,-3.250139,-5.455798,48.069950,1126935.399028,1126935.351329,0,1665,1,-6.627431,-5.319871,56.879047,0.320025,-0.016453,0.035222
1126935.415039,-9.616253,-5.624286,47.633850,-3.263821,-5.580968,48.047890,1126935.415038,1126935.367996,0,1666,1,-6.673080,-5.480170,56.850849,0.324892,-0.020558,0.032655
1126935.430984,-9.628227,-5.766905,47.606216,-3.277920,-5.683072,48.021221,1126935.430983,1126935.384663,0,1667,1,-6.667069,-5.379418,56.818256,0.300111,-0.018662,0.029322
1126935.446804,-9.639391,-5.932006,47.579052,-3.287442,-5.858577,48.005428,1126935.446803,1126935.401329,0,1668,1,-6.650131,-5.495819,56.796478,0.297595,-0.015013,0.031675
1126935.463134,-9.652720,-6.053060,47.572369,-3.297472,-6.006279,47.964142,1126935.463133,1126935.417996,0,1669,1,-6.578810,-5.681946,56.774933,0.300849,-0.006876,0.025521
1126935.479282,-9.663448,-6.215876,47.556961,-3.306406,-6.168917,47.936089,1126935.479282,1126935.434663,0,1670,1,-6.536668,-5.754196,56.750164,0.291872,-0.000231,0.028670
1126935.495337,-9.674846,-6.343485,47.542706,-3.316423,-6.266099,47.909733,1126935.495336,1126935.451329,0,1671,1,-6.556379,-5.971264,56.732788,0.299470,-0.001162,0.030136
1126935.511252,-9.682080,-6.548404,47.534275,-3.324774,-6.438681,47.884968,1126935.511251,1126935.467996,0,1672,1,-6.613342,-6.055828,56.712543,0.291303,-0.006080,0.032483
1126935.526952,-9.686770,-6.676032,47.498638,-3.330406,-6.616094,47.839474,1126935.526951,1126935.484663,0,1673,1,-6.631694,-6.161672,56.669067,0.285293,-0.007559,0.032209
1126935.543060,-9.691272,-6.891407,47.483593,-3.335276,-6.777976,47.794918,1126935.543059,1126935.501329,0,1674,1,-6.713042,-6.193061,56.629799,0.270428,-0.015717,0.033295
1126935.558793,-9.694996,-7.048307,47.465050,-3.338813,-6.968903,47.776661,1126935.558792,1126935.517996,0,1675,1,-6.555415,-6.407101,56.616627,0.275951,0.001621,0.028980
1126935.574622,-9.695439,-7.234776,47.455914,-3.334922,-7.156507,47.786205,1126935.574622,1126935.534663,0,1676,1,-6.543597,-6.563448,56.616100,0.274639,0.003222,0.030826
1126935.590955,-9.696661,-7.342975,47.457993,-3.334520,-7.268623,47.806492,1126935.590954,1126935.551329,0,1677,1,-6.622788,-6.587748,56.616512,0.258907,-0.005885,0.029687
1126935.607320,-9.695130,-7.542801,47.466892,-3.330932,-7.442054,47.819744,1126935.607319,1126935.567996,0,1678,1,-6.533947,-6.681485,56.622375,0.251350,0.003685,0.027585
1126935.623202,-9.698532,-7.680255,47.481625,-3.325512,-7.622472,47.839779,1126935.623201,1126935.584663,0,1679,1,-6.591321,-6.920631,56.645809,0.259729,-0.003515,0.025670
1126935.639083,-9.695289,-7.849524,47.497768,-3.322942,-7.760128,47.848068,1126935.639082,1126935.601329,0,1680,1,-6.511108,-7.206671,56.667061,0.273082,0.005037,0.025565
1126935.655081,-9.688981,-8.026958,47.469433,-3.317849,-7.938859,47.868671,1126935.655080,1126935.617996,0,1681,1,-6.655419,-7.161416,56.646584,0.250783,-0.010543,0.030677
1126935.671124,-9.687915,-8.150534,47.496002,-3.313227,-8.075820,47.886623,1126935.671123,1126935.634663,0,1682,1,-6.578575,-7.145741,56.653027,0.231881,-0.002924,0.026255
1126935.686979,-9.681818,-8.317623,47.507385,-3.304282,-8.285136,47.916775,1126935.686978,1126935.651329,0,1683,1,-6.561958,-7.277026,56.672207,0.230178,-0.001690,0.026503
1126935.703186,-9.681344,-8.448062,47.531628,-3.301759,-8.376971,47.948570,1126935.703185,1126935.667996,0,1684,1,-6.486151,-7.448697,56.704464,0.234423,0.007137,0.028602
1126935.720625,-9.682013,-8.573423,47.560467,-3.299836,-8.497136,47.996170,1126935.720625,1126935.684663,0,1685,1,-6.457609,-7.554549,56.741859,0.233662,0.009620,0.025346
1126935.735060,-9.677549,-8.650408,47.576412,-3.299368,-8.596347,48.027050,1126935.735059,1126935.701329,0,1686,1,-6.518031,-7.531203,56.750912,0.219383,0.003416,0.028797
1126935.750892,-9.677569,-8.751521,47.614296,-3.301275,-8.678027,48.044609,1126935.750891,1126935.717996,0,1687,1,-6.560909,-7.612340,56.778755,0.219673,-0.002174,0.025085
1126935.782777,-9.676884,-8.782982,47.620224,-3.305712,-8.736007,48.036716,1126935.782776,1126935.734663,0,1688,1,-6.544093,-7.643537,56.775673,0.217627,0.000793,0.028724
1126935.798754,-9.679130,-8.804587,47.632587,-3.309396,-8.773368,48.022182,1126935.798753,1126935.751399,0,1689,1,-6.570228,-7.538573,56.756142,0.201885,-0.001956,0.027439
1126935.815647,-9.679477,-8.841637,47.639442,-3.316780,-8.785819,48.015362,1126935.815646,1126935.768072,0,1690,1,-6.523696,-7.787517,56.785378,0.227846,0.003695,0.028444
1126935.831071,-9.679320,-8.834517,47.638485,-3.321312,-8.778851,48.007446,1126935.831071,1126935.784746,0,1691,1,-6.586278,-7.714353,56.772137,0.219639,-0.003429,0.027104
1126935.846979,-9.683955,-8.809023,47.640533,-3.325793,-8.763171,48.012096,1126935.846978,1126935.801420,0,1692,1,-6.547421,-7.700571,56.776398,0.220262,0.001916,0.028796
1126935.863074,-9.694076,-8.755746,47.648556,-3.336334,-8.705818,47.981213,1126935.863073,1126935.818093,0,1693,1,-6.638538,-7.685480,56.767780,0.223512,-0.007323,0.029082
1126935.879221,-9.703055,-8.707031,47.617687,-3.347825,-8.648670,47.955154,1126935.879221,1126935.834767,0,1694,1,-6.595428,-7.552208,56.732647,0.216813,-0.001021,0.029236
1126935.894631,-9.713351,-8.625167,47.559536,-3.362617,-8.570434,47.892628,1126935.894630,1126935.851440,0,1695,1,-6.635063,-7.695604,56.698383,0.243630,-0.004351,0.029587
1126935.911575,-9.728211,-8.493990,47.521576,-3.377018,-8.444191,47.873470,1126935.911575,1126935.868114,0,1696,1,-6.585001,-7.647433,56.676159,0.250847,0.002379,0.027498
1126935.926983,-9.742659,-8.353343,47.467934,-3.392039,-8.307474,47.822838,1126935.926982,1126935.884788,0,1697,1,-6.653059,-7.674195,56.635906,0.267772,-0.003983,0.027452
1126935.943196,-9.761249,-8.213592,47.415657,-3.411915,-8.171317,47.770718,1126935.943195,1126935.901461,0,1698,1,-6.606407,-7.534287,56.583233,0.266554,0.002767,0.023970
1126935.959037,-9.778980,-8.072211,47.342144,-3.429081,-8.045515,47.728798,1126935.959036,1126935.918135,0,1699,1,-6.648293,-7.460335,56.529266,0.272656,-0.000525,0.021905
1126935.974980,-9.797596,-8.000583,47.268402,-3.450948,-7.956712,47.666649,1126935.974979,1126935.934809,0,1700,1,-6.692024,-7.523496,56.469124,0.287542,-0.003362,0.021975
1126935.991401,-9.816094,-7.821702,47.205410,-3.472541,-7.780626,47.607922,1126935.991399,1126935.951482,0,1701,1,-6.670682,-7.392830,56.410522,0.292192,0.000814,0.019694
1126936.006930,-9.833083,-7.622484,47.120865,-3.490601,-7.601681,47.535332,1126936.006929,1126935.968156,0,1702,1,-6.664423,-7.231444,56.332638,0.293755,0.003632,0.020573
1126936.023297,-9.848785,-7.499045,47.045498,-3.510338,-7.462032,47.491764,1126936.023296,1126935.984829,0,1703,1,-6.731960,-7.323527,56.280346,0.318152,-0.002117,0.021394
1126936.039090,-9.867583,-7.384138,47.004917,-3.525211,-7.348824,47.451717,1126936.039089,1126936.001503,0,1704,1,-6.767854,-7.120206,56.238262,0.310742,-0.004136,0.021435
1126936.055001,-9.882001,-7.198178,46.932606,-3.542802,-7.186537,47.386547,1126936.055000,1126936.018177,0,1705,1,-6.908374,-7.026807,56.169067,0.316746,-0.018195,0.022278
1126936.070869,-9.892131,-7.027035,46.863232,-3.556583,-7.008148,47.305065,1126936.070868,1126936.034850,0,1706,1,-6.967691,-6.979885,56.094387,0.330363,-0.024611,0.016960
1126936.087137,-9.903852,-6.850366,46.803272,-3.571964,-6.814919,47.232571,1126936.087137,1126936.051524,0,1707,1,-6.872246,-6.866332,56.030750,0.336489,-0.011814,0.020294
1126936.102658,-9.909092,-6.701710,46.745892,-3.582149,-6.677935,47.147392,1126936.102658,1126936.068197,0,1708,1,-6.956975,-6.704284,55.958035,0.338674,-0.020276,0.021370
1126936.119297,-9.914442,-6.482749,46.693573,-3.590276,-6.468894,47.078457,1126936.119296,1126936.084871,0,1709,1,-6.920619,-6.557442,55.898235,0.343245,-0.015149,0.023244
1126936.137265,-9.917768,-6.298938,46.638401,-3.589413,-6.292028,47.030975,1126936.137264,1126936.101545,0,1710,1,-6.976421,-6.544454,55.843243,0.362862,-0.022067,0.019965
1126936.167347,-9.918342,-6.103520,46.610607,-3.587294,-6.107011,46.967968,1126936.167346,1126936.118218,0,1711,1,-6.977139,-6.297908,55.798958,0.356783,-0.022578,0.017426
1126936.183173,-9.915901,-5.898731,46.574387,-3.583464,-5.871630,46.896870,1126936.183172,1126936.135119,0,1712,1,-6.997896,-6.086149,55.744801,0.355813,-0.025525,0.016196
1126936.198737,-9.910933,-5.679396,46.513332,-3.574484,-5.685175,46.842060,1126936.198736,1126936.151827,0,1713,1,-6.963834,-6.060371,55.682781,0.375777,-0.021942,0.020075
1126936.215573,-9.903438,-5.449487,46.430153,-3.568441,-5.425661,46.741913,1126936.215572,1126936.168536,0,1714,1,-7.052271,-5.932611,55.584839,0.384846,-0.032858,0.020192
1126936.232241,-9.898426,-5.245130,46.372990,-3.560191,-5.217805,46.643353,1126936.232240,1126936.185244,0,1715,1,-6.953987,-5.912055,55.499001,0.405985,-0.022147,0.024427
1126936.248478,-9.885771,-5.053563,46.314678,-3.545242,-5.023663,46.575146,1126936.248477,1126936.201953,0,1716,1,-7.046806,-5.607707,55.437935,0.396144,-0.034325,0.022071
1126936.263070,-9.870825,-4.838787,46.248535,-3.524745,-4.811760,46.502087,1126936.263069,1126936.218661,0,1717,1,-6.947143,-5.409523,55.369839,0.398383,-0.024995,0.022727
1126936.279388,-9.853449,-4.587729,46.161819,-3.505591,-4.574068,46.407364,1126936.279388,1126936.235369,0,1718,1,-6.906872,-5.231911,55.277016,0.403212,-0.022760,0.021827
1126936.294892,-9.832942,-4.385302,46.062668,-3.481389,-4.347742,46.313763,1126936.294891,1126936.252078,0,1719,1,-6.904115,-4.958893,55.183620,0.396723,-0.023931,0.028613
1126936.310666,-9.811287,-4.183764,45.980953,-3.452781,-4.173816,46.223385,1126936.310665,1126936.268786,0,1720,1,-6.944806,-4.848103,55.089382,0.407433,-0.031211,0.030260
1126936.327038,-9.786603,-3.961925,45.883411,-3.425118,-3.952154,46.105354,1126936.327037,1126936.285495,0,1721,1,-6.936581,-4.602373,54.983337,0.403462,-0.033211,0.029784
1126936.342888,-9.758826,-3.762705,45.802761,-3.392660,-3.745268,46.006741,1126936.342887,1126936.302203,0,1722,1,-7.034857,-4.416124,54.886597,0.405857,-0.048052,0.027545
1126936.359019,-9.728492,-3.538819,45.698620,-3.359435,-3.501961,45.889870,1126936.359018,1126936.318912,0,1723,1,-6.872864,-4.194595,54.782654,0.404410,-0.032675,0.032776
1126936.375251,-9.694945,-3.343084,45.594727,-3.318731,-3.335865,45.779934,1126936.375251,1126936.335620,0,1724,1,-6.967271,-4.050435,54.664753,0.412557,-0.047619,0.032679
1126936.390701,-9.663521,-3.111686,45.518967,-3.283454,-3.115669,45.665062,1126936.390700,1126936.352329,0,1725,1,-6.973649,-3.759394,54.572498,0.404236,-0.051829,0.033801
1126936.406760,-9.631034,-2.852058,45.440594,-3.240820,-2.842596,45.595634,1126936.406760,1126936.369037,0,1726,1,-6.912187,-3.682277,54.489864,0.419396,-0.049151,0.035501
1126936.422956,-9.601428,-2.648870,45.374695,-3.204409,-2.662766,45.533688,1126936.422955,1126936.385745,0,1727,1,-6.928062,-3.571563,54.413452,0.431590,-0.054213,0.040985
1126936.440014,-9.571474,-2.454417,45.347534,-3.161562,-2.466687,45.499924,1126936.440013,1126936.402454,0,1728,1,-6.819923,-3.166878,54.401836,0.412055,-0.046645,0.033838
1126936.456426,-9.538648,-2.248595,45.298599,-3.116866,-2.244085,45.456036,1126936.456425,1126936.419162,0,1729,1,-6.847736,-3.204100,54.329098,0.440404,-0.053582,0.042626
1126936.474771,-9.510393,-2.024600,45.249691,-3.077861,-2.011724,45.426056,1126936.474770,1126936.435871,0,1730,1,-6.817075,-2.987014,54.289490,0.440486,-0.054368,0.038988
1126936.487243,-9.486638,-1.839511,45.215408,-3.043954,-1.807279,45.395199,1126936.487242,1126936.452579,0,1731,1,-6.695050,-2.726724,54.267975,0.433790,-0.043752,0.038486
1126936.503045,-9.462413,-1.655048,45.177429,-3.013586,-1.657096,45.354389,1126936.503044,1126936.469288,0,1732,1,-6.775492,-2.687414,54.207569,0.449904,-0.055917,0.040706
1126936.519041,-9.445003,-1.538314,45.120998,-2.988729,-1.494487,45.314255,1126936.519040,1126936.485996,0,1733,1,-6.538921,-2.394270,54.183498,0.435510,-0.031710,0.037553
1126936.534796,-9.429901,-1.381999,45.101307,-2.963269,-1.327126,45.281597,1126936.534795,1126936.502704,0,1734,1,-6.605492,-2.302009,54.149513,0.440086,-0.041384,0.039651
1126936.566800,-9.411388,-1.316710,45.057529,-2.941345,-1.245209,45.257710,1126936.566799,1126936.519413,0,1735,1,-6.661955,-2.313430,54.098949,0.453284,-0.050400,0.038189
1126936.584283,-9.397796,-1.240864,45.015320,-2.924908,-1.145665,45.234455,1126936.584282,1126936.536034,0,1736,1,-6.583560,-2.249303,54.066601,0.456170,-0.043717,0.034464
1126936.601490,-9.385470,-1.183154,44.994366,-2.903052,-1.105759,45.237572,1126936.601490,1126936.552736,0,1737,1,-6.506632,-1.964647,54.083527,0.431684,-0.036216,0.037218
1126936.615172,-9.373958,-1.148384,45.018826,-2.881903,-1.040471,45.247631,1126936.615171,1126936.569437,0,1738,1,-6.455258,-1.960279,54.098980,0.435601,-0.033436,0.028225
1126936.631238,-9.367302,-1.119238,45.018444,-2.865928,-1.036338,45.252533,1126936.631237,1126936.586139,0,1739,1,-6.447127,-1.925021,54.103390,0.432816,-0.032863,0.035536
1126936.648421,-9.363141,-1.158819,45.046452,-2.848765,-1.051593,45.269253,1126936.648419,1126936.602840,0,1740,1,-6.447671,-2.019402,54.116405,0.442835,-0.034376,0.034577
1126936.664108,-9.352595,-1.145352,45.060135,-2.832821,-1.034147,45.280735,1126936.664107,1126936.619542,0,1741,1,-6.403717,-2.112822,54.123505,0.449630,-0.030886,0.036530
1126936.681904,-9.343589,-1.199538,45.068367,-2.820420,-1.097620,45.293098,1126936.681904,1126936.636243,0,1742,1,-6.311376,-2.084590,54.144936,0.440682,-0.021281,0.038426
1126936.695618,-9.331494,-1.233385,45.078171,-2.809761,-1.151599,45.287449,1126936.695617,1126936.652945,0,1743,1,-6.456114,-2.172808,54.140106,0.442063,-0.038825,0.039589
1126936.711439,-9.318587,-1.359550,45.060013,-2.795990,-1.243995,45.299541,1126936.711439,1126936.669646,0,1744,1,-6.320473,-2.266175,54.140530,0.443361,-0.025309,0.037035
1126936.728684,-9.306030,-1.451348,45.048401,-2.785098,-1.330763,45.294460,1126936.728684,1126936.686348,0,1745,1,-6.463827,-2.336396,54.129372,0.439839,-0.042960,0.035288
1126936.742769,-9.293083,-1.584336,45.035236,-2.773606,-1.481260,45.293743,1126936.742768,1126936.703049,0,1746,1,-6.363306,-2.375109,54.134243,0.430592,-0.032596,0.037022
1126936.760638,-9.284068,-1.697490,45.019272,-2.767144,-1.599405,45.266743,1126936.760637,1126936.719750,0,1747,1,-6.316680,-2.374525,54.125946,0.415043,-0.028286,0.034611
1126936.774987,-9.274364,-1.866740,45.001110,-2.758799,-1.761026,45.249916,1126936.774987,1126936.736452,0,1748,1,-6.323387,-2.752692,54.088879,0.439048,-0.030832,0.031523
1126936.790920,-9.264864,-2.053435,44.986046,-2.754933,-1.917081,45.228016,1126936.790919,1126936.753153,0,1749,1,-6.465084,-2.784241,54.077618,0.422483,-0.046992,0.034310
1126936.806993,-9.259614,-2.260111,44.989979,-2.749333,-2.118511,45.220577,1126936.806992,1126936.769855,0,1750,1,-6.278022,-3.041088,54.078136,0.429352,-0.027434,0.027627
1126936.823498,-9.254903,-2.452992,44.962353,-2.750491,-2.345438,45.181763,1126936.823498,1126936.786556,0,1751,1,-6.283378,-3.123585,54.056301,0.413629,-0.027150,0.034446
1126936.839195,-9.248062,-2.704852,44.945385,-2.753519,-2.582997,45.170063,1126936.839194,1126936.803258,0,1752,1,-6.204992,-3.384024,54.042286,0.416386,-0.019459,0.027563
1126936.855296,-9.245959,-2.989267,44.933060,-2.756158,-2.844362,45.159592,1126936.855295,1126936.819959,0,1753,1,-6.263462,-3.635274,54.029507,0.416111,-0.025755,0.029318
1126936.874732,-9.242885,-3.273865,44.941360,-2.756159,-3.119378,45.189121,1126936.874731,1126936.836661,0,1754,1,-6.319911,-3.895978,54.047344,0.414817,-0.031797,0.032839
1126936.888152,-9.243203,-3.587972,44.952461,-2.761247,-3.412003,45.218563,1126936.888151,1126936.853362,0,1755,1,-6.188905,-3.979212,54.084431,0.392747,-0.016749,0.029906
1126936.902948,-9.243752,-3.911643,44.970058,-2.770006,-3.730438,45.241257,1126936.902948,1126936.870064,0,1756,1,-6.225677,-4.293232,54.102245,0.395965,-0.020538,0.028777
1126936.920378,-9.244305,-4.189633,45.019928,-2.780114,-3.980911,45.282101,1126936.920377,1126936.886765,0,1757,1,-6.227420,-4.428494,54.155190,0.378804,-0.020261,0.026394
1126936.952354,-9.244590,-4.467058,45.043880,-2.787193,-4.278210,45.331272,1126936.952353,1126936.903467,0,1758,1,-6.263132,-4.869290,54.184040,0.394641,-0.023203,0.032726
1126936.966780,-9.247510,-4.757843,45.127834,-2.790375,-4.603690,45.433437,1126936.966779,1126936.920070,0,1759,1,-6.225981,-5.028931,54.285107,0.378518,-0.019510,0.025432
1126936.985721,-9.249941,-5.093045,45.224194,-2.799267,-4.925148,45.542046,1126936.985720,1126936.936764,0,1760,1,-6.250988,-5.352294,54.386585,0.379996,-0.021384,0.027157
1126937.000287,-9.251997,-5.431985,45.330620,-2.806974,-5.293537,45.642155,1126937.000286,1126936.953459,0,1761,1,-6.178230,-5.526412,54.496132,0.364538,-0.012584,0.025899
1126937.015132,-9.246448,-5.766413,45.440418,-2.814807,-5.628175,45.740211,1126937.015131,1126936.970153,0,1762,1,-6.095942,-5.721766,54.603390,0.350504,-0.002509,0.028235
1126937.031936,-9.242713,-6.090623,45.576035,-2.822174,-5.935009,45.883385,1126937.031935,1126936.986848,0,1763,1,-6.051112,-5.945291,54.743572,0.338963,0.002989,0.028307
1126937.048275,-9.242127,-6.410808,45.720928,-2.827677,-6.271101,46.032066,1126937.048274,1126937.003542,0,1764,1,-6.018554,-6.112937,54.888672,0.319984,0.007160,0.028163
1126937.063520,-9.240903,-6.787651,45.879433,-2.832462,-6.641585,46.183979,1126937.063520,1126937.020237,0,1765,1,-5.966209,-6.219676,55.036224,0.294554,0.014127,0.029957
1126937.081039,-9.248713,-7.109624,46.094803,-2.841348,-6.990944,46.333351,1126937.081038,1126937.036931,0,1766,1,-5.833440,-6.162028,55.189545,0.250358,0.029366,0.022946
1126937.095104,-9.254294,-7.470165,46.284943,-2.849169,-7.312780,46.495083,1126937.095104,1126937.053626,0,1767,1,-5.827148,-6.098066,55.319698,0.205244,0.032740,0.027959
1126937.110829,-9.257820,-7.810510,46.479965,-2.851587,-7.668584,46.654392,1126937.110829,1126937.070320,0,1768,1,-5.810327,-6.285526,55.477455,0.190595,0.037376,0.035905
1126937.128227,-9.262630,-8.099265,46.680656,-2.855401,-7.956799,46.855530,1126937.128227,1126937.087015,0,1769,1,-5.661210,-6.524884,55.659756,0.181273,0.052411,0.025436
1126937.142608,-9.267704,-8.389243,46.881737,-2.866350,-8.239370,46.990963,1126937.142608,1126937.103709,0,1770,1,-5.631858,-6.549129,55.778423,0.150853,0.058855,0.031247
1126937.158614,-9.273692,-8.666008,47.047695,-2.876042,-8.515347,47.145054,1126937.158613,1126937.120404,0,1771,1,-5.748743,-6.588254,55.896248,0.124682,0.046396,0.030027
1126937.174448,-9.277654,-8.924600,47.230389,-2.882285,-8.802976,47.283714,1126937.174447,1126937.137098,0,1772,1,-5.784631,-6.659196,56.017536,0.104523,0.043141,0.029509
1126937.190839,-9.283029,-9.171769,47.388622,-2.891620,-9.018612,47.428677,1126937.190837,1126937.153793,0,1773,1,-5.661211,-6.805133,56.145271,0.095987,0.056320,0.022006
1126937.207001,-9.282866,-9.372973,47.548065,-2.891799,-9.248420,47.617611,1126937.207000,1126937.170487,0,1774,1,-5.608191,-6.705348,56.238628,0.062643,0.064629,0.026234
1126937.222828,-9.288217,-9.524628,47.712791,-2.890530,-9.384653,47.771484,1126937.222826,1126937.187182,0,1775,1,-5.733611,-6.733639,56.362881,0.046193,0.049409,0.023107
1126937.239310,-9.288548,-9.663299,47.859722,-2.888088,-9.564200,47.892788,1126937.239309,1126937.203876,0,1776,1,-5.753261,-6.639629,56.428936,0.021044,0.051012,0.033072
1126937.255938,-9.287578,-9.763977,48.020184,-2.891154,-9.640826,47.995708,1126937.255935,1126937.220571,0,1777,1,-5.708731,-6.699470,56.547466,0.017450,0.060368,0.044112
1126937.271180,-9.287187,-9.801558,48.145439,-2.888690,-9.701388,48.118755,1126937.271179,1126937.237265,0,1778,1,-5.716249,-6.689713,56.646404,0.008511,0.058315,0.040647
1126937.287293,-9.281692,-9.883398,48.272057,-2.886211,-9.746954,48.238480,1126937.287292,1126937.253960,0,1779,1,-5.693802,-6.726120,56.768703,0.008592,0.061273,0.042957
1126937.305079,-9.278190,-9.832686,48.375710,-2.884069,-9.726827,48.296471,1126937.305078,1126937.270654,0,1780,1,-5.767833,-6.529071,56.785961,-0.013581,0.053796,0.045351
1126937.322540,-9.274090,-9.794223,48.467583,-2.880466,-9.676558,48.352196,1126937.322536,1126937.287349,0,1781,1,-5.769969,-6.626905,56.904366,0.000906,0.053043,0.046715
1126937.353353,-9.264216,-9.789795,48.509747,-2.872991,-9.640794,48.397358,1126937.353352,1126937.304043,0,1782,1,-5.712121,-6.514261,56.928192,-0.004836,0.059485,0.047829
1126937.366811,-9.253459,-9.677215,48.569721,-2.862440,-9.505485,48.427013,1126937.366810,1126937.320526,0,1783,1,-5.767179,-6.385303,56.964600,-0.008539,0.052764,0.050119
1126937.383438,-9.244876,-9.564883,48.604816,-2.857778,-9.381824,48.434658,1126937.383437,1126937.337186,0,1784,1,-5.746543,-6.426418,57.039059,0.009180,0.051175,0.042843
1126937.399673,-9.232944,-9.431228,48.629379,-2.847376,-9.213202,48.446732,1126937.399672,1126937.353846,0,1785,1,-5.852687,-6.315629,57.072201,0.012937,0.041651,0.055183
1126937.417049,-9.228700,-9.245248,48.652782,-2.838611,-9.030976,48.465591,1126937.417047,1126937.370506,0,1786,1,-5.819569,-6.413303,57.179382,0.044316,0.041344,0.048139
1126937.431479,-9.215828,-9.086082,48.651821,-2.824445,-8.870126,48.437130,1126937.431478,1126937.387165,0,1787,1,-5.820396,-5.964714,57.085842,0.015584,0.042936,0.054614
1126937.447444,-9.202831,-8.910933,48.600269,-2.818149,-8.656213,48.390499,1126937.447443,1126937.403825,0,1788,1,-5.774322,-5.869132,57.085815,0.033571,0.045840,0.051315
1126937.464127,-9.191411,-8.659026,48.527042,-2.811617,-8.431850,48.358303,1126937.464122,1126937.420485,0,1789,1,-5.744437,-5.672397,57.052792,0.041029,0.044500,0.040529
1126937.479203,-9.177984,-8.407553,48.471767,-2.801975,-8.189369,48.340244,1126937.479202,1126937.437144,0,1790,1,-5.669601,-5.354186,57.000332,0.036276,0.055222,0.050281
1126937.494420,-9.169386,-8.082682,48.381947,-2.796877,-7.866292,48.288025,1126937.494419,1126937.453804,0,1791,1,-5.626534,-5.293126,56.993195,0.061611,0.058871,0.051179
1126937.510945,-9.161860,-7.817616,48.278702,-2.792463,-7.631008,48.252758,1126937.510944,1126937.470464,0,1792,1,-5.591295,-5.197717,56.968586,0.080705,0.060099,0.046961
1126937.527228,-9.152869,-7.531225,48.170448,-2.787500,-7.375210,48.199505,1126937.527227,1126937.487124,0,1793,1,-5.724947,-5.161304,56.948975,0.105619,0.041891,0.043441
1126937.543892,-9.144992,-7.250083,48.069401,-2.789141,-7.065861,48.144192,1126937.543891,1126937.503783,0,1794,1,-5.681468,-5.013734,56.891724,0.116486,0.045280,0.040711
1126937.558688,-9.138734,-6.978901,47.956013,-2.790734,-6.801425,48.078213,1126937.558687,1126937.520443,0,1795,1,-5.737041,-4.906178,56.831753,0.130769,0.037605,0.038995
1126937.574561,-9.130265,-6.775412,47.827053,-2.788208,-6.620934,48.021210,1126937.574560,1126937.537103,0,1796,1,-5.809537,-5.009269,56.802002,0.166484,0.026359,0.033614
1126937.590946,-9.123358,-6.554415,47.746891,-2.785595,-6.410500,47.973991,1126937.590945,1126937.553763,0,1797,1,-5.758584,-4.952269,56.761238,0.182687,0.031563,0.034309
1126937.607485,-9.116144,-6.326900,47.658993,-2.786632,-6.197216,47.892174,1126937.607485,1126937.570422,0,1798,1,-5.773713,-4.793459,56.682583,0.186805,0.029198,0.034247
1126937.623280,-9.110192,-6.127248,47.564278,-2.792847,-6.012266,47.846981,1126937.623279,1126937.587082,0,1799,1,-5.803265,-4.456861,56.592140,0.172152,0.027544,0.039769
1126937.639439,-9.106359,-5.890752,47.485886,-2.798356,-5.798701,47.780804,1126937.639438,1126937.603742,0,1800,1,-5.925410,-4.363689,56.539570,0.184659,0.014033,0.042719
1126937.656035,-9.103943,-5.699832,47.407017,-2.803900,-5.563116,47.706478,1126937.656032,1126937.620401,0,1801,1,-5.887200,-4.452305,56.503712,0.217732,0.016692,0.037740
1126937.672250,-9.104774,-5.481385,47.332874,-2.806897,-5.378438,47.641628,1126937.672249,1126937.637061,0,1802,1,-5.991483,-4.398852,56.452625,0.235478,0.004348,0.036413
1126937.687695,-9.104959,-5.184084,47.286064,-2.809597,-5.109521,47.570522,1126937.687694,1126937.653721,0,1803,1,-5.930776,-4.174299,56.392365,0.234194,0.010025,0.030658
1126937.703659,-9.098247,-4.999622,47.222805,-2.811316,-4.883595,47.503494,1126937.703658,1126937.670381,0,1804,1,-6.024100,-4.271189,56.353901,0.267911,-0.001312,0.031017
1126937.719030,-9.093127,-4.814149,47.152142,-2.811197,-4.664284,47.439541,1126937.719029,1126937.687040,0,1805,1,-6.042560,-4.096095,56.288582,0.271333,-0.003270,0.033201
1126937.751871,-9.088016,-4.558138,47.078045,-2.808715,-4.451410,47.395786,1126937.751870,1126937.703689,0,1806,1,-6.102413,-3.867017,56.227058,0.268422,-0.009923,0.036449
1126937.768201,-9.085942,-4.374995,47.033733,-2.805546,-4.270236,47.364479,1126937.768200,1126937.720342,0,1807,1,-5.955942,-3.718177,56.193844,0.274079,0.005911,0.034150
1126937.783306,-9.088042,-4.199018,46.973343,-2.806318,-4.058315,47.311176,1126937.783305,1126937.736995,0,1808,1,-6.047106,-3.852192,56.151638,0.309486,-0.005480,0.031121
1126937.799774,-9.089614,-3.990283,46.900631,-2.804971,-3.862418,47.252422,1126937.799773,1126937.753648,0,1809,1,-6.036733,-3.413770,56.074909,0.281298,-0.002987,0.035775
1126937.815130,-9.091166,-3.848001,46.822826,-2.804659,-3.713871,47.177826,1126937.815129,1126937.770300,0,1810,1,-5.961666,-3.115049,55.992092,0.269182,0.006966,0.040604
1126937.830931,-9.097117,-3.624568,46.765648,-2.799234,-3.520312,47.107468,1126937.830930,1126937.786953,0,1811,1,-5.951288,-3.141952,55.941090,0.293713,0.007039,0.037688
1126937.846826,-9.105781,-3.374630,46.709927,-2.795632,-3.292631,47.057381,1126937.846825,1126937.803606,0,1812,1,-6.017984,-2.856512,55.883667,0.284116,0.001127,0.044111
1126937.865139,-9.111237,-3.139444,46.634701,-2.790889,-3.071672,47.001877,1126937.865138,1126937.820259,0,1813,1,-6.065418,-2.858996,55.826687,0.306563,-0.005824,0.038556
1126937.879619,-9.117211,-2.968539,46.573849,-2.786673,-2.900819,46.934113,1126937.879617,1126937.836912,0,1814,1,-6.024520,-2.735796,55.765133,0.315865,-0.001191,0.038508
1126937.896685,-9.126108,-2.758441,46.499466,-2.786982,-2.667930,46.876286,1126937.896684,1126937.853564,0,1815,1,-6.005911,-2.622045,55.700928,0.326800,0.000770,0.036110
1126937.911665,-9.139606,-2.523995,46.450787,-2.788877,-2.438162,46.808407,1126937.911665,1126937.870217,0,1816,1,-6.120064,-2.429554,55.641644,0.328726,-0.010724,0.039604
1126937.927421,-9.154135,-2.356988,46.397015,-2.795359,-2.249191,46.722897,1126937.927420,1126937.886870,0,1817,1,-6.038325,-2.288203,55.573578,0.336517,-0.000699,0.037719
1126937.943299,-9.174179,-2.130919,46.379158,-2.797459,-2.034114,46.636993,1126937.943298,1126937.903523,0,1818,1,-6.111347,-2.225212,55.520504,0.350283,-0.008213,0.036391
1126937.959352,-9.193965,-1.949453,46.369556,-2.797331,-1.895111,46.582672,1126937.959351,1126937.920176,0,1819,1,-6.131970,-2.035554,55.488556,0.348449,-0.010039,0.032452
1126937.976967,-9.207925,-1.812634,46.350170,-2.798338,-1.737217,46.539581,1126937.976966,1126937.936828,0,1820,1,-6.078623,-2.015344,55.455868,0.362990,-0.003033,0.034648
1126937.993135,-9.225480,-1.693286,46.312878,-2.800733,-1.637210,46.486324,1126937.993133,1126937.953481,0,1821,1,-6.194012,-2.040948,55.404125,0.379814,-0.015002,0.036053
1126938.008863,-9.245170,-1.529207,46.295162,-2.803605,-1.487266,46.452087,1126938.008862,1126937.970134,0,1822,1,-6.116930,-1.993113,55.377258,0.385656,-0.005832,0.031700
1126938.023054,-9.258584,-1.473838,46.268833,-2.808077,-1.418187,46.420006,1126938.023053,1126937.986787,0,1823,1,-6.259300,-2.063228,55.338345,0.400434,-0.020354,0.037215
1126938.041094,-9.273444,-1.419771,46.222023,-2.810905,-1.367969,46.430458,1126938.041091,1126938.003440,0,1824,1,-6.406405,-2.107296,55.310909,0.408264,-0.036445,0.034427
1126938.056691,-9.293656,-1.378588,46.217197,-2.818051,-1.307891,46.421200,1126938.056691,1126938.020092,0,1825,1,-6.393451,-2.196592,55.299286,0.416640,-0.033636,0.035364
1126938.072213,-9.307384,-1.393935,46.179424,-2.824860,-1.369368,46.422039,1126938.072212,1126938.036745,0,1826,1,-6.483543,-2.317670,55.271725,0.424348,-0.042614,0.035734
1126938.087726,-9.324346,-1.447753,46.159000,-2.835384,-1.414270,46.416576,1126938.087725,1126938.053398,0,1827,1,-6.497822,-2.446961,55.253609,0.430742,-0.042612,0.037001
1126938.104774,-9.338347,-1.541750,46.127872,-2.844419,-1.489604,46.403576,1126938.104773,1126938.070051,0,1828,1,-6.505079,-2.440236,55.240528,0.419278,-0.041639,0.040699
1126938.136327,-9.355284,-1.640824,46.115131,-2.858271,-1.596927,46.394493,1126938.136326,1126938.086703,0,1829,1,-6.531053,-2.767090,55.207283,0.445264,-0.043527,0.037848
1126938.152904,-9.373956,-1.753886,46.066158,-2.874582,-1.688428,46.401157,1126938.152903,1126938.103419,0,1830,1,-6.552365,-2.729713,55.200562,0.428735,-0.044308,0.034598
1126938.168968,-9.385085,-1.913756,46.009975,-2.891783,-1.832190,46.386211,1126938.168967,1126938.120078,0,1831,1,-6.479689,-2.780241,55.174091,0.422055,-0.033836,0.037436
1126938.186272,-9.401309,-1.968581,45.980213,-2.911738,-1.914526,46.363174,1126938.186271,1126938.136738,0,1832,1,-6.579331,-2.999643,55.135082,0.433122,-0.043102,0.040169
1126938.201972,-9.420554,-2.130946,45.941048,-2.938733,-2.050703,46.332855,1126938.201971,1126938.153398,0,1833,1,-6.479172,-3.049132,55.111427,0.425956,-0.029034,0.039536
1126938.218032,-9.437564,-2.254415,45.866222,-2.970315,-2.175905,46.279659,1126938.218031,1126938.170058,0,1834,1,-6.562446,-3.183905,55.044014,0.427438,-0.035702,0.039163
1126938.233025,-9.457397,-2.350792,45.822762,-2.998920,-2.263533,46.230854,1126938.233024,1126938.186717,0,1835,1,-6.556063,-3.126669,55.011547,0.410244,-0.031962,0.038569
1126938.247932,-9.482396,-2.536926,45.782143,-3.038334,-2.453591,46.142456,1126938.247931,1126938.203377,0,1836,1,-6.588083,-3.325224,54.945004,0.413370,-0.032074,0.037819
1126938.265539,-9.508727,-2.706773,45.720062,-3.076884,-2.610029,46.059246,1126938.265538,1126938.220037,0,1837,1,-6.514017,-3.387462,54.882294,0.402957,-0.020802,0.031312
1126938.279088,-9.542406,-2.903564,45.693260,-3.117140,-2.791158,45.998013,1126938.279087,1126938.236697,0,1838,1,-6.660253,-3.630145,54.830391,0.410211,-0.033576,0.029396
1126938.295783,-9.572493,-3.148121,45.670895,-3.145882,-3.035436,45.973709,1126938.295781,1126938.253356,0,1839,1,-6.738426,-3.758865,54.809048,0.403835,-0.038722,0.030328
1126938.312423,-9.599605,-3.384293,45.646458,-3.176093,-3.217382,45.943466,1126938.312421,1126938.270016,0,1840,1,-6.614015,-4.087028,54.777233,0.418821,-0.021857,0.028749
1126938.326757,-9.622714,-3.519011,45.618652,-3.200304,-3.392469,45.937431,1126938.326756,1126938.286676,0,1841,1,-6.720637,-4.163986,54.765987,0.406421,-0.031018,0.029197
1126938.343448,-9.640122,-3.792268,45.622631,-3.223372,-3.584506,45.930180,1126938.343447,1126938.303335,0,1842,1,-6.708804,-4.326503,54.766914,0.403983,-0.027854,0.025689
1126938.358885,-9.658045,-3.926986,45.636005,-3.240949,-3.776736,45.918991,1126938.358884,1126938.319995,0,1843,1,-6.698291,-4.386719,54.776409,0.389481,-0.024651,0.024529
1126938.375670,-9.673953,-4.194847,45.639324,-3.257379,-4.006021,45.920876,1126938.375669,1126938.336655,0,1844,1,-6.703563,-4.452074,54.784634,0.376064,-0.022931,0.025991
1126938.391279,-9.684359,-4.311595,45.655914,-3.272943,-4.162195,45.920685,1126938.391278,1126938.353315,0,1845,1,-6.757819,-4.663010,54.790737,0.378531,-0.027656,0.026656
1126938.407982,-9.692116,-4.495966,45.681797,-3.282238,-4.369058,45.915646,1126938.407981,1126938.369974,0,1846,1,-6.714960,-4.937412,54.798695,0.388356,-0.021777,0.027857
1126938.423479,-9.693607,-4.681476,45.679848,-3.290103,-4.552881,45.924541,1126938.423478,1126938.386634,0,1847,1,-6.759876,-5.106117,54.801575,0.387121,-0.026507,0.026637
1126938.439912,-9.691851,-4.881372,45.694283,-3.293738,-4.736242,45.929295,1126938.439911,1126938.403294,0,1848,1,-6.677881,-5.266057,54.814240,0.384928,-0.016826,0.028250
1126938.455518,-9.689307,-5.069840,45.737888,-3.288776,-4.937644,45.998390,1126938.455515,1126938.419954,0,1849,1,-6.675157,-5.392268,54.872723,0.379396,-0.016602,0.029705
1126938.473337,-9.683393,-5.243563,45.790634,-3.284939,-5.133768,46.049206,1126938.473337,1126938.436613,0,1850,1,-6.658004,-5.504215,54.926971,0.372806,-0.015316,0.028210
1126938.487072,-9.676679,-5.412172,45.864361,-3.279545,-5.340440,46.121826,1126938.487071,1126938.453273,0,1851,1,-6.734182,-5.706563,54.997219,0.375745,-0.024420,0.029427
1126938.503030,-9.669795,-5.557612,45.903683,-3.280159,-5.483621,46.166073,1126938.503030,1126938.469933,0,1852,1,-6.606291,-5.595937,55.047554,0.346377,-0.009262,0.033455
1126938.535979,-9.664245,-5.713016,45.963322,-3.279472,-5.646510,46.207836,1126938.535978,1126938.486806,0,1853,1,-6.614362,-5.569561,55.097816,0.328373,-0.011326,0.026945
1126938.551313,-9.651620,-5.847229,46.037678,-3.276634,-5.798151,46.282974,1126938.551312,1126938.503501,0,1854,1,-6.611711,-5.402412,55.165802,0.298991,-0.010240,0.033062
1126938.567020,-9.638044,-6.036557,46.106743,-3.272542,-5.947055,46.347832,1126938.567020,1126938.520195,0,1855,1,-6.713583,-5.107741,55.208618,0.258626,-0.021713,0.033213
1126938.583388,-9.622259,-6.074069,46.174355,-3.269422,-5.987674,46.435535,1126938.583387,1126938.536890,0,1856,1,-6.424973,-4.864469,55.260120,0.225168,0.008839,0.025449
1126938.599627,-9.603274,-6.216885,46.233566,-3.260794,-6.105403,46.531178,1126938.599626,1126938.553584,0,1857,1,-6.548272,-5.039320,55.350136,0.238622,-0.005115,0.033325
1126938.616163,-9.585483,-6.268256,46.311333,-3.245251,-6.183405,46.659576,1126938.616162,1126938.570279,0,1858,1,-6.365777,-4.970779,55.439236,0.224009,0.014139,0.033286
1126938.633720,-9.567370,-6.323651,46.414623,-3.229006,-6.216807,46.775661,1126938.633719,1126938.586973,0,1859,1,-6.415958,-4.936517,55.537716,0.213386,0.007393,0.035905
1126938.647570,-9.551668,-6.355209,46.511986,-3.216358,-6.261908,46.900959,1126938.647569,1126938.603668,0,1860,1,-6.300972,-4.810156,55.622253,0.192153,0.020908,0.042999
1126938.663442,-9.526896,-6.451757,46.618824,-3.201436,-6.336423,47.002121,1126938.663441,1126938.620362,0,1861,1,-6.345698,-5.009655,55.745144,0.206690,0.011615,0.035449
1126938.679146,-9.504903,-6.536595,46.741207,-3.180594,-6.406487,47.151260,1126938.679146,1126938.637057,0,1862,1,-6.451807,-4.982378,55.867603,0.196109,-0.002317,0.037245
1126938.695582,-9.482574,-6.592978,46.875793,-3.162030,-6.479302,47.290138,1126938.695581,1126938.653751,0,1863,1,-6.302697,-4.905378,55.983192,0.180395,0.014282,0.043646
1126938.710901,-9.463176,-6.659013,47.015720,-3.141200,-6.519919,47.449257,1126938.710900,1126938.670446,0,1864,1,-6.240662,-5.034582,56.143848,0.188673,0.018942,0.043625
1126938.727060,-9.444785,-6.708239,47.130650,-3.129307,-6.556638,47.543114,1126938.727060,1126938.687140,0,1865,1,-6.253738,-5.028323,56.238674,0.181566,0.015363,0.041899
1126938.742880,-9.428843,-6.714796,47.232338,-3.112108,-6.552420,47.632465,1126938.742879,1126938.703835,0,1866,1,-6.343555,-5.022576,56.326778,0.176239,0.004359,0.046749
1126938.758992,-9.408014,-6.752355,47.302738,-3.090743,-6.614206,47.746048,1126938.758991,1126938.720529,0,1867,1,-6.216852,-5.170148,56.438629,0.190604,0.016795,0.049069
1126938.775079,-9.392606,-6.768562,47.400661,-3.074049,-6.593922,47.825096,1126938.775079,1126938.737224,0,1868,1,-6.127878,-5.139375,56.519894,0.185943,0.025081,0.048386
1126938.790922,-9.380762,-6.709080,47.503944,-3.057863,-6.540222,47.906933,1126938.790921,1126938.753918,0,1869,1,-6.195591,-5.081814,56.605171,0.180055,0.014717,0.044765
1126938.808137,-9.364890,-6.736787,47.597450,-3.043675,-6.573357,47.969585,1126938.808136,1126938.770613,0,1870,1,-6.196991,-5.103977,56.687653,0.183099,0.012655,0.043697
1126938.825407,-9.346285,-6.735497,47.664146,-3.031429,-6.550237,48.036449,1126938.825405,1126938.787307,0,1871,1,-6.081567,-5.137597,56.760262,0.188099,0.024524,0.045825
1126938.841207,-9.331743,-6.697006,47.730068,-3.019469,-6.516695,48.106609,1126938.841206,1126938.804002,0,1872,1,-6.021257,-5.102771,56.823803,0.185471,0.030002,0.046294
1126938.859293,-9.319182,-6.665811,47.781883,-3.006205,-6.495126,48.156368,1126938.859292,1126938.820696,0,1873,1,-6.207025,-5.001781,56.861858,0.175063,0.008823,0.052014
1126938.872459,-9.304862,-6.626958,47.825829,-2.996784,-6.469734,48.177917,1126938.872458,1126938.837391,0,1874,1,-6.108269,-5.194547,56.927052,0.199067,0.017356,0.049366
1126938.887340,-9.291286,-6.625157,47.859604,-2.985970,-6.448213,48.206898,1126938.887340,1126938.854085,0,1875,1,-6.024260,-5.157863,56.956127,0.198023,0.027503,0.056707
1126938.919822,-9.279651,-6.606969,47.892990,-2.975468,-6.446838,48.239441,1126938.919821,1126938.870780,0,1876,1,-6.016525,-5.052056,56.977657,0.189242,0.026094,0.051220
1126938.935718,-9.266089,-6.565800,47.902420,-2.966249,-6.394287,48.269245,1126938.935717,1126938.887515,0,1877,1,-6.017992,-5.118222,57.010303,0.199056,0.024742,0.053093
1126938.953125,-9.253716,-6.536847,47.905205,-2.954658,-6.362266,48.291740,1126938.953125,1126938.904216,0,1878,1,-6.100006,-5.045228,57.016457,0.193269,0.015122,0.057372
1126938.968456,-9.246424,-6.473194,47.960541,-2.950285,-6.278713,48.302959,1126938.968455,1126938.920918,0,1879,1,-5.985362,-4.791019,57.013985,0.168960,0.026568,0.051207
1126938.983583,-9.235190,-6.409425,47.948681,-2.941189,-6.219482,48.316250,1126938.983583,1126938.937619,0,1880,1,-6.010217,-4.928941,57.044899,0.189587,0.023237,0.056682
1126938.998935,-9.225233,-6.369899,47.921711,-2.930964,-6.198576,48.305161,1126938.998935,1126938.954321,0,1881,1,-6.007004,-4.956687,57.038074,0.198876,0.021234,0.052320
1126939.016344,-9.216990,-6.319026,47.879436,-2.929266,-6.129149,48.270248,1126939.016343,1126938.971022,0,1882,1,-5.999403,-4.934679,57.003765,0.202330,0.021341,0.052170
1126939.032208,-9.210619,-6.267805,47.880383,-2.924634,-6.106819,48.245266,1126939.032208,1126938.987724,0,1883,1,-5.947381,-4.895997,56.992367,0.203374,0.025517,0.047218
1126939.047191,-9.204794,-6.219022,47.862850,-2.921796,-6.027835,48.195667,1126939.047190,1126939.004425,0,1884,1,-5.989685,-4.646814,56.929718,0.180895,0.021809,0.051677
1126939.065679,-9.198726,-6.140646,47.813171,-2.921565,-5.965557,48.179398,1126939.065678,1126939.021126,0,1885,1,-5.957979,-4.892412,56.936764,0.212362,0.024305,0.052866
1126939.079317,-9.195929,-6.066035,47.806622,-2.923309,-5.873561,48.165607,1126939.079293,1126939.037828,0,1886,1,-6.010216,-5.221272,56.965107,0.251523,0.016820,0.052662
1126939.095647,-9.188724,-5.973207,47.766674,-2.918582,-5.802650,48.137894,1126939.095646,1126939.054529,0,1887,1,-6.007733,-5.352548,56.942913,0.267668,0.014448,0.046603
1126939.111023,-9.181859,-5.897176,47.721199,-2.919317,-5.781559,48.092052,1126939.111023,1126939.071231,0,1888,1,-6.062828,-5.521564,56.908272,0.287117,0.007978,0.050340
1126939.127067,-9.177329,-5.879511,47.689075,-2.921404,-5.752892,48.060268,1126939.127066,1126939.087932,0,1889,1,-6.015881,-5.678611,56.883160,0.304856,0.012659,0.050747
1126939.143176,-9.171512,-5.909735,47.674770,-2.921310,-5.776204,48.036701,1126939.143175,1126939.104634,0,1890,1,-6.042326,-5.516542,56.857452,0.287273,0.009762,0.049650
1126939.159334,-9.167446,-5.925951,47.614471,-2.919393,-5.762110,48.040787,1126939.159333,1126939.121335,0,1891,1,-6.027980,-5.728658,56.837959,0.311216,0.010149,0.048520
1126939.175743,-9.166864,-5.903999,47.584454,-2.923429,-5.744610,48.001904,1126939.175742,1126939.138037,0,1892,1,-6.074579,-5.607425,56.799500,0.298382,0.005385,0.048951
1126939.191013,-9.167642,-5.875685,47.551083,-2.930122,-5.734321,47.979019,1126939.191012,1126939.154738,0,1893,1,-6.075021,-5.616589,56.772205,0.300670,0.006087,0.050853
1126939.207231,-9.165967,-5.891782,47.526363,-2.929164,-5.756845,47.970829,1126939.207230,1126939.171440,0,1894,1,-5.962698,-5.606736,56.755402,0.300867,0.019472,0.054210
1126939.222754,-9.169900,-5.873412,47.487652,-2.933713,-5.732006,47.953285,1126939.222754,1126939.188141,0,1895,1,-5.977163,-5.522784,56.724422,0.293157,0.017868,0.050803
1126939.238676,-9.174580,-5.854702,47.455624,-2.941685,-5.704210,47.921124,1126939.238675,1126939.204843,0,1896,1,-6.015092,-5.573454,56.695190,0.299961,0.013523,0.048494
1126939.254853,-9.182866,-5.873706,47.444397,-2.949482,-5.709455,47.877117,1126939.254853,1126939.221544,0,1897,1,-6.108453,-5.569662,56.667751,0.300376,0.003802,0.047734
1126939.271540,-9.193463,-5.864482,47.428829,-2.954316,-5.728847,47.871258,1126939.271540,1126939.238245,0,1898,1,-6.092396,-5.568634,56.657192,0.300612,0.006415,0.047300
1126939.287178,-9.202335,-5.860379,47.395351,-2.964606,-5.728022,47.851578,1126939.287177,1126939.254947,0,1899,1,-6.090445,-5.617645,56.632648,0.306957,0.007143,0.044386
1126939.318921,-9.213633,-5.840714,47.389568,-2.969980,-5.707497,47.848801,1126939.318921,1126939.271651,0,1900,1,-6.028782,-5.637008,56.628998,0.310072,0.015686,0.048687
1126939.335989,-9.223058,-5.882273,47.373211,-2.972067,-5.740670,47.849182,1126939.335988,1126939.288360,0,1901,1,-6.154038,-5.566145,56.618977,0.302894,0.001914,0.045506
1126939.352875,-9.235052,-5.837964,47.347492,-2.981925,-5.719368,47.823158,1126939.352874,1126939.305068,0,1902,1,-6.125844,-5.451154,56.588863,0.291335,0.006719,0.046228
1126939.368162,-9.242867,-5.886560,47.347195,-2.989542,-5.724134,47.807598,1126939.368162,1126939.321776,0,1903,1,-6.113791,-5.588169,56.586708,0.307386,0.008787,0.046820
1126939.384434,-9.254821,-5.859905,47.337704,-2.996620,-5.713473,47.795361,1126939.384433,1126939.338485,0,1904,1,-6.161594,-5.464420,56.571289,0.294351,0.004797,0.047183
1126939.401234,-9.261643,-5.869962,47.323433,-3.003096,-5.716006,47.767742,1126939.401233,1126939.355193,0,1905,1,-6.177740,-5.477729,56.551228,0.296651,0.004766,0.052664
1126939.414995,-9.270001,-5.851933,47.307690,-3.009868,-5.690999,47.761528,1126939.414995,1126939.371902,0,1906,1,-6.211805,-5.493423,56.540936,0.298975,0.000653,0.047676
1126939.430989,-9.277171,-5.847002,47.296978,-3.015022,-5.700794,47.757259,1126939.430988,1126939.388610,0,1907,1,-6.157070,-5.520360,56.534882,0.302375,0.008261,0.051643
1126939.446980,-9.282448,-5.860802,47.285030,-3.018572,-5.707396,47.777225,1126939.446979,1126939.405319,0,1908,1,-6.215995,-5.469991,56.536560,0.296430,0.001146,0.045728
1126939.463767,-9.286835,-5.844791,47.266350,-3.023729,-5.695709,47.775951,1126939.463767,1126939.422027,0,1909,1,-6.170635,-5.373170,56.522182,0.285831,0.007627,0.049046
1126939.479396,-9.290893,-5.866582,47.259087,-3.027234,-5.711675,47.764572,1126939.479395,1126939.438735,0,1910,1,-6.238813,-5.477388,56.517517,0.297380,-0.000054,0.048105
1126939.496638,-9.292457,-5.845713,47.253925,-3.027938,-5.720725,47.757641,1126939.496637,1126939.455444,0,1911,1,-6.190590,-5.506946,56.512989,0.300824,0.005847,0.049854
1126939.511271,-9.296309,-5.872514,47.259644,-3.032649,-5.705822,47.759274,1126939.511270,1126939.472152,0,1912,1,-6.148374,-5.531364,56.517586,0.303564,0.011369,0.051899
