current_time,predicted_x,predicted_y,predicted_z
428451.651194099977,-4.294786452110,-1.552984766920,51.693607330322
428451.654944800015,-4.297330644697,-1.537501134212,51.397542953491
428451.659877100028,-4.299479319260,-1.522168372698,51.397542953491
428451.663881400018,-4.301293040688,-1.507194653325,51.397542953491
428451.667892800004,-4.302800118574,-1.492506338750,51.397542953491
428451.671927899995,-4.309817523798,-1.500903730201,51.555318832397
428451.675906500022,-4.316528847719,-1.508520792373,51.555318832397
428451.680864499998,-4.323089426821,-1.515453690090,51.555318832397
428451.684893199999,-4.287696035859,-1.508440156699,51.362056732178
428451.688917400024,-4.253239387573,-1.501479317925,51.362056732178
428451.692895499989,-4.219565997710,-1.494557214961,51.362056732178
428451.696857900009,-4.186519466429,-1.487656635944,51.362056732178
428451.700878400006,-4.220556097483,-1.477857848461,51.446172714233
428451.705901600013,-4.253546322382,-1.467803210704,51.446172714233
428451.709896199987,-4.285199140280,-1.457741700182,51.446172714233
428451.713884799974,-4.315722295916,-1.447649317979,51.446172714233
428451.717875099974,-4.303105610994,-1.463778276160,51.591758728027
428451.721894700022,-4.290887928591,-1.478825029348,51.591758728027
428451.726892400009,-4.278783976210,-1.493057548573,51.591758728027
428451.730395300023,-4.267090364244,-1.506370977190,51.591758728027
428451.734379699978,-4.258278642882,-1.515409076156,51.537927398682
428451.738359300012,-4.249495072779,-1.523957384863,51.536927398682
428451.743318499997,-4.240491363314,-1.532188952392,51.536027398682
428451.747336399974,-4.231469147872,-1.540051346918,51.535217398682
428451.751376300002,-4.262931414944,-1.561989648255,51.533773142944
428451.755335800000,-4.293263813799,-1.583201226566,51.532473312781
428451.759273300006,-4.322645987893,-1.603797494667,51.531303465634
428451.764307999983,-4.302854382803,-1.614201602171,51.535414940359
428451.768430800003,-4.283631641346,-1.624482345542,51.539115267612
428451.771876899991,-4.265112323543,-1.634520271219,51.542445562140
428451.776889399975,-4.246606991003,-1.644727040397,51.545442827215
428451.779846100020,-4.228831885468,-1.654621750367,51.548140365783
428451.784840999986,-4.255955761261,-1.662886240058,51.542363881084
428451.788869399985,-4.281924278781,-1.671252087877,51.537165044856
428451.792850999977,-4.306890081237,-1.679719165044,51.532486092250
428451.797172899998,-4.309341842353,-1.672380594870,51.519941828728
428451.800561800017,-4.311826076560,-1.665803684033,51.508651991559
428451.804954699997,-4.314435060994,-1.659913741364,51.498491138106
428451.809613000019,-4.317195230526,-1.654635498644,51.489346369998
428451.813947600021,-4.272579721214,-1.635315433418,51.482674954739
428451.817337099987,-4.229603064234,-1.617055770314,51.476670681006
428451.822361099999,-4.186574637755,-1.599276489243,51.471266834646
428451.826333299978,-4.144270228469,-1.582165883430,51.466403372922
428451.830037100008,-4.132104987983,-1.566849339968,51.460052723740
428451.835105800012,-4.119164941762,-1.551604155157,51.454337139477
428451.838875200017,-4.105994459565,-1.536755821485,51.449193113639
428451.842921599979,-4.092463203045,-1.522142198259,51.444563490386
428451.847239699971,-4.120504123628,-1.532262233978,51.313175201416
428451.851090200013,-4.147083078653,-1.541656390333,51.313175201416
428451.854891000025,-4.172390668884,-1.550402108380,51.313175201416
428451.859848699998,-4.197068235343,-1.558665561298,51.313175201416
428451.863417299988,-4.171695768797,-1.572771444823,51.526386260986
428451.868902400020,-4.146127333226,-1.586548294957,51.526386260986
428451.871857699996,-4.121598582544,-1.599549976459,51.526386260986
428451.875270200020,-4.097732036447,-1.611964457710,51.526386260986
428451.879908800009,-4.073751410707,-1.624136253304,51.526386260986
428451.884713599982,-4.049497496916,-1.636161413503,51.526386260986
428451.888705599995,-4.025386818816,-1.647901363362,51.526386260986
428451.892648099980,-4.001377496857,-1.659398066258,51.526386260986
428451.897514400014,-3.971663595707,-1.667819454294,51.526183700562
428451.901299600024,-3.942067876400,-1.676164729118,51.526001396179
428451.905319000012,-3.912323156908,-1.684508374666,51.525837322235
428451.909458099981,-3.904060731722,-1.696620232646,51.400465011597
428451.913111499976,-3.895211236647,-1.708535073596,51.400465011597
428451.917942999979,-3.885351931277,-1.720633780305,51.400465011597
428451.921894899977,-3.874906985958,-1.732676488101,51.400465011597
428451.925269200001,-3.775587243164,-1.768305271726,51.787000656128
428451.930573899997,-3.666081567858,-1.803693751928,51.787000656128
428451.934728900029,-3.577512497761,-1.838220815714,51.787000656128
428451.938768299995,-3.488973197231,-1.871961245553,51.787000656128
428451.942298599984,-3.394397908154,-1.875973042753,51.452112197876
428451.947609999974,-3.355773920225,-1.881283298500,51.452112197876
428451.951572699996,-3.326555004800,-1.887357811692,51.452112197876
428451.955559100024,-3.296814242484,-1.894151379375,51.452112197876
428451.959898000001,-3.384690623252,-1.865215839255,51.512724151611
428451.963580499985,-3.365440896546,-1.838409582407,51.513724151611
428451.967673800013,-3.344062265358,-1.813395151029,51.514624151611
428451.971745399991,-3.322816284642,-1.789957056380,51.515434151611
428451.977060300007,-2.305841469986,-1.749343389702,51.653623580933
428451.979455300025,-2.253320197813,-1.711487474490,51.653623580933
428451.984105499985,-2.149140483601,-1.674808991241,51.653623580933
428451.989449599991,-2.486090989497,-1.652421363096,51.664631118774
428451.993419200007,-2.422890103061,-1.630615317209,51.665631118774
428451.996879299986,-2.366883954221,-1.609500784227,51.666531118774
428452.000506200013,-2.307260937704,-1.588892223964,51.667341118774
428452.005889200023,-2.773688519071,-1.629405530374,51.537281036377
428452.009288100002,-2.749202546129,-1.667516301443,51.537281036377
428452.014205000014,-2.714009426054,-1.704274357182,51.537281036377
428452.018189999973,-2.685684839848,-1.739412534549,51.537281036377
428452.021614999976,-2.217509962504,-1.768005090881,51.515170822144
428452.026473700011,-2.146478067617,-1.796079453103,51.514170822144
428452.030299199978,-2.089706091697,-1.823242805413,51.513270822144
428452.034280400025,-2.029832951436,-1.849713196253,51.512460822144
428452.038249599980,-1.533043280114,-1.858562826332,51.644466400146
428452.042693399999,-1.429240437728,-1.867796754878,51.644466400146
428452.046035100007,-1.349652712444,-1.877081709385,51.644466400146
428452.051044900029,-1.227877948929,-1.886931069544,51.644466400146
428452.055402999977,-1.518029170099,-1.892032147600,51.643570137024
428452.058822999999,-1.454843181901,-1.897341785049,51.642763500214
428452.063469799992,-1.367844008867,-1.903108864988,51.642037527084
428452.067432600015,-1.292606488309,-1.909153022439,51.641384151268
428452.072233700019,-1.194222557168,-1.919925027234,51.862337112427
428452.075871200010,-1.122873705604,-1.930562699501,51.862337112427
428452.080790899985,-1.025106921987,-1.941428864813,51.862337112427
428452.084683599998,-0.976486599273,-1.970961159790,51.858972320557
428452.088123199996,-0.907721040359,-1.999562250757,51.857972320557
428452.093122399994,-0.806540195915,-2.028312864713,51.857072320557
428452.096994500025,-0.727165376284,-2.056577133385,51.856262320557
428452.100994099979,-0.778482253045,-2.050606214550,51.587087631226
428452.104363400023,-0.717092819517,-2.045698843470,51.587087631226
428452.109039800009,-0.631239135879,-2.041923943149,51.587087631226
428452.113905199978,-0.541115339810,-2.039187192936,51.587087631226
428452.118287499994,-0.085711897704,-2.016343120752,51.690790176392
428452.121926599997,0.007377979629,-1.994952538772,51.690790176392
428452.126125200011,0.116298146799,-1.974690031047,51.690790176392
428452.129623699991,0.208298508463,-1.955568557166,51.690790176392
428452.133994199976,-0.118321035440,-1.944144490541,51.943185806274
428452.138660600001,-0.028074522995,-1.932962739823,51.943185806274
428452.142947399989,0.055342133787,-1.922022548343,51.943185806274
428452.146921799984,0.133117361363,-1.911321088052,51.943185806274
428452.150913599995,0.395316345852,-1.910703904030,51.856151580811
428452.155285899993,0.494610691411,-1.909826682788,51.856151580811
428452.158935100015,0.578200708265,-1.908748564916,51.856151580811
428452.163901099993,0.693002063930,-1.907356151051,51.856151580811
428452.168030300003,0.759183153702,-1.916738011035,51.838330993652
428452.171493900008,0.840201727146,-1.925511597830,51.837330993652
428452.176487000019,0.958080431987,-1.933887198359,51.836430993652
428452.180634299992,0.690721575489,-1.957653647160,51.832668799438
428452.184268800018,0.752132758516,-1.980265671123,51.829282824646
428452.189134499989,0.834039817885,-2.002291365080,51.826235447333
428452.193160999974,0.901554054641,-2.023533926157,51.823492807751
428452.197496199980,1.402159736473,-2.044981579527,51.987634658813
428452.201135799987,1.492003330170,-2.065698864168,51.987634658813
428452.204671800020,1.580007603006,-2.085746089130,51.987634658813
428452.209311700019,1.696559392867,-2.105669009979,51.987634658813
428452.213700000022,1.306826155811,-2.118355179059,51.723423004150
428452.217104499985,1.362882531101,-2.130900285469,51.723423004150
428452.221605599974,1.436594656014,-2.143708418015,51.723423004150
428452.226595100015,1.517772504599,-2.156953593100,51.723423004150
428452.230257600022,1.668182782572,-2.150415417057,51.700221786499
428452.233744100027,1.728993173371,-2.144647299507,51.699221786499
428452.238299500023,1.808201300702,-2.139589418667,51.698321786499
428452.242247299990,1.876619522336,-2.135136045239,51.697511786499
428452.246835200000,1.946850085677,-2.103613403145,51.312042236328
428452.250269900018,2.007172418050,-2.073799172740,51.312042236328
428452.255314400012,2.095639228000,-2.044750438790,51.312042236328
428452.259341900004,2.166161431558,-2.016755938440,51.312042236328
428452.262707000016,2.435706398225,-1.994597168470,51.572544097900
428452.267919500009,2.544859773993,-1.972394468341,51.572544097900
428452.272137299995,2.633600057571,-1.950504476598,51.572544097900
428452.275764700025,2.710216713216,-1.929106422815,51.572544097900
428452.280488600023,2.810406471776,-1.907559772496,51.572544097900
428452.283990100026,2.884971876826,-1.886414354419,51.572544097900
428452.288666900015,2.984966243325,-1.864965534290,51.572544097900
428452.292584499985,2.882408616244,-1.847443434973,51.424940109253
428452.297797999985,2.981336941979,-1.829048304300,51.424940109253
428452.300234600028,3.027611787471,-1.811230825746,51.424940109253
428452.304847599997,3.115288519041,-1.792745205612,51.424940109253
428452.310215900012,2.367310264915,-1.811482290583,51.129308700562
428452.313865499978,2.384634358873,-1.828406551122,51.129308700562
428452.317975900020,2.402362010661,-1.843712663164,51.129308700562
428452.322000699991,2.417889386864,-1.857566752272,51.129308700562
428452.325374700013,3.432820207590,-1.896759797912,51.331073760986
428452.330534100009,3.534659286502,-1.934223244224,51.331073760986
428452.334253099980,3.608425510228,-1.969573019570,51.331073760986
428452.339471100015,3.712430738461,-2.003755240140,51.331073760986
428452.342566300009,3.680291433051,-2.031718819625,51.175050735474
428452.347294099978,3.770367989449,-2.058947100716,51.175050735474
428452.351079199987,3.842753224464,-2.085151668506,51.175050735474
428452.355030699982,3.918576338493,-2.110556099184,51.175050735474
428452.359220199985,3.595232040922,-2.147828699360,51.552333831787
428452.364849100006,3.661624756875,-2.185004504679,51.552333831787
428452.367466899974,3.691991710056,-2.220195378167,51.552333831787
428452.371445700002,3.737526554922,-2.254554418396,51.552333831787
428452.376792400028,3.659290326664,-2.274744218313,51.387870788574
428452.380194000027,3.690201452009,-2.294654436282,51.387870788574
428452.384218499996,3.725866092981,-2.314671909089,51.387870788574
428452.389542200021,3.075726138469,-2.294777843658,51.135980606079
428452.392515800020,3.065365713601,-2.276761117408,51.135980606079
428452.396985300002,3.047149889263,-2.260354609975,51.135980606079
428452.400659699982,3.029796723665,-2.245410660523,51.135980606079
428452.405973199988,3.892943699822,-2.208539722348,51.480361938477
428452.410034200002,3.927954471224,-2.173510438232,51.480361938477
428452.414070100000,3.962108258087,-2.140078861526,51.480361938477
428452.418097999995,3.995557636493,-2.108018242145,51.480361938477
428452.422445199976,4.489176725710,-2.071779873668,51.504188766479
428452.425882500014,4.545264759948,-2.036979263649,51.505188766479
428452.429458800005,4.604040163578,-2.003316881614,51.506088766479
428452.434417599987,4.686243950890,-1.969659967518,51.506898766479
428452.438594400010,3.643215608992,-1.967005830063,51.351537704468
428452.442582899996,3.633645172324,-1.963680785255,51.351537704468
428452.447402700025,3.619378498325,-1.959519787927,51.351537704468
428452.451429300010,3.605193011908,-1.954767696581,51.351537704468
428452.455089800002,3.689623305108,-1.959893348575,51.310966262817
428452.458766700001,3.678654587265,-1.964207929962,51.309966262817
428452.463456499972,3.662367506648,-1.967704882839,51.309066262817
428452.467488499999,3.646306483144,-1.970515265189,51.308256262817
428452.471832800016,4.142501211079,-1.973259272262,51.306796748291
428452.475241800013,4.157094654538,-1.975428528744,51.305483185217
428452.479878399987,4.176228359473,-1.976965363312,51.304300978451
428452.484999399981,4.178942330309,-1.987449930025,51.484148025513
428452.489301999973,4.192443180789,-1.997095966444,51.484148025513
428452.492752899998,4.202679706315,-2.005955193078,51.484148025513
428452.496661100013,4.213636573250,-2.014139979696,51.484148025513
428452.500818100001,3.974831090963,-2.012991795327,51.413690338135
428452.505232200027,3.972905680000,-2.011666155404,51.412690338135
428452.509091900021,3.970231636682,-2.010214546989,51.411790338135
428452.514089900011,3.966423273181,-2.008569207013,51.410980338135
428452.518482999993,3.403083811438,-2.024318570258,51.415340907227
428452.521893900004,3.365659116050,-2.039156251324,51.419265419409
428452.525359200023,3.325350660009,-2.053204531045,51.422797480374
428452.529889300000,3.266568272163,-2.066786924540,51.425976335241
428452.534285100002,2.978823657762,-2.069219070728,51.262159347534
428452.538271300029,2.906352940428,-2.071679218304,51.262159347534
428452.542679900012,2.821328052326,-2.074204331208,51.262159347534
428452.546706499998,2.740862094144,-2.076771084569,51.262159347534
428452.551385800005,1.778136778853,-2.067349653305,50.975547790527
428452.554823999992,1.651794935600,-2.058580899636,50.975547790527
428452.559896700026,1.458582364875,-2.050250152060,50.975547790527
428452.563906299998,1.300118916770,-2.042395637264,50.975547790527
428452.567967700015,3.072977765105,-2.026756081043,50.974783706665
428452.572296699975,3.069964568223,-2.011686843465,50.974096031189
428452.576346800022,3.048554013666,-1.997167608495,50.973477123260
428452.580495800008,3.357304914114,-1.997169283138,50.881898880005
428452.584451699979,3.359261924382,-1.996998988258,50.881898880005
428452.588851300010,3.362570489763,-1.996650284258,50.881898880005
428452.592739499989,3.366486834614,-1.996159901333,50.881898880005
428452.596686700010,2.068303925779,-2.015389548461,50.891884078979
428452.601835399983,1.944354868987,-2.034288570064,50.892884078979
428452.605959600012,1.841739505408,-2.052625380985,50.893784078979
428452.609930499981,1.740139486458,-2.070450726405,50.894594078979
428452.614267099998,2.175834326506,-2.073745230794,50.873972566067
428452.617952600005,2.115161504079,-2.077229661550,50.869071571057
428452.622079399996,2.045955598502,-2.080966100738,50.864660675548
428452.626062700001,1.977885457326,-2.084927391138,50.860690869590
428452.629725000006,1.658975741039,-2.085956283831,50.575227737427
428452.634199999971,1.559620517495,-2.087365297142,50.575227737427
428452.638540300017,1.460985169257,-2.089114322513,50.575227737427
428452.642517599976,1.368635794794,-2.091139895672,50.575227737427
428452.646106000000,1.276273134474,-2.100611506438,50.523673782349
428452.651318799995,1.148831767029,-2.110328692940,50.522673782349
428452.654793600028,1.062030169685,-2.119890360777,50.521773782349
428452.659357000026,0.945786474720,-2.129593444182,50.520963782349
428452.662825100007,0.855735991033,-2.139179861540,50.520234782349
428452.667396300007,0.734790432452,-2.148958525033,50.519578682349
428452.672051200003,0.608997758190,-2.158961348949,50.518988192349
428452.676040099992,0.499089343829,-2.169018075268,50.518456751349
428452.679607299971,0.510163082059,-2.213723968666,50.718614578247
428452.684910800017,0.368377302708,-2.258112778384,50.718614578247
428452.688588000019,0.268304724106,-2.301024695643,50.718614578247
428452.692726699985,-0.010271498754,-2.305190114940,50.581968307495
428452.696545400016,-0.127949560466,-2.310153388296,50.581968307495
428452.700933900021,-0.265528998622,-2.316041861504,50.581968307495
428452.704820399988,-0.389462214867,-2.322623557527,50.581968307495
428452.709782899998,-0.666497004030,-2.301182004287,50.527353057861
428452.713430100004,-0.793766608236,-2.281499904142,50.526353057861
428452.717019699980,-0.920909317296,-2.263383163218,50.525453057861
428452.722557600006,-1.120724436761,-2.246409457300,50.524643057861
428452.726055499981,-0.494851123808,-2.247965243716,50.527879435669
428452.729738100024,-0.586071642566,-2.249709716058,50.530792175696
428452.734841300000,-0.713502667252,-2.251747585745,50.533413641720
428452.738825800014,-0.813823646694,-2.253939505283,50.535772961142
428452.742541200016,-1.285258285335,-2.248327458958,50.537198259022
428452.746219899971,-1.400781514573,-2.243221923227,50.538481027114
428452.750947199995,-1.551011688003,-2.238536294895,50.539635518396
428452.754972200026,-1.680499025150,-2.234223998837,50.540674560551
428452.759624200000,-1.933769030834,-2.262995627029,50.727611541748
428452.763744099997,-2.078899091178,-2.290763985011,50.727611541748
428452.767451499996,-2.211114690447,-2.317477880308,50.727611541748
428452.772440799978,-2.247083778001,-2.328424401425,50.393733978271
428452.776087299979,-2.369910626737,-2.339220627200,50.393733978271
428452.779428199981,-2.483429455682,-2.349811228821,50.393733978271
428452.784370500012,-2.653089998039,-2.360651109678,50.393733978271
428452.788360100007,-2.791550602254,-2.371476550338,50.393733978271
428452.792372299999,-3.261637009254,-2.391553182432,50.638374328613
428452.797360300028,-3.467660725458,-2.411605234644,50.638374328613
428452.801377299998,-3.635994412924,-2.431278506668,50.638374328613
428452.805287200026,-3.513204890470,-2.434020038835,50.656719436646
428452.808936699992,-3.650798332213,-2.437181528234,50.657719436646
428452.814083900012,-3.846854473794,-2.441009637661,50.658619436646
428452.818108299980,-4.001770760272,-2.445226428421,50.659429436646
428452.822435599985,-4.731856972074,-2.419890779643,50.501916885376
428452.825935799978,-4.903569749560,-2.396088108332,50.501916885376
428452.829554900003,-5.083317106779,-2.373585595311,50.501916885376
428452.834577300004,-5.336469695266,-2.351757717232,50.501916885376
428452.838690600009,-5.102614148967,-2.333656627345,50.319835662842
428452.842018300027,-5.250748369425,-2.316425568663,50.319835662842
428452.846863800019,-5.468684062047,-2.299487996814,50.319835662842
428452.850813500001,-5.648290625330,-2.283025562769,50.319835662842
428452.855481399980,-4.769595025316,-2.265454015093,50.559062957764
428452.858909200004,-4.861821964234,-2.248349992832,50.559062957764
428452.863968599995,-4.996807187282,-2.230979503520,50.559062957764
428452.867983100004,-5.102946574426,-2.213715212240,50.559062957764
428452.871569000010,-5.897344620818,-2.210951791247,50.261182785034
428452.875969699991,-6.066434745209,-2.207660748744,50.261182785034
428452.879614199977,-6.207199495976,-2.204010515215,50.261182785034
428452.884570700000,-6.452987671123,-2.206893953419,50.277807464600
428452.888599600003,-6.616164061662,-2.209081567391,50.278807464600
428452.891969099990,-6.753460593567,-2.210699079878,50.279707464600
428452.896582400019,-6.942659505630,-2.211658222356,50.280517464600
428452.900587300013,-7.108051702097,-2.212075717459,50.281246464600
428452.905720899988,-6.641477053274,-2.203796072637,50.281093848779
428452.909024499997,-6.739687270845,-2.195611166583,50.280956494541
428452.913982100028,-6.886292736645,-2.187114466024,50.280832875727
428452.918324799975,-7.775073531007,-2.171466224150,50.273622657917
428452.921742599981,-7.922303302557,-2.156183634382,50.267133461889
428452.925183699990,-8.071501414228,-2.141194488351,50.261293185463
428452.929715799983,-8.269479631611,-2.126035889621,50.256036936680
428452.934073799988,-7.677834609508,-2.105489791724,50.248255317902
428452.938503600017,-7.813424803209,-2.084863014997,50.241251861002
428452.941945899976,-7.918327994867,-2.064597472044,50.234948749792
428452.946891099971,-8.068326103257,-2.043849663511,50.229275949703
428452.950259200006,-7.938966290019,-2.032183279710,49.905883789062
428452.954701000010,-8.053569307757,-2.020013413027,49.905883789062
428452.959327100019,-8.171354722144,-2.007280068389,49.905883789062
428452.963321299991,-8.271760412029,-1.994249105024,49.905883789062
428452.968628800008,-8.214987697442,-1.999312538812,50.145406723022
428452.971819699975,-8.282235356291,-2.003495986018,50.145406723022
428452.975687100028,-8.362365355934,-2.006812728027,50.145406723022
428452.980818499986,-8.565617362105,-2.007311717767,49.928848266602
428452.984781500010,-8.651236216370,-2.007238091896,49.928848266602
428452.988774499972,-8.736087017810,-2.006647672230,49.928848266602
428452.992826799979,-8.820744586896,-2.005586937180,49.928848266602
428452.996781900001,-8.635184788210,-1.995450421581,49.944862594604
428453.000946499989,-8.700895697130,-1.985236622283,49.945862594604
428453.004750500026,-8.759059784575,-1.975035884205,49.946762594604
428453.009741000016,-8.832676864792,-1.964515249077,49.947572594604
428453.014081000001,-8.771966550207,-1.952294176095,49.809156417847
428453.018437999999,-8.819937593076,-1.939970169712,49.809156417847
428453.022525899985,-8.862322389014,-1.927616440990,49.809156417847
428453.026507899980,-8.901167188160,-1.915251046568,49.809156417847
428453.030248199997,-9.186065738618,-1.911992948570,49.752248535156
428453.034057100012,-9.240108776070,-1.908391870769,49.751248535156
428453.039067699981,-9.309084697136,-1.904270675883,49.750348535156
428453.043059299991,-9.362311187701,-1.899860033406,49.749538535156
428453.046394300007,-8.973206539764,-1.897113378244,49.746800095974
428453.050823699974,-8.991377948272,-1.894067665919,49.741899100964
428453.054261400015,-9.003101395953,-1.890887179647,49.737488205455
428453.058664400014,-9.015079260706,-1.887469594698,49.733518399497
428453.063225099992,-9.023889196921,-1.883827696035,49.729945574135
428453.068462199997,-9.029490996816,-1.879911204949,49.726730031309
428453.072100099991,-9.030541483961,-1.875949714304,49.723836042765
428453.076292500016,-9.426476616351,-1.856925245670,49.725389854565
428453.080014900013,-9.447463425506,-1.838574031613,49.726788285185
428453.083704899997,-9.466620642045,-1.820825821727,49.728046872744
428453.088775300013,-9.490269852786,-1.803137265224,49.729179601546
428453.093244399992,-8.933177665471,-1.772499396324,49.732061774143
428453.096704699972,-8.912208849461,-1.742974968565,49.734655729480
428453.100760200003,-8.884613051051,-1.714076586662,49.736990289283
428453.105742399988,-8.846249881350,-1.685150112737,49.739091393107
428453.109747099981,-9.277913673895,-1.677758314749,49.738240763623
428453.113529400027,-9.271376470610,-1.669956703612,49.737475197087
428453.117562600004,-9.262217704047,-1.661700900010,49.736786187205
428453.121538700012,-9.250978176520,-1.653044562611,49.736166078311
428453.126916999987,-9.041312931832,-1.698771220551,49.738998673971
428453.130854799994,-9.013869677785,-1.741910681645,49.741548010065
428453.134301599988,-8.987835304716,-1.782540183741,49.743842412550
428453.138290299976,-8.955362328486,-1.821271343382,49.745907374786
428453.142660500016,-8.919789988919,-1.864725340520,49.619920730591
428453.146119599987,-8.887214957909,-1.906306619771,49.619920730591
428453.151285399974,-8.834961415511,-1.947563323095,49.619920730591
428453.155308699992,-8.791272246382,-1.987796941913,49.619920730591
428453.158704800007,-9.199298062424,-2.006463808945,49.715095520020
428453.163181899989,-9.179843449718,-2.025583607385,49.715095520020
428453.168268100009,-9.155416648419,-2.045529660111,49.715095520020
428453.172247499984,-9.134580615156,-2.065699898572,49.715095520020
428453.175586699974,-8.279877729374,-2.070019724789,49.835409164429
428453.180266499985,-8.191836476859,-2.075444609931,49.835409164429
428453.184043199988,-8.119112923648,-2.081603496171,49.835409164429
428453.189431399980,-8.633133801325,-2.055466261194,49.808713684082
428453.192434899975,-8.633576349227,-2.031470923968,49.807713684082
428453.196449899988,-8.629131286103,-2.009222898060,49.806813684082
428453.201404399995,-8.594651634842,-1.988360930870,49.806003684082
428453.205446099979,-8.592118201109,-1.972407097443,49.804247386108
428453.209570800012,-8.585125621728,-1.957542815045,49.802666717932
428453.213636000000,-8.569755061831,-1.943648816084,49.801244116573
428453.217705100018,-8.529096735245,-1.930610070537,49.799963775351
428453.221616600000,-7.421637193635,-1.901843266019,49.804938062794
428453.226781699981,-7.264662342561,-1.873824044799,49.809414921492
428453.230826399988,-7.137191708441,-1.846881329149,49.813444094321
428453.234364699980,-7.022405876580,-1.821081602655,49.817070349867
428453.237791499996,-7.523722770028,-1.808627981404,49.823003886475
428453.242447400000,-7.413735755086,-1.796106296234,49.828344069421
428453.247636699991,-7.287168555121,-1.783325005345,49.833150234073
428453.250615499972,-7.212620266381,-1.770931242986,49.837475782260
428453.256219199975,-7.058836853654,-1.780704869758,50.091230392456
428453.258618999971,-6.994680946982,-1.789582520382,50.091230392456
428453.263691000000,-6.856134771713,-1.797759208435,50.091230392456
428453.267701099976,-6.743758320141,-1.805280135120,50.091230392456
428453.271080499981,-7.118632658475,-1.817145807040,49.950403213501
428453.275761299999,-7.020781019855,-1.828408559608,49.950403213501
428453.280620199977,-6.917128541792,-1.839181156517,49.950403213501
428453.284540800028,-6.997905471348,-1.879639046188,49.844703674316
428453.287957300025,-6.935924941463,-1.918220515742,49.844703674316
428453.292967199988,-6.843963394900,-1.956232110059,49.844703674316
428453.296799500007,-6.772755494274,-1.993043897362,49.844703674316
428453.300815999974,-6.117939916935,-2.035890572373,49.702491760254
428453.304467200011,-6.010027225967,-2.077523633212,49.702491760254
428453.309683499974,-5.852460025777,-2.119520426777,49.702491760254
428453.313701900013,-5.728351888532,-2.160916934283,49.702491760254
428453.317796799995,-5.815704771698,-2.181778835537,49.667054901123
428453.321558099997,-5.710858291755,-2.202994537620,49.666054901123
428453.326637600025,-5.566805272359,-2.225473059727,49.665154901123
428453.331091800006,-5.438157788952,-2.248755908660,49.664344901123
428453.333506499999,-4.761828063882,-2.228120952084,49.664093691956
428453.338749299990,-4.547727391958,-2.209601635890,49.663867603705
428453.343233600026,-4.360100776751,-2.192948825232,49.663664124279
428453.346823300002,-4.206914277896,-2.177953010514,49.663480992796
428453.350172400009,-4.791550756491,-2.155856389716,49.657393856956
428453.355384600000,-4.629775539091,-2.134990443172,49.651915434701
428453.359112399979,-4.512496398835,-2.115461234238,49.646984854671
428453.363027099986,-4.387922051266,-2.097052896061,49.642547332643
428453.367439900001,-4.271830047882,-2.096046854949,49.637254086196
428453.371134900022,-4.155788197446,-2.095245291606,49.632490164392
428453.375819600013,-4.007124624794,-2.094636395684,49.628202634770
428453.379850100027,-3.877843260298,-2.094168021998,49.624343858109
428453.384523699991,-3.399521773120,-2.084793835382,49.754367828369
428453.388035100012,-3.260417235954,-2.075962499840,49.754367828369
428453.392686499981,-3.073443771395,-2.067459459981,49.754367828369
428453.396666100016,-2.779057859549,-2.057962612926,49.871437072754
428453.400115599972,-2.628534793240,-2.048810580048,49.871437072754
428453.405213300022,-2.402625251119,-2.039633706231,49.871437072754
428453.408976199978,-2.233216958657,-2.030645296338,49.871437072754
428453.412996499974,-1.789937185230,-2.018192102824,50.116428375244
428453.417537999980,-1.553045125460,-2.005584276261,50.116428375244
428453.421606099990,-1.337090121953,-1.992930073934,50.116428375244
428453.425572299981,-1.123127015928,-1.980218533187,50.116428375244
428453.430081199971,-2.313139470993,-1.997627169160,50.116748809814
428453.434329200012,-2.192839666059,-2.013937373636,50.117037200928
428453.438327200012,-2.080189082820,-2.029237616698,50.117296752930
428453.441802999994,-1.982701084755,-2.043560724852,50.117530349731
428453.446336099994,-1.856185391922,-2.057190693165,50.117740586853
428453.450848800014,-1.730944127075,-2.070213859125,50.117929800262
428453.454273100011,-1.636378743047,-2.082522068474,50.118100092331
428453.459252999979,-1.499576836817,-2.094474508263,50.118253355193
428453.462634299998,-1.717559437967,-2.137860980721,50.120731227071
428453.468106999993,-1.599873314024,-2.180581476917,50.122961311761
428453.472161000012,-1.514303180604,-2.221836992979,50.124968387982
428453.476316099986,-0.261402687942,-2.230788409441,50.121472136648
428453.479964800004,-0.114026870111,-2.239849172863,50.118325510446
428453.484125800023,0.055356985918,-2.249170796645,50.115493546865
428453.487765799975,0.204681797886,-2.258599792122,50.112944779642
428453.493108899973,0.128760429523,-2.267996492909,49.992361068726
428453.496759100002,0.263364210380,-2.277519312968,49.992361068726
428453.500280799984,0.393779789717,-2.287134116152,49.992361068726
428453.504936399986,0.567015462792,-2.297192041390,49.992361068726
428453.508904799994,0.081063809436,-2.308024316147,49.974937210083
428453.513363500009,0.199348116302,-2.319108156132,49.973937210083
428453.517365199979,0.304698918148,-2.330298791561,49.973037210083
428453.522375400004,0.435520024448,-2.341914725660,49.972227210083
428453.525856000022,1.442429519806,-2.326005242570,50.109956741333
428453.529250100022,1.582150112610,-2.311416220992,50.109956741333
428453.534369900008,1.794562129213,-2.297842285652,50.109956741333
428453.538335399993,1.960449346888,-2.285252398133,50.109956741333
428453.542664400011,1.666267441544,-2.261794773448,50.398645401001
428453.546659399988,1.805807223027,-2.239487323814,50.398645401001
428453.550752900017,1.949070587284,-2.218136064837,50.398645401001
428453.554747499991,2.089148929873,-2.197627880388,50.398645401001
428453.559329000011,1.266299375101,-2.147445137018,50.411558380127
428453.562798900006,1.328978856208,-2.099394840946,50.412558380127
428453.567238699994,1.406960970571,-2.052340522782,50.413458380127
428453.572206199984,2.140593448100,-2.018799771711,50.692628860474
428453.576598400017,2.262608265683,-1.985367473796,50.692628860474
428453.580002699979,2.356754531308,-1.952691787844,50.692628860474
428453.584021400020,2.467414650456,-1.920150420558,50.692628860474
428453.589169499988,1.733189663804,-1.926509845539,50.478660583496
428453.593347300019,1.784618289574,-1.931435689471,50.478660583496
428453.596836099983,1.825518327982,-1.935194511927,50.478660583496
428453.600505099981,1.866521020980,-1.937859986531,50.478660583496
428453.605885799974,2.367884318489,-1.952691780491,50.605844497681
428453.608822999988,2.417455923775,-1.966015696157,50.605844497681
428453.613374900015,2.492575097166,-1.977981607005,50.605844497681
428453.617393099994,2.557165396025,-1.988741109073,50.605844497681
428453.621382199985,3.094680749696,-2.021616158732,50.455221176147
428453.626112100028,3.210326661421,-2.053068195139,50.455221176147
428453.630169300013,3.309235232658,-2.083040984404,50.455221176147
428453.633738200006,3.396018494059,-2.111532819901,50.455221176147
428453.638863899978,2.758973423138,-2.131005488528,50.571475982666
428453.642426599981,2.795994417993,-2.149694003781,50.571475982666
428453.646478199982,2.836007348034,-2.167879980718,50.571475982666
428453.651456099993,2.882125567924,-2.185989555351,50.571475982666
428453.654791400011,3.200832958243,-2.176710063629,50.620872726440
428453.659452899999,3.262706842633,-2.168129697317,50.621872726440
428453.663696400006,3.317287049246,-2.160193808784,50.622772726440
428453.667615999992,3.366223366169,-2.152849802329,50.623582726440
428453.671019300004,4.011218639878,-2.148872435612,50.809839248657
428453.675711799995,4.115925476410,-2.145133253349,50.809839248657
428453.680421900004,4.220929929463,-2.141602955821,50.809839248657
428453.684850600024,3.142718266513,-2.111000077225,50.766498336792
428453.689001700026,3.148158959879,-2.081537541873,50.765498336792
428453.692981600005,3.150429212347,-2.053125779046,50.764598336792
428453.696916499990,3.149838499352,-2.025628481627,50.763788336792
428453.700895000016,2.986036210308,-1.987999470335,50.658412933350
428453.704924400023,2.964923317992,-1.951370482597,50.658412933350
428453.708912900009,2.940502438465,-1.915594877528,50.658412933350
428453.713948699995,2.904663746308,-1.879743465711,50.658412933350
428453.717289599997,3.973619698699,-1.859377514922,50.996366500854
428453.722660599975,4.034661206815,-1.837966683788,50.996366500854
428453.725656899973,4.068214996101,-1.816935872139,50.996366500854
428453.731151400018,4.128815700258,-1.794700593099,50.996366500854
428453.734312099987,3.628422846971,-1.797249377051,50.956565628052
428453.738688000012,3.632661539538,-1.798478131140,50.955565628052
428453.742775099992,3.634468078451,-1.798580258266,50.954665628052
428453.746769100020,3.634225003684,-1.797682982811,50.953855628052
428453.750315100013,3.858622535599,-1.815663712468,51.141517639160
428453.754957200028,3.870871637725,-1.832289557897,51.141517639160
428453.759163299983,3.880207752133,-1.847699386135,51.141517639160
428453.763137599977,3.887489658566,-1.862029503007,51.141517639160
428453.767524400027,3.592413358607,-1.864067313232,51.013191223145
428453.771198200004,3.577971511674,-1.865736111117,51.013191223145
428453.776363899990,3.554580741146,-1.867028582373,51.013191223145
428453.780323599989,3.534210226209,-1.868049366188,51.013191223145
428453.784347000008,3.156759214798,-1.864086819100,51.297973632812
428453.788338200015,3.102898183009,-1.859988330102,51.297973632812
428453.792313100013,3.046056868150,-1.855771631864,51.297973632812
428453.796473999973,3.483961726951,-1.864030417545,51.258884201050
428453.801661400008,3.482465232110,-1.871874218138,51.257884201050
428453.805773400003,3.465265048885,-1.879292767264,51.256984201050
428453.809747099993,3.447099144027,-1.886344590164,51.256174201050
428453.813201299985,2.753235680160,-1.907155625645,51.084236145020
428453.817014899978,2.685265869952,-1.927264469943,51.084236145020
428453.821881300013,2.591122169035,-1.947202449198,51.084236145020
428453.825830699992,2.512533083879,-1.966706227950,51.084236145020
428453.829815700010,3.142490053483,-1.964064873647,51.282709121704
428453.834730900009,3.147188528551,-1.961999320044,51.282709121704
428453.838395899977,3.148343076150,-1.960389538611,51.282709121704
428453.842378699977,3.145916647945,-1.959227859106,51.282709121704
428453.846018099983,3.140452409653,-1.958459557181,51.282709121704
428453.850651499990,3.131201025258,-1.958141515469,51.282709121704
428453.855748799979,3.117903973283,-1.958292633757,51.282709121704
428453.859747599985,3.106285801797,-1.958791204056,51.282709121704
428453.863310399989,2.332356821479,-1.943548017833,50.919925689697
428453.866761200014,2.267022963478,-1.929405688862,50.919925689697
428453.871894599986,2.166768803143,-1.916036233465,50.919925689697
428453.875890300027,2.086197589925,-1.903495054015,50.919925689697
428453.879549100006,1.613409519040,-1.869879249928,50.886562118530
428453.884393999993,1.473241566312,-1.837389013845,50.885562118530
428453.888211200014,1.359372848495,-1.806338420406,50.884662118530
428453.892408200016,1.991962676756,-1.755752409010,50.993198394775
428453.896063500026,1.926740444446,-1.707267691863,50.993198394775
428453.900718200020,1.841945417624,-1.659767179919,50.993198394775
428453.904298199981,1.775401917309,-1.613969659304,50.993198394775
428453.909430300002,1.274226395075,-0.859345079474,51.011574020386
428453.913110300025,1.175896908667,-0.810332612605,51.012574020386
428453.917630099982,1.052286272958,-0.748630502732,51.013474020386
428453.921602000017,0.941073846320,-0.693038706079,51.014284020386
428453.925932999991,1.738859709132,-0.771486730080,50.994461686550
428453.929960799986,1.684970319649,-0.749719864959,50.989560691540
428453.933490200026,1.637442981049,-0.713298717750,50.985149796031
428453.938515199989,1.569282193737,-0.655664017827,50.981179990073
428453.942863199976,0.124849778099,-1.249445224266,50.596982955933
428453.946264399972,0.000466777391,-1.253390237637,50.596982955933
428453.951285600022,-0.187522996567,-1.255546719474,50.596982955933
428453.955307300028,-0.341844107027,-1.256385879764,50.596982955933
428453.959044200019,-0.367694893777,-1.872119298975,50.722810745239
428453.963005299971,-0.521292203662,-1.895244963604,50.722810745239
428453.967665600008,-0.706068612549,-1.925910974197,50.722810745239
428453.971639600000,-0.867106819814,-1.952317839499,50.722810745239
428453.976012400002,-0.292276211771,-2.149730003522,50.533838272095
428453.979346900014,-0.387646305377,-2.182810253794,50.533838272095
428453.984542699996,-0.538189796178,-2.241801217288,50.533838272095
428453.988924600009,-0.297780437175,-1.976557660231,50.502624282837
428453.992339799996,-0.378716903599,-1.963280816316,50.501624282837
428453.995753400028,-0.460087116999,-1.952958069353,50.500724282837
428454.000776799978,-0.580687793507,-1.946151493927,50.499914282837
428454.005145500007,-0.251722935376,-1.881401119184,50.497756297241
428454.008589299978,-0.307646121344,-1.863820389807,50.495814110205
428454.013010700000,-0.378892471732,-1.848831088796,50.494066141873
428454.017787399993,-0.455166836601,-1.836274323863,50.492492970373
428454.022144399991,-1.788743447304,-1.698750073030,50.209392547607
428454.025788199971,-1.926979318973,-1.676695866275,50.209392547607
428454.030030700029,-2.090549910560,-1.656100566535,50.209392547607
428454.033560400014,-2.228787957949,-1.636925430703,50.209392547607
428454.038943500025,-0.982343126596,-1.621275177526,50.639797210693
428454.042282500013,-1.034251971783,-1.606616263750,50.639797210693
428454.046963799978,-1.106086123777,-1.592597044882,50.639797210693
428454.051054599986,-1.167958392360,-1.579236850866,50.639797210693
428454.055379699974,-1.329483139010,-1.572431139466,50.541082382202
428454.058744399983,-1.381159489627,-1.566008057638,50.541082382202
428454.063397000020,-1.451623955433,-1.559808186629,50.541082382202
428454.067382499983,-1.511069555603,-1.553862731306,50.541082382202
428454.070946499996,-3.344305023127,-1.542169553531,50.385667800903
428454.075422200025,-3.554670919489,-1.530759888192,50.385667800903
428454.080475400027,-3.797679675253,-1.519460773822,50.385667800903
428454.084900500020,-2.591175355841,-1.525391918593,50.230436325073
428454.088325500023,-2.674844098433,-1.531006595474,50.230436325073
428454.092003599973,-2.764791487007,-1.536371171593,50.230436325073
428454.096812999982,-2.882554190968,-1.541628732807,50.230436325073
428454.100792600017,-2.351267998173,-1.545134215151,50.240564575195
428454.104153099994,-2.393175539547,-1.548511370159,50.241564575195
428454.108840200002,-2.449679739231,-1.551876062243,50.242464575195
428454.113675999979,-2.505599686764,-1.555258544393,50.243274575195
428454.117048299988,-3.337013518110,-1.560793608011,50.239176648010
428454.122268299980,-3.470551281325,-1.566406829868,50.235488513544
428454.126366999990,-3.575939767728,-1.571976443862,50.232169192524
428454.130339400028,-3.678530478375,-1.577509103942,50.229181803606
428454.133930100012,-4.038516636181,-1.587480567548,49.995838165283
428454.138230299985,-4.172865817277,-1.597411968488,49.995838165283
428454.142323100008,-4.302027627361,-1.607291498109,49.995838165283
428454.146304199996,-4.428873641743,-1.617127049675,49.995838165283
428454.151432999992,-3.660773338178,-1.610678445669,50.147460937500
428454.155070299981,-3.717331391768,-1.604835612873,50.147460937500
428454.159149900021,-3.779635979578,-1.599530572259,50.147460937500
428454.163143299986,-3.839465916922,-1.594707814656,50.147460937500
428454.166514399985,-3.990237837244,-1.566729095458,50.029954910278
428454.170920900011,-4.060380464271,-1.539833673662,50.029954910278
428454.176089200017,-4.141095696212,-1.513541901646,50.029954910278
428454.180117100012,-4.202837876615,-1.488197607095,50.029954910278
428454.183838800003,-4.739311927408,-1.443925696034,50.029686546326
428454.188238999981,-4.845561681669,-1.400677115629,50.029445018768
428454.191842600005,-4.932900906630,-1.358884553129,50.029227643967
428454.197255100007,-4.674985428946,-1.324392209823,50.031842103386
428454.200670699996,-4.732531358879,-1.290813356598,50.034195116863
428454.204470400000,-4.795894096149,-1.257703456202,50.036312828993
428454.209126000002,-4.872589838707,-1.224267185914,50.038218769909
428454.212633999996,-5.310804217664,-1.220086284535,50.035483700170
428454.217844100029,-5.432915952489,-1.214591754986,50.033022137404
428454.221478399995,-5.518395630175,-1.208421423867,50.030806730914
428454.225040599995,-5.602419366202,-1.201653384516,50.028812865074
428454.230030799983,-5.720525526276,-1.193837482239,50.027018385817
428454.233488400001,-5.802631999204,-1.185592469027,50.025403354487
428454.237794400018,-5.905197946169,-1.176646194546,50.023949826289
428454.242780799977,-6.024404108878,-1.166802762936,50.022641650911
428454.246824699978,-5.999082047489,-1.172665189282,50.023154203960
428454.250960399979,-6.091189151239,-1.177447199774,50.023615501703
428454.254994000017,-6.181126753668,-1.181281212696,50.024030669673
428454.259007000015,-6.270707331696,-1.184276359776,50.024404320845
428454.262349200028,-5.880168965185,-1.214084681258,50.016514593717
428454.267195300024,-5.950758919632,-1.242362996650,50.009413839301
428454.271371599985,-6.010524293683,-1.269130943821,50.003023160327
428454.276493999991,-6.025837492145,-1.287620500551,50.001109516169
428454.280184399977,-6.073180224894,-1.305165361477,49.999387236427
428454.283670899982,-6.117103642683,-1.321846176615,49.997837184660
428454.288324999972,-6.174519948502,-1.338102275785,49.996442138069
428454.292287199991,-6.026603038722,-1.350174953386,49.990653591376
428454.297547399998,-6.071033120259,-1.362314909314,49.985443899353
428454.300073900027,-6.091474261317,-1.373878107085,49.980755176532
428454.305116700009,-6.130530042918,-1.385605522517,49.976535325993
428454.309094200027,-6.110624042689,-1.390035857515,50.077758789062
428454.312749799981,-6.132074569086,-1.394639428488,50.077758789062
428454.317076499981,-6.155719466075,-1.399541871760,50.077758789062
428454.322079300007,-6.180702925010,-1.404872243876,50.077758789062
428454.326427900000,-6.506159382004,-1.398507722600,49.838277816772
428454.329858799989,-6.539496528906,-1.392833697948,49.838277816772
428454.333823100023,-6.577204269376,-1.387794488180,49.838277816772
428454.338802099985,-6.623329854410,-1.383351408888,49.838277816772
428454.342139100016,-6.858878789944,-1.370157120603,49.877010574341
428454.347049799981,-6.919592867454,-1.357779022156,49.878010574341
428454.350706500001,-6.964403522944,-1.346257403382,49.878910574341
428454.354715999973,-7.013145630955,-1.335463351192,49.879720574341
428454.359440299973,-6.667420752509,-1.312033621566,49.878508084167
428454.363416099979,-6.687815856298,-1.289664939697,49.877416843011
428454.367049900000,-6.705339274911,-1.268333246374,49.876434725971
428454.372043000010,-6.727677224146,-1.247442032527,49.875550820635
428454.376160799991,-7.151022460619,-1.227621558421,49.871052951401
428454.379493699991,-7.186307492719,-1.208607637871,49.867004869090
428454.384684999997,-7.240671655226,-1.189618832892,49.863361595011
428454.389039099973,-6.692939330789,-1.177289357450,49.865245459619
428454.392718599993,-6.693396739127,-1.165153583002,49.866940937766
428454.396253300016,-6.692450572652,-1.153216031637,49.868466868098
428454.400861700007,-6.689177943383,-1.141123431373,49.869840205397
428454.405242700013,-6.855945613800,-1.143001491282,49.690298080444
428454.408909499994,-6.860469389991,-1.144418822282,49.690298080444
428454.414081999974,-6.864813837638,-1.145318145342,49.690298080444
428454.418149999983,-6.866555913675,-1.145838776466,49.690298080444
428454.422500799992,-7.296382705335,-1.144190459264,49.714746704102
428454.425262400007,-7.317728550565,-1.142436598127,49.715746704102
428454.430022999994,-7.354218560138,-1.140394854349,49.716646704102
428454.434100700018,-7.385165021526,-1.138163309264,49.717456704102
428454.438052400015,-7.053241164903,-1.139325387423,49.728465406956
428454.442696899991,-7.055754521573,-1.140203464555,49.733366401966
428454.446478999977,-7.056554110463,-1.140867182882,49.737777297475
428454.450480800006,-7.056181262644,-1.141340484891,49.741747103433
428454.454454999999,-7.051451748551,-1.161587662590,49.743705167443
428454.459781799989,-7.048341082949,-1.181279909882,49.745467425051
428454.463431100012,-7.044980212390,-1.200055179510,49.747053456899
428454.467413800012,-7.040171109258,-1.218143357336,49.748480885562
428454.470744099992,-6.844061448468,-1.231913786995,49.748883231882
428454.475396999973,-6.828328954996,-1.245597376280,49.749245343569
428454.480254299997,-6.808878765796,-1.259318086072,49.749571244087
428454.484274999995,-6.792442481922,-1.272875412197,49.749864554554
428454.488765800023,-7.339637679546,-1.284330497798,49.603279113770
428454.492447800003,-7.347302491134,-1.295756173016,49.603279113770
428454.496199399990,-7.355296174980,-1.307210802256,49.603279113770
428454.501546200016,-7.358053993442,-1.300454217508,49.627590408325
428454.505016800016,-7.361783148538,-1.294472697522,49.628590408325
428454.508589299978,-7.366407036222,-1.289193129073,49.629490408325
428454.513222999987,-7.372188422962,-1.284578378803,49.630300408325
428454.517561800021,-7.122389233008,-1.258617761093,49.633775799622
428454.521224999975,-7.113699041177,-1.234035141665,49.636903651788
428454.526370299980,-7.095863674099,-1.210138463686,49.639718718738
428454.530343300023,-7.082441359081,-1.187213827634,49.642252278993
428454.534598600003,-7.070149731961,-1.163468567000,49.646850102547
428454.538006199989,-7.057211195136,-1.140738796016,49.650988143745
428454.543065199978,-7.042611107244,-1.118203751535,49.654712380823
428454.547055399977,-7.026996569435,-1.096231945268,49.658064194193
428454.551434100023,-7.386398656575,-1.074544915725,49.463226318359
428454.554891699983,-7.400872802396,-1.053448852886,49.463226318359
428454.558701800008,-7.418240127217,-1.032681790084,49.463226318359
428454.563752799993,-7.444793166145,-1.011562987291,49.463226318359
428454.567844300007,-7.342763319813,-1.004269313324,49.744384765625
428454.572071500006,-7.337177256351,-0.996479376064,49.744384765625
428454.576106399996,-7.331296465269,-0.988276286206,49.744384765625
428454.580275500019,-7.141385833987,-0.995761441200,49.678376922607
428454.583669400017,-7.122821647910,-1.002387408652,49.677376922607
428454.588075899985,-7.094798991400,-1.008221367008,49.676476922607
428454.591733500012,-7.071399771353,-1.013376764742,49.675666922607
428454.597046700015,-7.350116164505,-1.030688398574,49.565031051636
428454.600469300000,-7.368993448175,-1.046942450977,49.565031051636
428454.605499199999,-7.401641850220,-1.062614494396,49.565031051636
428454.609468300012,-7.427119275554,-1.077587617555,49.565031051636
428454.612797899987,-7.411096614813,-1.096175869224,49.568098297119
428454.617795299971,-7.396447850025,-1.114497002337,49.569098297119
428454.622156199999,-7.383029106725,-1.132440268948,49.569998297119
428454.625560100016,-7.370745884169,-1.149766592479,49.570808297119
428454.629209799983,-7.359447290553,-1.166663860132,49.571537297119
428454.634817200014,-7.348858901331,-1.183957235001,49.572193397119
428454.637416900019,-7.339116193835,-1.200522429110,49.572783887119
428454.642444400000,-7.329902114218,-1.217428545465,49.573315328119
428454.645798899990,-6.802885069334,-1.246890413003,49.567082809589
428454.650425700005,-6.743828630757,-1.276261228693,49.561473542913
428454.655215899984,-6.679627990608,-1.305753780250,49.556425202904
428454.659240100009,-6.624483248732,-1.334947633966,49.551881696896
428454.663464599987,-6.646142913401,-1.328550236286,49.728315353394
428454.667458000011,-6.663136009880,-1.323520138856,49.728315353394
428454.671435599972,-6.675867795185,-1.319734699234,49.728315353394
428454.675427299982,-6.684683787474,-1.317089103401,49.728315353394
428454.680649999995,-7.041767571187,-1.290341238561,49.510181427002
428454.684483900026,-7.056634807121,-1.265628555208,49.510181427002
428454.688485399995,-7.073334784877,-1.242695932619,49.510181427002
428454.692458299978,-7.059629287893,-1.223422079881,49.609321594238
428454.696082899987,-7.033337084363,-1.205437369331,49.609321594238
428454.701040000014,-6.993773528281,-1.188344651203,49.609321594238
428454.704860700003,-6.963428864897,-1.172236044396,49.609321594238
428454.708851800009,-6.965175488416,-1.152657164444,49.575212249756
428454.713365499978,-6.965892531789,-1.133830925593,49.574212249756
428454.716836499982,-6.965874892794,-1.115932143212,49.573312249756
428454.721713699983,-6.964919290785,-1.098439469316,49.572502249756
428454.725095800008,-6.996937806844,-1.091144482687,49.413553237915
428454.730194900010,-7.028170425858,-1.083907676630,49.413553237915
428454.733652000024,-7.057998923692,-1.076929084968,49.413553237915
428454.738594399998,-7.087416232776,-1.069968414722,49.413553237915
428454.742132299987,-6.939053613868,-1.068027587405,49.511013031006
428454.746777900029,-6.895141935362,-1.065842576203,49.511013031006
428454.750864700007,-6.855663527128,-1.063481850465,49.511013031006
428454.754880999972,-6.815611098893,-1.060961879065,49.511013031006
428454.759226099995,-6.795724832021,-1.072648047648,49.462013015747
428454.762657899992,-6.775811843614,-1.083561095982,49.461013015747
428454.767656799988,-6.754888420794,-1.093981427478,49.460113015747
428454.771629699972,-6.733615797671,-1.103854479018,49.459303015747
428454.775065800000,-6.699934787280,-1.127577890998,49.460365779053
428454.779420199979,-6.666005840007,-1.150539557737,49.461322266028
428454.784535499988,-6.631112555962,-1.173167360655,49.462183104305
428454.788496099995,-6.596253825982,-1.195103869299,49.462957858755
428454.792827399971,-6.553537347433,-1.197023382820,49.642511367798
428454.796911899990,-6.510583278668,-1.199258632576,49.642511367798
428454.800892499974,-6.467429176259,-1.201778146528,49.642511367798
428454.804882499971,-6.487443679985,-1.201402147350,49.575649032593
428454.808871200017,-6.505352025077,-1.201346711573,49.574649032593
428454.813680700026,-6.521418283082,-1.201642903619,49.573749032593
428454.817703699984,-6.535898026110,-1.202203073464,49.572939032593
428454.822022299981,-6.185652480218,-1.212491646171,49.574091822754
428454.826002800022,-6.153849810005,-1.222632675848,49.575129333899
428454.830092100019,-6.120631514768,-1.232686614449,49.576063093929
428454.833567099995,-6.091968117621,-1.242540126322,49.576903477957
428454.838761200022,-5.936292809422,-1.246502318130,49.574550463840
428454.842159599997,-5.899704444433,-1.250607797434,49.572432751136
428454.846602400008,-5.850919594572,-1.255021232133,49.570526809701
428454.850584400003,-5.806277760142,-1.259650011200,49.568811462410
428454.854975300026,-5.836238765607,-1.254651602857,49.715393066406
428454.858644700027,-5.798281187177,-1.250214019090,49.715393066406
428454.863925400015,-5.742681816995,-1.246299794467,49.715393066406
428454.867879399972,-6.384119303025,-1.224306008328,49.468162536621
428454.871910099988,-6.385938996018,-1.203347229316,49.468162536621
428454.875284200010,-6.388348048409,-1.183475680671,49.468162536621
428454.879884900001,-6.391692990576,-1.164166103587,49.468162536621
428454.883893900027,-6.395846538793,-1.145498690252,49.468162536621
428454.888206599979,-6.401422327644,-1.126434897355,49.663206100464
428454.891614999971,-6.407687511421,-1.108028868849,49.663206100464
428454.896655499993,-6.415330993053,-1.089554982833,49.663206100464
428454.900810300023,-5.514199270496,-1.082878030058,49.692945709229
428454.905415999994,-5.449478471961,-1.075847849473,49.693945709229
428454.909020100022,-5.397483376275,-1.068699042810,49.694845709229
428454.912846199994,-5.340989360063,-1.061371013160,49.695655709229
428454.917012299993,-5.770316380276,-1.072648082907,49.694543736328
428454.921780599980,-5.739547387160,-1.083062254622,49.693542960718
428454.925147000002,-5.717656620385,-1.092631961624,49.692642262668
428454.930044699984,-5.685559948594,-1.101546017551,49.691831634424
428454.933957899979,-5.902213849119,-1.125261732444,49.684865038975
428454.938266100013,-5.894310024265,-1.148029723031,49.678595103071
428454.942380700028,-5.887310197822,-1.169929415952,49.672952160757
428454.946361300012,-5.881048629991,-1.191046994632,49.667873512674
428454.950674300024,-5.710336515081,-1.212835919040,49.527029037476
428454.954673199973,-5.693517337753,-1.234081071251,49.527029037476
428454.958742299990,-5.676494110283,-1.254916630569,49.527029037476
428454.962722000026,-5.659933882627,-1.275395734892,49.527029037476
428454.967074399989,-5.384248630499,-1.273268874210,49.589451065063
428454.971760199987,-5.342196706882,-1.271820237516,49.590451065063
428454.975583699998,-5.307290918699,-1.270902879352,49.591351065063
428454.979580799991,-5.270231084586,-1.270487506860,49.592161065063
428454.984801599989,-5.046440431624,-1.260075641168,49.605182020725
428454.988406200020,-4.999483560066,-1.250421926668,49.610083015735
428454.992049099994,-4.951139205686,-1.241433109125,49.614493911244
428454.997423399996,-5.407045084049,-1.222849368656,49.771697998047
428455.000368100009,-5.406875134413,-1.205348656355,49.771697998047
428455.004827100027,-5.404986892597,-1.188383583165,49.771697998047
428455.008212400018,-5.401999237121,-1.172160541715,49.771697998047
428455.013617900026,-5.397305600987,-1.155977634354,49.771697998047
428455.017345500004,-5.391736306265,-1.140280333864,49.771697998047
428455.020925400022,-5.385460981232,-1.125032972193,49.771697998047
428455.025652099983,-5.378188824274,-1.109783827123,49.771697998047
428455.029763499973,-5.624167975736,-1.087331072739,49.710185775757
428455.033219099976,-5.632557241396,-1.065570937140,49.709185775757
428455.038075899996,-5.645730540855,-1.043740075371,49.708285775757
428455.042038100015,-5.657673791520,-1.022203571585,49.707475775757
428455.047043300001,-5.261307008806,-1.010194790881,49.712184626709
428455.051029799972,-5.257485926816,-0.997926585439,49.716422592566
428455.055019400024,-5.253756751736,-0.985388012356,49.720236761837
428455.059014900005,-5.250111660797,-0.972568051265,49.723669514181
428455.063328500022,-4.900007885613,-0.962991651137,49.844701766968
428455.066636200005,-4.872434196028,-0.953187014932,49.844701766968
428455.071085100004,-4.834862810994,-0.942733538582,49.844701766968
428455.076086100016,-4.791872021484,-0.949089252733,49.908022155762
428455.080127299996,-4.755972288829,-0.954360757210,49.909022155762
428455.083490199992,-4.725727022837,-0.958732231835,49.909922155762
428455.088611399988,-4.679020270786,-0.962099515563,49.910732155762
428455.092899599986,-5.444080914629,-0.975775683346,49.753961563110
428455.096900200006,-5.453128842264,-0.988325736569,49.753961563110
428455.100950199994,-5.463890336561,-0.999885489371,49.753961563110
428455.104891300027,-5.475530481535,-1.010566385618,49.753961563110
428455.108918400016,-4.598065841098,-1.038913799683,50.007291793823
428455.112237899972,-4.564907072693,-1.065577766899,50.007291793823
428455.116778500029,-4.518776691751,-1.091206230327,50.007291793823
428455.121415200003,-4.470747218740,-1.116004129633,50.007291793823
428455.125789800019,-4.483487226448,-1.145683305098,49.915903091431
428455.129475899972,-4.475810799775,-1.174250999286,49.915903091431
428455.134520600026,-4.433186319707,-1.202590303427,49.915903091431
428455.138548600022,-4.400200367030,-1.230267112466,49.915903091431
428455.141928799974,-5.545529110698,-1.239707440128,49.819780349731
428455.147198099992,-5.598152048990,-1.249869324793,49.819780349731
428455.150871200021,-5.634438487350,-1.260212155485,49.819780349731
428455.154814600013,-5.676367579655,-1.270838936960,49.819780349731
428455.158172400028,-4.789926243392,-1.257117441194,49.862909545898
428455.163367100002,-4.773401205717,-1.244614845957,49.863909545898
428455.167461099976,-4.762010855315,-1.233230693031,49.864809545898
428455.171449200017,-4.750879731008,-1.222847190519,49.865619545898
428455.174833700003,-4.691508947513,-1.204371903828,49.858252198635
428455.179339999973,-4.671903211993,-1.186891900864,49.853351203625
428455.184385799977,-4.648233623908,-1.170163110453,49.848940308116
428455.188474699971,-4.653202780862,-1.151690076145,50.001434326172
428455.191942200006,-4.656710716933,-1.134178389107,50.001434326172
428455.196962799993,-4.658495865193,-1.117091240361,50.001434326172
428455.200634200010,-4.659117344883,-1.100709846771,50.001434326172
428455.204561999999,-4.658639690048,-1.084862874171,50.001434326172
428455.209909599973,-4.646396766121,-1.065295891192,50.001804580688
428455.212304799992,-4.640381519542,-1.046838501585,50.002804580688
428455.216963200015,-4.620658638879,-1.028539154816,50.003704580688
428455.221554399992,-4.884896966572,-1.022878812983,49.881254196167
428455.225222799985,-4.902002423234,-1.017078419971,49.881254196167
428455.229850800009,-4.927486444329,-1.010946321730,49.881254196167
428455.233795000007,-4.949692493201,-1.004631946860,49.881254196167
428455.237215799978,-4.595983145766,-1.007000023640,50.026920318604
428455.241678300023,-4.571702435347,-1.008794161335,50.026920318604
428455.246861700027,-4.541292957917,-1.010015248755,50.026920318604
428455.250851600023,-4.518863737488,-1.010809732021,50.026920318604
428455.254408099980,-4.493570774653,-1.024534504947,50.150173187256
428455.258832000021,-4.467310741434,-1.037501407178,50.150173187256
428455.262928200013,-4.440363960080,-1.049768576080,50.150173187256
428455.267998300027,-4.768590097630,-1.071019445382,50.004785537720
428455.271620900021,-4.794052671672,-1.091280756524,50.004785537720
428455.275191899971,-4.820586312334,-1.110670501506,50.004785537720
428455.279830200016,-4.859370874148,-1.129673104954,50.004785537720
428455.283798200020,-4.893568814227,-1.148149827721,50.004785537720
428455.287792599993,-4.782587694827,-1.164301654577,50.098930358887
428455.292635900027,-4.772974356539,-1.180474618308,50.098930358887
428455.296269099985,-4.767206258299,-1.196296568937,50.098930358887
428455.300276299997,-4.589079786722,-1.209704993017,50.084119567871
428455.304803000006,-4.564253758514,-1.223326931649,50.083119567871
428455.308923600009,-4.541405430674,-1.237044335053,50.082219567871
428455.312830200011,-4.519338244245,-1.250809574674,50.081409567871
428455.317153599986,-4.648024728684,-1.255157919073,50.078383166443
428455.320586299989,-4.673531436594,-1.259827381982,50.075659405157
428455.324949699978,-4.709519114399,-1.265009598138,50.073208020001
428455.329689899983,-4.751508521514,-1.270761725869,50.071001773359
428455.333960600023,-4.754186272270,-1.261094909518,50.066404037430
428455.337494199979,-4.757948904845,-1.252330688182,50.062266075093
428455.342537400022,-4.763365418404,-1.244332495661,50.058541908990
428455.346521599975,-4.769926955009,-1.237031171053,50.055190159497
428455.351024099975,-4.764627630410,-1.229107082075,50.132228851318
428455.354852900025,-4.749779232743,-1.221752465721,50.132228851318
428455.358874699974,-4.733116283996,-1.214882148211,50.132228851318
428455.362914900004,-4.715552831885,-1.208429024401,50.132228851318
428455.367641100020,-4.697598484509,-1.189833750108,50.163290252686
428455.371345099993,-4.681183544035,-1.172059339950,50.164290252686
428455.375388699991,-4.666136458731,-1.154886968054,50.165190252686
428455.380341699987,-4.647245384351,-1.137385204430,50.188407823354
428455.383751999994,-4.629653849987,-1.120505819621,50.192348222354
428455.387377500010,-4.613186525460,-1.104079352369,50.195894581454
428455.392360500002,-4.597479503439,-1.087537446878,50.199086304644
428455.396333899989,-4.611170181519,-1.083968475151,49.955940246582
428455.400541600015,-4.625218402876,-1.080108658878,49.955940246582
428455.404096600018,-4.639386038929,-1.076072635811,49.955940246582
428455.408485700027,-4.654101480914,-1.071727264919,49.955940246582
428455.413171200023,-4.669543472064,-1.067032339717,49.955940246582
428455.417150299996,-4.685389746065,-1.062122381635,49.955940246582
428455.420594000025,-4.701398332985,-1.057097174578,49.955940246582
428455.425429600000,-4.718354056115,-1.051701555098,49.955940246582
428455.429609599989,-4.706421540516,-1.049595793966,50.112556457520
428455.435130700003,-4.696109373420,-1.046918416360,50.112556457520
428455.438194099988,-4.687078652168,-1.044065215441,50.112556457520
428455.442150700022,-4.679288189526,-1.040914347680,50.112556457520
428455.445620100014,-4.425838320408,-1.065066323150,50.241416931152
428455.450271699985,-4.376008974385,-1.087983230317,50.241416931152
428455.455515899986,-4.316812269236,-1.109994595692,50.241416931152
428455.458446900011,-4.284571396155,-1.130605254008,50.241416931152
428455.463700300024,-4.749048125578,-1.149307882403,49.964181900024
428455.467338800023,-4.795626386092,-1.167178493159,49.964181900024
428455.471413300023,-4.850271189832,-1.184458180522,49.964181900024
428455.475373200024,-4.905239669426,-1.201206288260,49.964181900024
428455.479726499994,-4.910541557717,-1.218638554951,49.957154998779
428455.483719100012,-4.918144392652,-1.235675382041,49.956154998779
428455.488379199989,-4.928407755482,-1.252627406044,49.955254998779
428455.492365600017,-4.265212397242,-1.256528227897,50.204216003418
428455.496802199981,-4.193828506964,-1.260805310427,50.204216003418
428455.500408000022,-4.134336190667,-1.265291112654,50.204216003418
428455.504420500016,-4.065317181261,-1.270050871862,50.204216003418
428455.509355299990,-4.426791173791,-1.253168473659,49.955963134766
428455.513502300018,-4.461529441472,-1.237354356264,49.955963134766
428455.517572199984,-4.496999953611,-1.222486941317,49.955963134766
428455.521606500028,-4.533545358603,-1.208451421131,49.955963134766
428455.525934199977,-4.536830870087,-1.200144042783,50.051826477051
428455.529412899981,-4.539929271839,-1.192306809320,50.051826477051
428455.535092999984,-4.542961942694,-1.184636698468,50.051826477051
428455.538034300029,-4.545824167438,-1.177400748299,50.051826477051
428455.541382500029,-4.535019091782,-1.171596352847,50.098955383301
428455.546065000002,-4.524006333574,-1.165847751886,50.099955383301
428455.550912200008,-4.512696898180,-1.160106740618,50.100855383301
428455.554859899974,-4.501331428267,-1.154459660810,50.101665383301
428455.558455799997,-4.643302178088,-1.150063993541,49.939535140991
428455.563669099996,-4.709252837437,-1.145611539877,49.939535140991
428455.567314799991,-4.756172600830,-1.141245634019,49.939535140991
428455.571300200012,-4.809525976044,-1.136913280702,49.939535140991
428455.574725200015,-4.762580766348,-1.131012045985,50.128324508667
428455.579626300023,-4.717518370815,-1.125000962401,50.128324508667
428455.583283499989,-4.674770278907,-1.119052935841,50.128324508667
428455.588227699976,-4.672888811902,-1.121940768196,49.994211196899
428455.592422000016,-4.671331548751,-1.124458739198,49.994211196899
428455.595833199972,-4.670033695990,-1.126658242141,49.994211196899
428455.600848899980,-4.669006725718,-1.128538574065,49.994211196899
428455.605009799998,-4.694380773345,-1.136755779422,49.955190429687
428455.609246400010,-4.719542053526,-1.144545412618,49.954190429688
428455.612607299990,-4.744086581615,-1.151879452153,49.953290429687
428455.617592099996,-4.769083758450,-1.158977119870,49.952480429687
428455.621581899992,-4.700099271484,-1.171346837706,50.070869445801
428455.625257599982,-4.633997140263,-1.183194385146,50.070869445801
428455.629822899995,-4.569321263688,-1.194773669166,50.070869445801
428455.633803099976,-4.506416316855,-1.206019995671,50.070869445801
428455.637328599987,-4.519179829897,-1.203412882009,50.016113052368
428455.642563199974,-4.530929122036,-1.201119721274,50.015113052368
428455.646635600016,-4.541718381392,-1.199096952648,50.014213052368
428455.650574000028,-4.551645667475,-1.197315898415,50.013403052368
428455.654184599989,-4.619830182951,-1.191018233153,50.017570597778
428455.658570799977,-4.686241814541,-1.185028869372,50.021321388647
428455.663023100002,-4.751334615624,-1.179298682145,50.024697100430
428455.667031200021,-4.814882438947,-1.173824060800,50.027735241034
428455.671720899991,-4.808042255564,-1.178051458149,49.965820312500
428455.675157000020,-4.802204465948,-1.182074242632,49.965820312500
428455.679850100016,-4.797379487970,-1.186000130434,49.965820312500
428455.683805599983,-4.793393399736,-1.189797504004,49.965820312500
428455.687294000003,-4.745391592041,-1.188287120937,49.987932434082
428455.692433700024,-4.698405247316,-1.186884393233,49.988932434082
428455.696037499991,-4.653346905373,-1.185589023979,49.989832434082
428455.701028099982,-4.636811836914,-1.186301761541,49.992742463857
428455.705401299987,-4.620470155029,-1.187053024957,49.996682862857
428455.708826799993,-4.604577446524,-1.187817226875,50.000229221957
428455.712469500024,-4.588973674921,-1.188600642301,50.003420945147
428455.717553899973,-4.663459299143,-1.171025972335,49.861843109131
428455.721228400012,-4.735327251654,-1.154233357839,49.861843109131
428455.724872399995,-4.804957500974,-1.138124692163,49.861843109131
428455.729664599989,-4.874373216135,-1.122275521649,49.861843109131
428455.733148999978,-4.833289857554,-1.111625948776,49.975742340088
428455.737988399982,-4.793922896720,-1.100876562661,49.975742340088
428455.742135800014,-4.756342406424,-1.090171483993,49.975742340088
428455.746102600009,-4.720376739148,-1.079523168491,49.975742340088
428455.751438700012,-4.670640149008,-1.092683159613,50.008112182617
428455.753829099995,-4.623623780320,-1.104796513951,50.009112182617
428455.758917599975,-4.576335746675,-1.116294319229,50.010012182617
428455.762864399992,-4.529753813387,-1.127125433607,50.010822182617
428455.767303999979,-4.592761493897,-1.144296185822,49.889205932617
428455.770714699989,-4.652908272554,-1.160622838767,49.889205932617
428455.775783399993,-4.712362800600,-1.176661157334,49.889205932617
428455.779782900005,-4.770249112979,-1.192196048961,49.889205932617
428455.783430400013,-4.766587488032,-1.206678547838,49.929050674438
428455.787987100019,-4.763498667608,-1.221077748185,49.930050674438
428455.791716600012,-4.760885230748,-1.235190765849,49.930950674438
428455.796548000013,-4.758745315814,-1.249436045151,49.931760674438
428455.800160099985,-4.756975429845,-1.263446904399,49.932489674438
428455.804995700018,-4.755587949843,-1.277698245235,49.933145774438
428455.808807099995,-4.754498324556,-1.291857331548,49.933736264438
428455.812647300016,-4.753675472221,-1.305978234214,49.934267705438
428455.816661000019,-4.704068832429,-1.320177948522,49.935644363545
428455.821744900022,-4.655512930747,-1.334785836732,49.936883355840
428455.825779300008,-4.608590332790,-1.349422573648,49.937998448906
428455.830118099984,-4.638349767280,-1.397555432018,49.938051982311
428455.834317400004,-4.666759088743,-1.444509985084,49.938100162376
428455.838212499977,-4.693886573064,-1.490225491013,49.938143524434
428455.842142499983,-4.719924158213,-1.534939486408,49.938182550287
428455.846512000018,-4.737453900557,-1.574436586800,49.932612166657
428455.849931699981,-4.754436742050,-1.613116386279,49.927598821390
428455.855028700025,-4.771579865816,-1.652713022202,49.923086810650
428455.858980100020,-4.788499702251,-1.692154934155,49.919026000984
428455.862336200022,-4.768675830093,-1.715645688232,49.921614787299
428455.867371500004,-4.702925893302,-1.740695439107,49.923944694983
428455.870981600019,-4.654495808846,-1.766100650546,49.926041611898
428455.875999099982,-4.584101287258,-1.793022073292,49.927928837122
428455.879666000023,-4.551950200689,-1.772161473832,50.073541641235
428455.883872799983,-4.520411014997,-1.753875990068,50.073541641235
428455.887529900006,-4.489703597579,-1.737824540344,50.073541641235
428455.892553000012,-4.566854082898,-1.703560154023,49.895021438599
428455.896215400018,-4.640830778069,-1.671927073541,49.895021438599
428455.900343100016,-4.712718145298,-1.642500918898,49.895021438599
428455.904983900022,-4.783625586148,-1.614865891666,49.895021438599
428455.908957600011,-4.778485091417,-1.583629933141,49.936317672729
428455.912572300003,-4.774463573051,-1.554232423087,49.937317672729
428455.917291300022,-4.771664676881,-1.526013077392,49.938217672729
428455.921234500012,-4.769857952049,-1.499070879204,49.939027672729
428455.925260199991,-4.768984157063,-1.473177415406,49.939756672729
428455.930252299993,-4.692450144117,-1.434977522972,49.944624007776
428455.934316599974,-4.619023895845,-1.397945166034,49.949004609318
428455.937835499994,-4.548881589881,-1.362242105540,49.952947150705
428455.942172300012,-4.537956927969,-1.364103201624,50.184085845947
428455.945532399986,-4.527243294165,-1.365221570246,50.184085845947
428455.950594199996,-4.516247485537,-1.365351372679,50.184085845947
428455.954590499983,-4.505260812574,-1.364743564641,50.184085845947
428455.957989300019,-4.531010780112,-1.385119013822,49.968412399292
428455.962386499974,-4.555940468041,-1.404092033704,49.968412399292
428455.967441399989,-4.580502239296,-1.421913644407,49.968412399292
428455.971423299983,-4.604363047017,-1.438552541985,49.968412399292
428455.974797400006,-4.580521606450,-1.465986147555,50.120538711548
428455.979475400003,-4.557409999768,-1.492343580922,50.120538711548
428455.984293600020,-4.534854039529,-1.517834551463,50.120538711548
428455.988258099998,-4.549667976524,-1.519663694589,50.034261703491
428455.992007899971,-4.563942387294,-1.521476370604,50.034261703491
428455.996418400027,-4.577949046273,-1.523300014691,50.034261703491
428456.000073899981,-4.591558702913,-1.525097723491,50.034261703491
428456.005439699977,-4.636541769905,-1.516867909610,49.930904388428
428456.008832800027,-4.680120950925,-1.508996547648,49.930904388428
428456.012479999976,-4.722776577787,-1.501391234814,49.930904388428
428456.017260399996,-4.765837857206,-1.493829305176,49.930904388428
428456.021217599977,-4.697030990420,-1.488546822509,50.060213088989
428456.025589499972,-4.630781618665,-1.483201427493,50.060213088989
428456.028923199978,-4.567744051555,-1.477920943445,50.060213088989
428456.033677799976,-4.505967834696,-1.472470490978,50.060213088989
428456.038606600021,-4.515831867551,-1.467944600766,50.080135574341
428456.042594200000,-4.524993538449,-1.463326611985,50.081135574341
428456.046072800003,-4.533498759218,-1.458679173318,50.082035574341
428456.051057600009,-4.541545012398,-1.453766390410,50.082845574341
428456.055385100015,-4.542996592549,-1.448925781779,50.085826199402
428456.058842499973,-4.544447460797,-1.444036748821,50.088508761957
428456.063002699986,-4.545944435955,-1.438976658952,50.090923068256
428456.066978699993,-4.547492188772,-1.433772204342,50.093095943926
428456.072354200005,-4.527880030107,-1.438676295343,50.094222598312
428456.074752899993,-4.509322226034,-1.443025712926,50.095236587260
428456.079371400003,-4.490822851517,-1.446812648042,50.096149177314
428456.084552699991,-4.466149581699,-1.462170944284,50.099711559082
428456.088183399988,-4.442203185700,-1.476650172418,50.102917702673
428456.092019399977,-4.418766025114,-1.490396789988,50.105803231905
428456.096027499996,-4.395651507179,-1.503539655547,50.108400208214
428456.101019700000,-4.387858788653,-1.525770953819,50.110336562210
428456.105362800008,-4.379546721372,-1.547342197613,50.112079280806
428456.108881999971,-4.370990877548,-1.568059906322,50.113647727542
428456.112783199991,-4.362075182622,-1.588189681599,50.115059329605
428456.117271700001,-4.400404300824,-1.597510923481,50.027612686157
428456.121814100014,-4.437779119409,-1.607004839965,50.027612686157
428456.125753599976,-4.474034400046,-1.616532529218,50.027612686157
428456.129750300024,-4.509435348636,-1.626128622717,50.027612686157
428456.133703799977,-4.544151640681,-1.635798760684,50.027612686157
428456.137310100021,-4.542607526394,-1.626986910287,50.030330886841
428456.142302999971,-4.541781636870,-1.618942088827,50.031330886841
428456.146287399984,-4.541512572177,-1.611597626063,50.032230886841
428456.150285399985,-4.514335957658,-1.599588503795,50.215606689453
428456.154636799998,-4.488133807967,-1.588206887918,50.215606689453
428456.158834000002,-4.462812143249,-1.577382937722,50.215606689453
428456.162866699975,-4.438297166839,-1.567058284202,50.215606689453
428456.166507199989,-4.403391663070,-1.549944435753,50.246330490112
428456.171734699979,-4.368342486050,-1.533017970657,50.247330490112
428456.175766900007,-4.333891109000,-1.516559156728,50.248230490112
428456.179767700029,-4.299910972667,-1.500488189444,50.249040490112
428456.184128499997,-4.337893321611,-1.487124293284,50.163858413696
428456.187806800008,-4.374156439957,-1.474065720566,50.163858413696
428456.192339200003,-4.409475328067,-1.461002595245,50.163858413696
428456.195918300014,-4.443474162047,-1.448179840227,50.163858413696
428456.200282900012,-4.476882485540,-1.435302275894,50.163858413696
428456.204966699996,-4.510101849820,-1.422232122684,50.163858413696
428456.208781299996,-4.542671064021,-1.409228571536,50.163858413696
428456.212957900017,-4.512362546256,-1.382732179360,50.169939270020
428456.216369099973,-4.484194870029,-1.357045309950,50.170939270020
428456.221612100024,-4.457444826200,-1.331018782480,50.171839270020
428456.225592600007,-4.432282319614,-1.305322076808,50.172649270020
428456.229574300000,-4.395060419527,-1.299994251377,50.163372666775
428456.233661699982,-4.359309156792,-1.293901663093,50.158471671765
428456.238379499991,-4.324453219025,-1.286885845224,50.154060776256
428456.242361899989,-4.290753243633,-1.279248957647,50.150090970298
428456.246720099996,-4.334540387003,-1.318489776659,50.151422891945
428456.251117700012,-4.376972570699,-1.355351112750,50.152621621427
428456.254509999999,-4.417583241725,-1.389759908749,50.153700477961
428456.258540700015,-4.457111274705,-1.422241228514,50.154671448842
428456.263141600008,-4.442564186228,-1.468734518823,50.052421569824
428456.266566200007,-4.429190887234,-1.512846666198,50.052421569824
428456.271660999977,-4.416731014870,-1.556034830202,50.052421569824
428456.275634900026,-4.405181525682,-1.597717873927,50.052421569824
428456.278985299985,-4.352585359037,-1.624658538019,50.114050140381
428456.283448699978,-4.301621250101,-1.651436910840,50.115050140381
428456.288470699976,-4.251524763684,-1.678482315163,50.115950140381
428456.292652099975,-4.225642038750,-1.673942120117,50.114468460999
428456.296319800022,-4.200493647774,-1.670320610204,50.113134949554
428456.299841500004,-4.176041618963,-1.667511852842,50.111934789255
428456.304495699995,-4.151573915511,-1.665586138412,50.110854644985
428456.308473900019,-4.127440249501,-1.634457454509,50.110780685613
428456.312906200008,-4.103324971557,-1.604982363850,50.110714122179
428456.316569300019,-4.079600450570,-1.577204125806,50.110654215088
428456.321222300001,-4.055627470074,-1.550556847037,50.110600298706
428456.324667199980,-4.045403635530,-1.532359861243,50.265899658203
428456.329660099989,-4.034247548529,-1.514554718355,50.265899658203
428456.333642899990,-4.022624706610,-1.497348296474,50.265899658203
428456.338094800012,-4.010371079677,-1.480496569311,50.265899658203
428456.341483400029,-4.054704614570,-1.454744439094,50.115135192871
428456.345884700015,-4.097285104489,-1.429511467750,50.115135192871
428456.350613499992,-4.138644180068,-1.404518502889,50.115135192871
428456.354788500001,-4.178683434444,-1.379945018937,50.115135192871
428456.358866899973,-4.162146748989,-1.367716275393,50.306581497192
428456.362505000026,-4.146411562489,-1.355426245891,50.306581497192
428456.367694800021,-4.131020815975,-1.342483037633,50.306581497192
428456.371756399982,-4.116196223738,-1.329319870671,50.306581497192
428456.375084400002,-4.065489970768,-1.327584951905,50.150644302368
428456.379765500023,-4.015683005463,-1.325081792304,50.150644302368
428456.383622399997,-3.967317741599,-1.322040085338,50.150644302368
428456.387592700019,-3.920049600359,-1.318478279005,50.150644302368
428456.391958500026,-3.971898820552,-1.328823821465,50.151375961304
428456.395587300009,-4.021167885122,-1.338108461925,50.152034454346
428456.400389900024,-4.069119798867,-1.346442297960,50.152627098083
428456.404527999985,-4.096027245219,-1.371910804770,50.287614822388
428456.408680699999,-4.122257230154,-1.396076171585,50.287614822388
428456.412112099992,-4.147598391505,-1.418891650510,50.287614822388
428456.416795200028,-4.172875274341,-1.440938216038,50.287614822388
428456.422496900021,-4.159223643468,-1.466679630865,50.123479843140
428456.424890699971,-4.146623331100,-1.490841510751,50.123479843140
428456.429362699972,-4.134682811902,-1.514498192286,50.123479843140
428456.434315500024,-4.123250400652,-1.537986085520,50.123479843140
428456.437894399976,-4.102317883429,-1.557697629196,50.311779022217
428456.441305499990,-4.082335676945,-1.576877823314,50.311779022217
428456.445945199986,-4.062752795553,-1.596157172693,50.311779022217
428456.450952099985,-4.043345491779,-1.615761419172,50.311779022217
428456.455256699992,-4.052184847740,-1.612241415051,50.226518630981
428456.458735699998,-4.060508631855,-1.609484241194,50.226518630981
428456.462876599981,-4.068462513513,-1.607499359492,50.226518630981
428456.466881999979,-4.076093197893,-1.606201132334,50.226518630981
428456.471176700026,-4.077859021771,-1.593304755494,50.266470184326
428456.475170599995,-4.079685208136,-1.581403114374,50.267470184326
428456.480281400029,-4.081660355921,-1.570290142617,50.268370184326
428456.484187300026,-4.083712871580,-1.559963370262,50.269180184326
428456.487837399996,-4.047833728325,-1.531913245195,50.370452880859
428456.492001699982,-4.012835354005,-1.505011517740,50.370452880859
428456.495607000019,-3.978918869560,-1.479318096276,50.370452880859
428456.500631999981,-3.985057093442,-1.462835343887,50.327794799805
428456.504979300022,-3.990791532910,-1.446696340264,50.326794799805
428456.508353999991,-3.996136018161,-1.431128009736,50.325894799805
428456.513006300025,-4.001228305286,-1.415634550241,50.325084799805
428456.517330600007,-4.043834802605,-1.420637630139,50.224756240845
428456.520752799988,-4.084889320401,-1.425119899646,50.224756240845
428456.525218800001,-4.125513610947,-1.429130485565,50.224756240845
428456.530242400011,-4.166399538605,-1.432718092068,50.224756240845
428456.533841500001,-4.150616650868,-1.436371796242,50.234033813477
428456.537366100005,-4.136071154407,-1.439717989699,50.235033813477
428456.542395400000,-4.122473946133,-1.442821403516,50.235933813477
428456.546370099997,-4.109819859213,-1.445694776748,50.236743813477
428456.550485700020,-4.052478263326,-1.450776932032,50.243245451511
428456.553856900020,-3.997486739647,-1.455581092034,50.248146446521
428456.558517099998,-3.943144467657,-1.460238684704,50.252557342030
428456.562470800010,-3.889965377428,-1.464727951274,50.256527147988
428456.567597299989,-3.915949601752,-1.470391704697,50.261503019005
428456.571585999976,-3.940604427351,-1.475835040039,50.265981302920
428456.575041999982,-3.963944314837,-1.481043495521,50.270011758443
428456.579547600006,-3.986521290416,-1.486148065030,50.273639168414
428456.583164100011,-4.008159847746,-1.491087931455,50.276903837388
428456.587586199981,-4.029318172030,-1.495969985543,50.279842039465
428456.592657300003,-4.050386808543,-1.500882171874,50.282486421334
428456.597043199989,-4.098093766603,-1.503773827825,50.288173707545
428456.600447300007,-4.144096920353,-1.506658160778,50.293292265135
428456.603907999990,-4.188711331439,-1.509547766099,50.297898966967
428456.608941000013,-4.233703572039,-1.512588470054,50.302044998615
428456.613308099972,-4.229574846209,-1.519857135530,50.204502105713
428456.616936400009,-4.226669973388,-1.527016547119,50.204502105713
428456.620556799986,-4.224882754385,-1.534092293974,50.204502105713
428456.625408900029,-4.224410956282,-1.541332927008,50.204502105713
428456.629736799980,-4.156344453278,-1.543473445586,50.205124855042
428456.633725900028,-4.091494471269,-1.545805667170,50.205685329437
428456.637319599977,-4.029789149448,-1.548277248383,50.206189756393
428456.642346000008,-3.969413689363,-1.551033992621,50.206643740654
428456.646346400026,-3.983478268678,-1.542922460771,50.211361408520
428456.650537599984,-3.996727470065,-1.535411031817,50.215607309599
428456.654376899998,-4.009213519450,-1.528448440293,50.219428620570
428456.658348899975,-4.021052593404,-1.521963777992,50.222867800444
428456.663666500011,-3.990053711045,-1.512860493729,50.462184906006
428456.667449700006,-3.960231455922,-1.504256666627,50.462184906006
428456.671509200009,-3.931270971515,-1.496058153424,50.462184906006
428456.675506600004,-3.903061128929,-1.488217029345,50.462184906006
428456.679769599985,-3.949871605777,-1.463582310696,50.232612609863
428456.684092500014,-3.994716799314,-1.439793912203,50.232612609863
428456.688242100005,-4.037778370082,-1.416784455092,50.232612609863
428456.692212300026,-4.079204108163,-1.394501589070,50.232612609863
428456.696558900003,-4.106715055766,-1.387055121378,50.249691238403
428456.699983600003,-4.133542828902,-1.379605595422,50.250691238403
428456.704649700026,-4.160604668163,-1.371856370888,50.251591238403
428456.708699800016,-4.154792744907,-1.370935343098,50.402357101440
428456.712338400015,-4.096310379697,-1.369665450649,50.402357101440
428456.716985500010,-4.018785132805,-1.367950661696,50.402357101440
428456.720871300029,-3.951607095812,-1.365921664781,50.402357101440
428456.725897900003,-3.975308739748,-1.375871233870,50.405077209473
428456.730230399990,-3.998432503895,-1.385059778590,50.406077209473
428456.734286500025,-4.020999557423,-1.393562603010,50.406977209473
428456.737844599993,-4.042911900641,-1.401430902932,50.407787209473
428456.741832899977,-4.114154232470,-1.410116871800,50.192258834839
428456.746583100001,-4.184950918390,-1.418446306639,50.192258834839
428456.750678199984,-4.254649042698,-1.426405777119,50.192258834839
428456.754638999992,-4.323359243588,-1.434036065901,50.192258834839
428456.757974900014,-4.292873211224,-1.414580484319,50.414072036743
428456.763251100027,-4.264778331544,-1.395531364082,50.414072036743
428456.767308200011,-4.238950359174,-1.377169169537,50.414072036743
428456.771294699982,-4.215140680375,-1.359417181145,50.414072036743
428456.775044400012,-4.209008730226,-1.299749520055,50.484382858276
428456.779729700007,-4.203760180068,-1.241504516248,50.485382858276
428456.783497299999,-4.199244662500,-1.185327227412,50.486282858276
428456.788458900002,-4.244423254902,-1.111512207580,50.530330583364
428456.792080899992,-4.288570760633,-1.040077856402,50.534270982364
428456.795705800003,-4.331893216214,-0.970661695471,50.537817341464
428456.800325500022,-4.375603453003,-0.901480780690,50.541009064654
428456.804489600006,-4.348841760130,-0.860658847762,50.324037551880
428456.808166400006,-4.324155377853,-0.819902398603,50.324037551880
428456.812744199997,-4.301128173562,-0.778107350136,50.324037551880
428456.816713600012,-4.279646716493,-0.735955586359,50.324037551880
428456.822461200005,-4.220585570334,-0.745820732965,50.563402175903
428456.824865599978,-4.165159620216,-0.753863346447,50.563402175903
428456.829482099973,-4.110761798727,-0.759502962534,50.563402175903
428456.833471200021,-4.057739451169,-0.763203973455,50.563402175903
428456.836973000027,-4.053388592557,-0.810225498085,50.473577499390
428456.841330999974,-4.048439409312,-0.854292210555,50.473577499390
428456.846377899987,-4.042734921066,-0.896121493943,50.473577499390
428456.850368799991,-4.036571631998,-0.935593912032,50.473577499390
428456.854729300016,-4.063984622102,-0.971892147184,50.521444549561
428456.858132500027,-4.089873415675,-1.006260557540,50.522444549561
428456.862811100029,-4.114911673267,-1.039646328525,50.523344549561
428456.866793200024,-4.138985052394,-1.071889178115,50.524154549561
428456.872103000002,-4.174630839644,-1.087131834485,50.334310531616
428456.874512100010,-4.208251410195,-1.101708429469,50.334310531616
428456.879579000000,-4.241846613717,-1.116715737520,50.334310531616
428456.883570500009,-4.274805352373,-1.131789474043,50.334310531616
428456.888037300028,-4.232993350592,-1.146984337487,50.597940444946
428456.891722199973,-4.193058452939,-1.162104179126,50.597940444946
428456.896504600008,-4.154002419644,-1.177666677496,50.597940444946
428456.900458900025,-4.184034631033,-1.183332224438,50.350713729858
428456.904076299979,-4.213004857137,-1.189489509303,50.350713729858
428456.908794799994,-4.241695168353,-1.196467564661,50.350713729858
428456.912688400014,-4.269748473248,-1.203980984194,50.350713729858
428456.917016300024,-4.282415764480,-1.210181424431,50.399099578857
428456.920440900023,-4.295230222587,-1.216838169256,50.400099578857
428456.925295100024,-4.308835919773,-1.224409650595,50.400999578857
428456.929304299993,-4.322853549165,-1.232577687065,50.401809578857
428456.933430799982,-4.279182167449,-1.239898956664,50.405864422668
428456.938215499977,-4.236418060453,-1.248033444318,50.409513782098
428456.942462300009,-4.194705991543,-1.256771007896,50.412798205585
428456.946397899999,-4.154048182195,-1.265985243787,50.415754186724
428456.950500999985,-4.204168581298,-1.265623816026,50.290010452271
428456.954162699985,-4.252574144798,-1.266020606856,50.290010452271
428456.958801699977,-4.300471661166,-1.267312472798,50.290010452271
428456.962793199986,-4.347446136349,-1.269297290177,50.290010452271
428456.966924500011,-4.290819818026,-1.264904131844,50.591018676758
428456.970471100009,-4.236536896961,-1.261335875155,50.591018676758
428456.974900599977,-4.183369495489,-1.258612600378,50.591018676758
428456.979585300025,-4.130755474533,-1.256685887945,50.591018676758
428456.983183700009,-4.079602946484,-1.255360073285,50.591018676758
428456.988124699972,-4.028148251076,-1.254735240334,50.591018676758
428456.991772099980,-3.977691654505,-1.254598314048,50.591018676758
428456.997085899988,-3.998427238545,-1.219492287667,50.342477798462
428456.999514000025,-4.016974521381,-1.186908160305,50.342477798462
428457.003966899996,-4.033447687900,-1.155716765417,50.342477798462
428457.008948299976,-4.048014367182,-1.125476883850,50.342477798462
428457.013316199998,-4.120303350059,-1.089708196061,50.338359603882
428457.016734000004,-4.188832323246,-1.055538720132,50.337359603882
428457.021800499992,-4.255836026778,-1.021761110764,50.336459603882
428457.025791199994,-4.320491630098,-0.988899954450,50.335649603882
428457.029242900026,-4.283418147861,-0.971459687369,50.238611221313
428457.033914199972,-4.247511676635,-0.953742860858,50.238611221313
428457.038150699984,-4.212790841734,-0.935912363955,50.238611221313
428457.042119999998,-4.179201485049,-0.918052867975,50.238611221313
428457.046245399979,-4.157386234414,-0.925206424652,50.324451446533
428457.050282499986,-4.135911824256,-0.931206129368,50.324451446533
428457.054305199999,-4.114687663878,-0.936165894036,50.324451446533
428457.059293999977,-4.093145638978,-0.940079837047,50.324451446533
428457.062842099986,-4.147148913610,-0.967450398224,50.271100769043
428457.066505299998,-4.198450779072,-0.993021710707,50.270100769043
428457.071486499975,-4.248424217687,-1.017363860562,50.269200769043
428457.075435700011,-4.296522366055,-1.040367836139,50.268390769043
428457.079809300019,-4.292672519986,-1.067564750690,50.459667205811
428457.083263200009,-4.289236416782,-1.093347132504,50.459667205811
428457.087686499988,-4.286176832981,-1.118276442050,50.459667205811
428457.091713199974,-4.250305552094,-1.145793249573,50.460145950317
428457.096946600010,-4.214720907084,-1.173037518534,50.460576820374
428457.100926499988,-4.180076157120,-1.199507095800,50.460964603424
428457.104601499974,-4.146394596469,-1.225179485570,50.461313608170
428457.108559100016,-4.184803151357,-1.247498065418,50.460092106056
428457.111983300012,-4.221247537599,-1.269231479963,50.458992754154
428457.116377400002,-4.256540299951,-1.290958186385,50.458003337442
428457.120983799978,-4.291019088795,-1.312848122052,50.457112862402
428457.125393899973,-4.312782704710,-1.310765132503,50.349481582642
428457.128805599990,-4.333863543894,-1.309506829230,50.349481582642
428457.133290200029,-4.354858251383,-1.309195808771,50.349481582642
428457.137813000008,-4.375860158758,-1.309757254404,50.349481582642
428457.141216300020,-4.409470125202,-1.295482325093,50.162790298462
428457.145604500023,-4.442981533440,-1.282433447520,50.162790298462
428457.150692299998,-4.477053853045,-1.270428672997,50.162790298462
428457.154652900004,-4.510860533150,-1.259401128582,50.162790298462
428457.158992699988,-4.470699634598,-1.228864963114,50.383092880249
428457.162449199997,-4.417457879115,-1.200011512832,50.383092880249
428457.167094899982,-4.343207529444,-1.172132654105,50.383092880249
428457.171062299982,-4.277388721222,-1.145347996950,50.383092880249
428457.175247700012,-4.268621557046,-1.116943121707,50.197786331177
428457.179899199982,-4.260080761390,-1.089086047174,50.197786331177
428457.183918799972,-4.251809873763,-1.061965370355,50.197786331177
428457.187908900029,-4.243765859639,-1.035460064612,50.197786331177
428457.191378400021,-4.300759092151,-1.016177489043,50.357837677002
428457.196053499996,-4.357037627548,-0.996693313007,50.357837677002
428457.199912799988,-4.411965349170,-0.977347783517,50.357837677002
428457.205099500017,-4.360641411020,-0.967015456620,50.284482727051
428457.209270399995,-4.311214282371,-0.956225209457,50.283482727051
428457.212719900010,-4.263953867812,-0.945252028921,50.282582727051
428457.216356999998,-4.218394430324,-0.934017421005,50.281772727051
428457.221729799989,-4.257574841050,-0.943725498498,50.281336457668
428457.225399599993,-4.295185588619,-0.952325006271,50.276435462658
428457.228871200001,-4.331327484843,-0.959940924075,50.272024567149
428457.233521100017,-4.367033079806,-0.966639825360,50.268054761191
428457.237500199990,-4.355322173227,-0.999669126532,50.318147659302
428457.242113100016,-4.344322908349,-1.031238220998,50.318147659302
428457.245481599995,-4.334071532384,-1.061046329546,50.318147659302
428457.250514200015,-4.324293345636,-1.090038267542,50.318147659302
428457.253872399975,-4.272874296266,-1.127358763211,50.469913482666
428457.258323299990,-4.222361686288,-1.163730403449,50.469913482666
428457.263335899974,-4.171922951568,-1.199719939271,50.469913482666
428457.267321799998,-4.122413369842,-1.234790075146,50.469913482666
428457.271276900021,-4.125959273896,-1.251502841888,50.522867431641
428457.274597399984,-4.128637741200,-1.268009125499,50.523867431641
428457.279538300005,-4.130275209437,-1.285108349560,50.524767431641
428457.283563899982,-4.131110128606,-1.302382156753,50.525577431641
428457.287723599991,-4.181668051450,-1.288086692681,50.499899537502
428457.292126899993,-4.230538286869,-1.275186379392,50.494998542492
428457.295769900025,-4.277417934758,-1.263538564346,50.490587646983
428457.300726099988,-4.319921981487,-1.239365462866,50.246681213379
428457.304361800023,-4.361231043939,-1.216670912348,50.246681213379
428457.308041799988,-4.401602698954,-1.195259381907,50.246681213379
428457.313014500018,-4.442413670851,-1.174598141783,50.246681213379
428457.317343699979,-4.368531840393,-1.155812721005,50.391227722168
428457.320738199982,-4.297960968701,-1.137929652631,50.391227722168
428457.325602800003,-4.228366042309,-1.120384597551,50.391227722168
428457.329581599974,-4.160548230365,-1.103362884025,50.391227722168
428457.333955199982,-4.178355285347,-1.092254058105,50.354369888306
428457.337867100025,-4.194899982293,-1.081340118021,50.353369888306
428457.341302299988,-4.210261789992,-1.070690627487,50.352469888306
428457.346289800014,-4.224799389220,-1.059867894986,50.351659888306
428457.349860000017,-4.260213336025,-1.049507364815,50.353646762024
428457.354243499984,-4.294940285567,-1.039060766577,50.355434948370
428457.359114299994,-4.329513230616,-1.028373407361,50.357044316082
428457.363061400014,-4.363431703072,-1.017683359218,50.358492747023
428457.366689699993,-4.396624394285,-1.007053917219,50.359796334869
428457.371391099994,-4.430080086552,-0.996147280641,50.360969563931
428457.375661200029,-4.463568761850,-0.985081342476,50.362025470087
428457.379626900016,-4.378940133515,-0.993217828927,50.369070908918
428457.383641400025,-4.297940182260,-1.000390074154,50.375411803866
428457.387614600011,-4.220090976824,-1.006697395430,50.381118609319
428457.391768399975,-4.144677185206,-1.012221001024,50.386254734227
428457.396809800004,-4.169660462129,-1.027431458042,50.296508789062
428457.400899900007,-4.193390483865,-1.041696619736,50.296508789062
428457.404481499980,-4.215880864604,-1.055059320706,50.296508789062
428457.408173799980,-4.237332708768,-1.067645441162,50.296508789062
428457.413153500005,-4.312844982435,-1.085144555051,50.246476898193
428457.416847600020,-4.385604763072,-1.101799327771,50.245476898193
428457.420892000024,-4.456512851442,-1.117811575338,50.244576898193
428457.425559600000,-4.526811772106,-1.133444116005,50.243766898193
428457.429901099997,-4.443120896010,-1.141499745427,50.434185028076
428457.433317899995,-4.364064858476,-1.149336171782,50.434185028076
428457.437761100009,-4.287889721409,-1.157174122248,50.434185028076
428457.441771999991,-4.214632481681,-1.164959058586,50.434185028076
428457.445756400004,-4.196586970429,-1.166077007619,50.459284057617
428457.450474800018,-4.178267045020,-1.167465354314,50.460284057617
428457.454173800012,-4.160091648458,-1.169021167763,50.461184057617
428457.459123099979,-4.141396689621,-1.170840418399,50.461994057617
428457.462694499991,-4.227900532987,-1.182243833326,50.242107391357
428457.466131800029,-4.287646906288,-1.193341011395,50.242107391357
428457.471335700015,-4.381487731580,-1.204626559376,50.242107391357
428457.475314899988,-4.455973906613,-1.215804825925,50.242107391357
428457.478840399999,-4.367041715022,-1.212962457927,50.408309936523
428457.483679800003,-4.280445182858,-1.210666454279,50.408309936523
428457.487702300015,-4.196842766857,-1.208818560626,50.408309936523
428457.491695099976,-4.115783946508,-1.207372917958,50.408309936523
428457.497003299999,-4.160530186301,-1.197533011205,50.312835693359
428457.499662099988,-4.202032584089,-1.188504660763,50.312835693359
428457.504647299997,-4.241761033077,-1.180041348397,50.312835693359
428457.508739500016,-4.272586124467,-1.160803881614,50.358612289429
428457.513376399991,-4.302651978033,-1.142268887252,50.359612289429
428457.516692999983,-4.331432399025,-1.124684622509,50.360512289429
428457.520404000010,-4.359319335562,-1.107819753034,50.361322289429
428457.524826099980,-4.293045511225,-1.095675047725,50.580224990845
428457.529152499977,-4.228150515808,-1.083685019390,50.580224990845
428457.534217200009,-4.163332445749,-1.071609049545,50.580224990845
428457.537737499981,-4.100368507566,-1.059819409260,50.580224990845
428457.541194599995,-4.141511827277,-1.058383440436,50.431653976440
428457.545975300018,-4.180841343592,-1.056574100988,50.431653976440
428457.549606100016,-4.218059434824,-1.054543949602,50.431653976440
428457.554593699984,-4.254162569633,-1.052152095961,50.431653976440
428457.558952399995,-4.247315224725,-1.060589983660,50.323381423950
428457.562402500014,-4.240642364545,-1.068371447210,50.323381423950
428457.567506299994,-4.233857981962,-1.075666197566,50.323381423950
428457.571492300020,-4.230573265566,-1.090457873441,50.354953994751
428457.574895299971,-4.227214173327,-1.104418576834,50.355953994751
428457.579336799972,-4.223650758793,-1.117857726274,50.356853994751
428457.583386200015,-4.219936890087,-1.130778409309,50.357663994751
428457.588372599974,-4.231871674614,-1.166967058793,50.361570828308
428457.592692799983,-4.243309589683,-1.202072718921,50.365086978510
428457.596690299979,-4.254278018486,-1.236086823662,50.368251513691
428457.600391099986,-4.264799335475,-1.269001153115,50.371099595354
428457.604336699995,-4.274988205780,-1.301143765300,50.373662868851
428457.607709700009,-4.226567031526,-1.982742106185,50.378914570552
428457.612047799979,-4.179375276602,-2.036765124725,50.383641102083
428457.616931899975,-4.132681572090,-2.099518148351,50.387894980461
428457.621346400003,-4.088934325033,-2.048553337282,50.386560468988
428457.624798399978,-4.046453507999,-2.060070148529,50.385359408661
428457.629218899994,-4.004121279748,-2.104625719050,50.384278454367
428457.634202799993,-3.961239846678,-2.157984661667,50.383305595503
