frameCounter, trackingStatus, timeLogged, frameNumber
2,2,428451.6695, 1031
3,2,428451.6856, 1032
4,2,428451.7001, 1033
5,2,428451.7157, 1034
6,2,428451.7315, 1035
7,2,428451.7481, 1036
8,2,428451.7637, 1037
9,2,428451.7804, 1038
10,2,428451.7957, 1039
11,2,428451.8120, 1040
12,2,428451.8280, 1041
13,2,428451.8450, 1042
14,2,428451.8603, 1043
15,2,428451.8928, 1044
16,2,428451.9082, 1045
17,2,428451.9240, 1046
18,2,428451.9401, 1047
19,2,428451.9566, 1048
20,2,428451.9721, 1049
21,2,428451.9874, 1050
22,2,428452.0038, 1051
23,2,428452.0200, 1052
24,2,428452.0360, 1053
25,2,428452.0527, 1054
26,2,428452.0689, 1055
27,2,428452.0844, 1056
28,2,428452.1007, 1057
29,2,428452.1163, 1058
30,2,428452.1316, 1059
31,2,428452.1484, 1060
32,2,428452.1640, 1061
33,2,428452.1800, 1062
34,2,428452.1955, 1063
35,2,428452.2117, 1064
36,2,428452.2281, 1065
37,2,428452.2438, 1066
38,2,428452.2604, 1067
39,2,428452.2923, 1068
40,2,428452.3078, 1069
41,2,428452.3235, 1070
42,2,428452.3400, 1071
43,2,428452.3571, 1072
44,2,428452.3738, 1073
45,2,428452.3878, 1074
46,2,428452.4041, 1075
47,2,428452.4206, 1076
48,2,428452.4362, 1077
49,2,428452.4517, 1078
50,2,428452.4684, 1079
51,2,428452.4847, 1080
52,2,428452.4996, 1081
53,2,428452.5158, 1082
54,2,428452.5315, 1083
55,2,428452.5476, 1084
56,2,428452.5641, 1085
57,2,428452.5797, 1086
58,2,428452.5961, 1087
59,2,428452.6120, 1088
60,2,428452.6284, 1089
61,2,428452.6440, 1090
62,2,428452.6763, 1091
63,2,428452.6920, 1092
64,2,428452.7091, 1093
65,2,428452.7249, 1094
66,2,428452.7399, 1095
67,2,428452.7556, 1096
68,2,428452.7718, 1097
69,2,428452.7897, 1098
70,2,428452.8051, 1099
71,2,428452.8199, 1100
72,2,428452.8362, 1101
73,2,428452.8519, 1102
74,2,428452.8683, 1103
75,2,428452.8843, 1104
76,2,428452.9007, 1105
77,2,428452.9163, 1106
78,2,428452.9316, 1107
79,2,428452.9482, 1108
80,2,428452.9639, 1109
81,2,428452.9801, 1110
82,2,428452.9966, 1111
83,2,428453.0118, 1112
84,2,428453.0280, 1113
85,2,428453.0440, 1114
86,2,428453.0756, 1115
87,2,428453.0920, 1116
88,2,428453.1083, 1117
89,2,428453.1245, 1118
90,2,428453.1402, 1119
91,2,428453.1566, 1120
92,2,428453.1722, 1121
93,2,428453.1880, 1122
94,2,428453.2045, 1123
95,2,428453.2212, 1124
96,2,428453.2360, 1125
97,2,428453.2522, 1126
98,2,428453.2683, 1127
99,2,428453.2843, 1128
100,2,428453.3002, 1129
101,2,428453.3169, 1130
102,2,428453.3322, 1131
103,2,428453.3486, 1132
104,2,428453.3646, 1133
105,2,428453.3808, 1134
106,2,428453.3963, 1135
107,2,428453.4128, 1136
108,2,428453.4281, 1137
109,2,428453.4599, 1138
110,2,428453.4757, 1139
111,2,428453.4914, 1140
112,2,428453.5075, 1141
113,2,428453.5246, 1142
114,2,428453.5402, 1143
115,2,428453.5562, 1144
116,2,428453.5720, 1145
117,2,428453.5885, 1146
118,2,428453.6038, 1147
119,2,428453.6197, 1148
120,2,428453.6374, 1149
121,2,428453.6519, 1150
122,2,428453.6677, 1151
123,2,428453.6836, 1152
124,2,428453.7007, 1153
125,2,428453.7154, 1154
126,2,428453.7317, 1155
127,2,428453.7482, 1156
128,2,428453.7641, 1157
129,2,428453.7804, 1158
130,2,428453.7956, 1159
131,2,428453.8120, 1160
132,2,428453.8290, 1161
133,2,428453.8603, 1162
134,2,428453.8761, 1163
135,2,428453.8917, 1164
136,2,428453.9082, 1165
137,2,428453.9236, 1166
138,2,428453.9397, 1167
139,2,428453.9564, 1168
140,2,428453.9719, 1169
141,2,428453.9873, 1170
142,2,428454.0036, 1171
143,2,428454.0202, 1172
144,2,428454.0366, 1173
145,2,428454.0536, 1174
146,2,428454.0678, 1175
147,2,428454.0837, 1176
148,2,428454.1003, 1177
149,2,428454.1158, 1178
150,2,428454.1323, 1179
151,2,428454.1475, 1180
152,2,428454.1644, 1181
153,2,428454.1803, 1182
154,2,428454.1953, 1183
155,2,428454.2114, 1184
156,2,428454.2434, 1185
157,2,428454.2597, 1186
158,2,428454.2757, 1187
159,2,428454.2921, 1188
160,2,428454.3077, 1189
161,2,428454.3243, 1190
162,2,428454.3395, 1191
163,2,428454.3565, 1192
164,2,428454.3729, 1193
165,2,428454.3878, 1194
166,2,428454.4036, 1195
167,2,428454.4200, 1196
168,2,428454.4367, 1197
169,2,428454.4530, 1198
170,2,428454.4682, 1199
171,2,428454.4844, 1200
172,2,428454.4994, 1201
173,2,428454.5157, 1202
174,2,428454.5320, 1203
175,2,428454.5481, 1204
176,2,428454.5657, 1205
177,2,428454.5795, 1206
178,2,428454.5953, 1207
179,2,428454.6114, 1208
180,2,428454.6436, 1209
181,2,428454.6595, 1210
182,2,428454.6756, 1211
183,2,428454.6923, 1212
184,2,428454.7081, 1213
185,2,428454.7237, 1214
186,2,428454.7401, 1215
187,2,428454.7559, 1216
188,2,428454.7726, 1217
189,2,428454.7896, 1218
190,2,428454.8045, 1219
191,2,428454.8198, 1220
192,2,428454.8356, 1221
193,2,428454.8515, 1222
194,2,428454.8677, 1223
195,2,428454.8846, 1224
196,2,428454.8996, 1225
197,2,428454.9162, 1226
198,2,428454.9324, 1227
199,2,428454.9475, 1228
200,2,428454.9637, 1229
201,2,428454.9805, 1230
202,2,428454.9958, 1231
203,2,428455.0282, 1232
204,2,428455.0440, 1233
205,2,428455.0597, 1234
206,2,428455.0758, 1235
207,2,428455.0914, 1236
208,2,428455.1088, 1237
209,2,428455.1240, 1238
210,2,428455.1403, 1239
211,2,428455.1561, 1240
212,2,428455.1718, 1241
213,2,428455.1883, 1242
214,2,428455.2061, 1243
215,2,428455.2195, 1244
216,2,428455.2361, 1245
217,2,428455.2523, 1246
218,2,428455.2678, 1247
219,2,428455.2844, 1248
220,2,428455.2999, 1249
221,2,428455.3159, 1250
222,2,428455.3318, 1251
223,2,428455.3476, 1252
224,2,428455.3639, 1253
225,2,428455.3801, 1254
226,2,428455.3961, 1255
227,2,428455.4276, 1256
228,2,428455.4438, 1257
229,2,428455.4594, 1258
230,2,428455.4763, 1259
231,2,428455.4919, 1260
232,2,428455.5086, 1261
233,2,428455.5236, 1262
234,2,428455.5399, 1263
235,2,428455.5562, 1264
236,2,428455.5718, 1265
237,2,428455.5879, 1266
238,2,428455.6042, 1267
239,2,428455.6213, 1268
240,2,428455.6361, 1269
241,2,428455.6520, 1270
242,2,428455.6682, 1271
243,2,428455.6838, 1272
244,2,428455.7000, 1273
245,2,428455.7164, 1274
246,2,428455.7319, 1275
247,2,428455.7479, 1276
248,2,428455.7637, 1277
249,2,428455.7799, 1278
250,2,428455.8135, 1279
251,2,428455.8278, 1280
252,2,428455.8443, 1281
253,2,428455.8606, 1282
254,2,428455.8762, 1283
255,2,428455.8924, 1284
256,2,428455.9076, 1285
257,2,428455.9259, 1286
258,2,428455.9405, 1287
259,2,428455.9563, 1288
260,2,428455.9718, 1289
261,2,428455.9879, 1290
262,2,428456.0036, 1291
263,2,428456.0195, 1292
264,2,428456.0370, 1293
265,2,428456.0525, 1294
266,2,428456.0680, 1295
267,2,428456.0837, 1296
268,2,428456.1003, 1297
269,2,428456.1161, 1298
270,2,428456.1338, 1299
271,2,428456.1475, 1300
272,2,428456.1639, 1301
273,2,428456.1799, 1302
274,2,428456.2123, 1303
275,2,428456.2287, 1304
276,2,428456.2441, 1305
277,2,428456.2599, 1306
278,2,428456.2763, 1307
279,2,428456.2918, 1308
280,2,428456.3080, 1309
281,2,428456.3235, 1310
282,2,428456.3398, 1311
283,2,428456.3572, 1312
284,2,428456.3720, 1313
285,2,428456.3883, 1314
286,2,428456.4037, 1315
287,2,428456.4193, 1316
288,2,428456.4370, 1317
289,2,428456.4533, 1318
290,2,428456.4701, 1319
291,2,428456.4843, 1320
292,2,428456.5005, 1321
293,2,428456.5156, 1322
294,2,428456.5315, 1323
295,2,428456.5478, 1324
296,2,428456.5641, 1325
297,2,428456.5955, 1326
298,2,428456.6121, 1327
299,2,428456.6275, 1328
300,2,428456.6449, 1329
301,2,428456.6599, 1330
302,2,428456.6759, 1331
303,2,428456.6926, 1332
304,2,428456.7076, 1333
305,2,428456.7243, 1334
306,2,428456.7400, 1335
307,2,428456.7559, 1336
308,2,428456.7719, 1337
309,2,428456.7882, 1338
310,2,428456.8037, 1339
311,2,428456.8197, 1340
312,2,428456.8363, 1341
313,2,428456.8529, 1342
314,2,428456.8683, 1343
315,2,428456.8844, 1344
316,2,428456.8997, 1345
317,2,428456.9157, 1346
318,2,428456.9318, 1347
319,2,428456.9489, 1348
320,2,428456.9641, 1349
321,2,428456.9954, 1350
322,2,428457.0119, 1351
323,2,428457.0280, 1352
324,2,428457.0437, 1353
325,2,428457.0597, 1354
326,2,428457.0762, 1355
327,2,428457.0915, 1356
328,2,428457.1082, 1357
329,2,428457.1234, 1358
330,2,428457.1394, 1359
331,2,428457.1571, 1360
332,2,428457.1719, 1361
333,2,428457.1884, 1362
334,2,428457.2044, 1363
335,2,428457.2197, 1364
336,2,428457.2361, 1365
337,2,428457.2518, 1366
338,2,428457.2685, 1367
339,2,428457.2844, 1368
340,2,428457.2994, 1369
341,2,428457.3161, 1370
342,2,428457.3320, 1371
343,2,428457.3476, 1372
344,2,428457.3793, 1373
345,2,428457.3957, 1374
346,2,428457.4115, 1375
347,2,428457.4281, 1376
348,2,428457.4443, 1377
349,2,428457.4607, 1378
350,2,428457.4756, 1379
351,2,428457.4925, 1380
352,2,428457.5085, 1381
353,2,428457.5236, 1382
354,2,428457.5400, 1383
355,2,428457.5557, 1384
356,2,428457.5711, 1385
357,2,428457.5878, 1386
358,2,428457.6059, 1387
359,2,428457.6195, 1388
