timeLogged, leftEye.x, leftEye.y, leftEye.z, rightEye.x, rightEye.y, rightEye.z, timeReceived, timeCaptured, resetFilter, frameNumber, numberOfEyePairs, headPosition.x, headPosition.y, headPosition.z, headDirection.x, headDirection.y, headDirection.z
428451.652631,-7.567105,-1.625938,51.358135,-1.107489,-1.477933,51.436951,428451.652630,428451.610272,0,1030,1,-5.030488,-0.391776,60.309536,0.209072,-0.071020,0.034616
428451.669318,-7.563690,-1.637194,51.342773,-1.098169,-1.514221,51.767864,428451.669317,428451.626953,0,1031,1,-4.979725,-0.469670,60.477528,0.215389,-0.067249,0.029314
428451.684508,-7.534810,-1.590611,51.112034,-1.068835,-1.476274,51.612080,428451.684507,428451.643633,0,1032,1,-4.964381,-0.469842,60.288410,0.220002,-0.068136,0.032428
428451.700128,-7.529659,-1.599033,51.303753,-1.102588,-1.470467,51.588593,428451.700127,428451.660314,0,1033,1,-4.942541,-0.280089,60.350300,0.198682,-0.063985,0.031631
428451.715713,-7.529168,-1.606676,51.321651,-1.084135,-1.502592,51.861866,428451.715712,428451.676995,0,1034,1,-4.976745,-0.461133,60.513935,0.216872,-0.070323,0.026655
428451.731584,-7.532500,-1.606900,51.387489,-1.066856,-1.484473,51.668365,428451.731583,428451.693675,0,1035,1,-4.945876,-0.142255,60.408405,0.182003,-0.066440,0.030318
428451.748108,-7.533914,-1.618802,51.357246,-1.076672,-1.502500,51.684303,428451.748107,428451.710356,0,1036,1,-4.976594,-0.247908,60.413250,0.192299,-0.070287,0.026751
428451.763669,-7.514403,-1.648235,51.410187,-1.067356,-1.519084,51.734650,428451.763669,428451.727036,0,1037,1,-5.018008,-0.347340,60.471455,0.200706,-0.076071,0.029506
428451.780467,-7.531065,-1.647967,51.331043,-1.087983,-1.540468,51.649708,428451.780466,428451.743717,0,1038,1,-4.981840,-0.338785,60.391041,0.198722,-0.070399,0.026927
428451.795758,-7.503676,-1.650847,51.305706,-1.072724,-1.509427,51.508381,428451.795757,428451.760397,0,1039,1,-4.979571,-0.352997,60.310200,0.201663,-0.071303,0.032279
428451.812049,-7.487596,-1.642449,51.251099,-1.055093,-1.522563,51.594166,428451.812048,428451.777078,0,1040,1,-5.007766,-0.345448,60.320801,0.200579,-0.076937,0.030329
428451.828037,-7.460840,-1.651797,51.281586,-1.020766,-1.494599,51.524208,428451.828036,428451.793759,0,1041,1,-4.939838,-0.375495,60.309456,0.204808,-0.071347,0.035858
428451.844935,-7.453357,-1.653442,51.155243,-1.024457,-1.527373,51.471107,428451.844934,428451.810439,0,1042,1,-4.915792,-0.429946,60.226376,0.209264,-0.070399,0.029396
428451.860286,-7.446588,-1.665611,51.350536,-0.968764,-1.525779,51.702236,428451.860285,428451.827120,0,1043,1,-4.856143,-0.377426,60.433987,0.202818,-0.067090,0.029404
428451.892784,-7.413465,-1.676139,51.412189,-0.956680,-1.545768,51.636532,428451.892783,428451.843800,0,1044,1,-4.843999,-0.268089,60.413258,0.188834,-0.068220,0.029257
428451.908252,-7.353706,-1.708278,51.267017,-0.885658,-1.547514,51.533913,428451.908251,428451.860309,0,1045,1,-4.756580,-0.290842,60.291847,0.189285,-0.064168,0.035380
428451.924064,-7.291916,-1.771505,51.539978,-0.800942,-1.631421,52.034023,428451.924063,428451.876983,0,1046,1,-4.751865,-0.504142,60.693111,0.205031,-0.073201,0.031220
428451.940062,-7.184758,-1.745651,51.301765,-0.719018,-1.605631,51.602459,428451.940061,428451.893656,0,1047,1,-4.617838,-0.301936,60.335773,0.185266,-0.068378,0.031733
428451.956645,-7.081872,-1.776182,51.352581,-0.626639,-1.591277,51.692867,428451.956644,428451.910330,0,1048,1,-4.585392,-0.411677,60.416389,0.196303,-0.074230,0.038761
428451.972135,-6.966692,-1.784639,51.425087,-0.474571,-1.576405,51.882160,428451.972135,428451.927004,0,1049,1,-4.430292,-0.249397,60.524830,0.178474,-0.071601,0.038587
428451.987471,-6.816359,-1.789419,51.380440,-0.341866,-1.575478,51.968822,428451.987470,428451.943677,0,1050,1,-4.374396,-0.253275,60.538887,0.178408,-0.080635,0.041786
428452.003864,-6.661044,-1.831969,51.393715,-0.204406,-1.613048,51.680847,428452.003863,428451.960351,0,1051,1,-4.244187,-0.402255,60.416943,0.190768,-0.083399,0.038750
428452.019999,-6.500996,-1.856537,51.294582,-0.018482,-1.614464,51.715759,428452.019998,428451.977024,0,1052,1,-4.104135,-0.294141,60.362904,0.176860,-0.085798,0.043639
428452.036045,-6.307236,-1.882251,51.539471,0.175142,-1.610332,51.749462,428452.036045,428451.993698,0,1053,1,-3.898899,-0.156669,60.477901,0.160000,-0.083348,0.047100
428452.052724,-6.107409,-1.930101,51.457256,0.387024,-1.645834,51.813751,428452.052723,428452.010372,0,1054,1,-3.737671,-0.164705,60.458492,0.156143,-0.088635,0.046396
428452.069029,-5.906990,-1.990836,51.604000,0.635178,-1.670834,52.120674,428452.069027,428452.027045,0,1055,1,-3.706015,-0.524516,60.716621,0.191322,-0.110593,0.049183
428452.084480,-5.665195,-2.042925,51.440376,0.872207,-1.704376,52.257568,428452.084479,428452.043719,0,1056,1,-3.611351,-0.495343,60.673622,0.182750,-0.126485,0.052038
428452.100764,-5.361434,-2.050805,51.277630,1.102183,-1.678541,51.896545,428452.100763,428452.060393,0,1057,1,-3.307603,-0.455616,60.411877,0.178882,-0.120399,0.059026
428452.116320,-5.113239,-2.070128,51.286263,1.424031,-1.706814,52.095318,428452.116319,428452.077066,0,1058,1,-3.078959,-0.533154,60.516293,0.185182,-0.128357,0.053686
428452.131718,-4.844295,-2.112017,51.594124,1.679757,-1.709937,52.292248,428452.131717,428452.093740,0,1059,1,-2.814177,-0.565931,60.770607,0.186022,-0.126958,0.058192
428452.148471,-4.509755,-2.138395,51.468685,1.985466,-1.700594,52.243618,428452.148470,428452.110413,0,1060,1,-2.495012,-0.609528,60.688709,0.189457,-0.125353,0.065327
428452.163973,-4.190935,-2.161963,51.432930,2.266524,-1.694932,52.223732,428452.163972,428452.127087,0,1061,1,-2.234272,-0.566981,60.647530,0.183420,-0.129321,0.067123
428452.180018,-3.870311,-2.194840,51.371700,2.564711,-1.763425,52.225918,428452.180017,428452.143761,0,1062,1,-1.939506,-0.626328,60.617214,0.184552,-0.131696,0.064490
428452.195582,-3.545156,-2.235495,51.571907,2.898102,-1.767008,52.403362,428452.195581,428452.160434,0,1063,1,-1.712157,-0.530394,60.771614,0.170673,-0.142339,0.068121
428452.211717,-3.231194,-2.244941,51.230103,3.179232,-1.799704,52.216743,428452.211716,428452.177108,0,1064,1,-1.380732,-0.577796,60.517059,0.173855,-0.138829,0.066701
428452.228131,-2.928509,-2.237760,51.162571,3.521176,-1.825558,52.217873,428452.228131,428452.193781,0,1065,1,-1.092141,-0.756679,60.504787,0.193064,-0.143661,0.064363
428452.243818,-2.598975,-2.242558,50.928638,3.767756,-1.761439,51.695446,428452.243817,428452.210455,0,1066,1,-0.784139,-0.523067,60.097820,0.169208,-0.138003,0.075772
428452.260456,-2.266544,-2.234637,51.026398,4.107682,-1.769219,52.118690,428452.260455,428452.227129,0,1067,1,-0.553901,-0.517644,60.340267,0.168612,-0.151372,0.071628
428452.292370,-1.965047,-2.240193,50.929829,4.403463,-1.729201,51.920052,428452.292369,428452.244220,0,1068,1,-0.243895,-0.528091,60.199200,0.171468,-0.149181,0.075218
428452.307820,-1.696859,-2.256169,50.564487,4.656221,-1.717138,51.694130,428452.307820,428452.260901,0,1069,1,-0.056767,-0.463263,59.879658,0.163088,-0.155824,0.081823
428452.323601,-1.374056,-2.295633,50.880795,4.957464,-1.729212,51.781353,428452.323601,428452.277581,0,1070,1,0.226963,-0.488870,60.076382,0.162735,-0.158449,0.084370
428452.339999,-1.129509,-2.332216,50.665321,5.256086,-1.708552,51.684780,428452.339999,428452.294262,0,1071,1,0.458841,-0.360236,59.888241,0.146203,-0.160141,0.093864
428452.357219,-0.822284,-2.393329,51.040142,5.541713,-1.781308,52.064526,428452.357218,428452.310942,0,1072,1,0.657292,-0.479177,60.256680,0.152501,-0.173945,0.085707
428452.373817,-0.587511,-2.423245,50.871449,5.780701,-1.794832,51.904293,428452.373816,428452.327623,0,1073,1,0.954694,-0.712526,60.140236,0.176694,-0.167435,0.085729
428452.387840,-0.350287,-2.431933,50.891594,5.899030,-1.735405,51.380367,428452.387840,428452.344303,0,1074,1,1.331067,-0.474630,59.886860,0.152646,-0.141330,0.094590
428452.404183,-0.140801,-2.454327,51.163212,6.172976,-1.740987,51.797512,428452.404182,428452.360984,0,1075,1,1.508544,-0.391919,60.202045,0.140992,-0.147260,0.099048
428452.420624,0.079669,-2.467821,51.262531,6.377501,-1.712482,51.765846,428452.420623,428452.377665,0,1076,1,1.715291,-0.363003,60.230659,0.138054,-0.146376,0.104404
428452.436225,0.207066,-2.449486,50.986443,6.533017,-1.710059,51.716633,428452.436224,428452.394345,0,1077,1,1.831307,-0.445910,60.081532,0.148875,-0.150766,0.100488
428452.451690,0.345042,-2.462224,50.987633,6.677402,-1.660404,51.614300,428452.451690,428452.411026,0,1078,1,2.087690,-0.322654,60.030262,0.136726,-0.134296,0.110083
428452.468392,0.472539,-2.446098,50.921494,6.809205,-1.676276,51.665829,428452.468391,428452.427706,0,1079,1,2.196149,-0.468560,60.047302,0.153661,-0.138913,0.104453
428452.484810,0.579049,-2.473048,50.978580,6.970531,-1.662495,51.989716,428452.484808,428452.444387,0,1080,1,2.185313,-0.496870,60.216610,0.155084,-0.154940,0.107883
428452.499660,0.641165,-2.463290,50.836739,7.065474,-1.627832,51.970642,428452.499659,428452.461067,0,1081,1,2.244531,-0.373387,60.113777,0.142288,-0.153322,0.120554
428452.515865,0.688610,-2.493805,51.019646,7.075737,-1.652825,51.889526,428452.515864,428452.477748,0,1082,1,2.384795,-0.458824,60.195370,0.150023,-0.142220,0.114599
428452.531529,0.680511,-2.471618,50.839832,6.993713,-1.635688,51.684486,428452.531528,428452.494429,0,1083,1,2.275996,-0.355058,59.975807,0.139991,-0.148887,0.115985
428452.547586,0.554640,-2.449565,50.683796,6.775250,-1.604466,51.267300,428452.547586,428452.511109,0,1084,1,2.048922,-0.096842,59.630768,0.113171,-0.153961,0.117090
428452.564069,0.487528,-2.437228,50.637547,6.753057,-1.593441,51.298267,428452.564069,428452.527790,0,1085,1,2.041226,-0.093500,59.631805,0.114195,-0.149205,0.118691
428452.579729,0.370946,-2.456346,50.582054,6.625097,-1.610262,51.181744,428452.579728,428452.544470,0,1086,1,1.951970,-0.197090,59.570282,0.124094,-0.145514,0.119481
428452.596138,0.255043,-2.476635,50.772324,6.461835,-1.594572,51.031445,428452.596137,428452.561151,0,1087,1,1.800492,-0.170768,59.582043,0.120770,-0.146809,0.119346
428452.612065,0.100643,-2.459951,50.723595,6.286464,-1.590841,50.926331,428452.612064,428452.577831,0,1088,1,1.657310,-0.113725,59.498806,0.115157,-0.142789,0.123728
428452.628452,-0.092428,-2.473310,50.637539,6.035941,-1.600608,50.512917,428452.628451,428452.594512,0,1089,1,1.611450,-0.183242,59.290920,0.122916,-0.122653,0.123362
428452.644011,-0.316712,-2.476948,50.639408,5.798882,-1.646076,50.387939,428452.644010,428452.611193,0,1090,1,1.406805,-0.216970,59.235332,0.124970,-0.122690,0.112700
428452.676343,-0.586163,-2.519217,50.883106,5.558233,-1.723737,50.554123,428452.676343,428452.627873,0,1091,1,1.185093,-0.262357,59.442219,0.124402,-0.122061,0.100996
428452.692067,-0.908637,-2.488226,50.683105,5.267384,-1.726130,50.480831,428452.692066,428452.644565,0,1092,1,0.880152,-0.319613,59.320770,0.132489,-0.121923,0.101800
428452.709049,-1.271102,-2.493172,50.765640,4.932337,-1.757662,50.269066,428452.709048,428452.661253,0,1093,1,0.686371,-0.214439,59.251705,0.119579,-0.104792,0.096898
428452.724953,-1.602441,-2.509242,50.728806,4.616354,-1.835021,50.385208,428452.724952,428452.677940,0,1094,1,0.307319,-0.525710,59.337677,0.149964,-0.114608,0.088257
428452.739918,-2.018317,-2.493536,50.811115,4.239773,-1.835233,50.288937,428452.739917,428452.694628,0,1095,1,-0.009813,-0.428878,59.323986,0.140430,-0.106043,0.084924
428452.755681,-2.432447,-2.511930,50.857708,3.885217,-1.938012,50.597515,428452.755681,428452.711315,0,1096,1,-0.385690,-0.723033,59.545631,0.167868,-0.109781,0.069881
428452.771818,-2.864247,-2.508011,50.641903,3.423801,-1.965501,50.145565,428452.771817,428452.728003,0,1097,1,-0.672634,-0.605214,59.207417,0.153948,-0.091940,0.066327
428452.789813,-3.351467,-2.524137,50.842915,2.989817,-2.057570,50.433834,428452.789812,428452.744691,0,1098,1,-1.089001,-0.850502,59.489960,0.176480,-0.091309,0.050813
428452.805146,-3.853864,-2.510554,50.753490,2.505343,-2.079483,50.579948,428452.805145,428452.761378,0,1099,1,-1.657902,-0.870088,59.512733,0.178273,-0.101014,0.046970
428452.819974,-4.396353,-2.489028,50.516262,1.940430,-2.119121,50.487572,428452.819973,428452.778066,0,1100,1,-2.218045,-0.872978,59.346222,0.177806,-0.102815,0.042799
428452.836213,-4.942955,-2.445893,50.302502,1.390201,-2.145127,50.337170,428452.836212,428452.794753,0,1101,1,-2.684163,-0.930024,59.183319,0.185624,-0.094829,0.037161
428452.851923,-5.489275,-2.410796,50.514389,0.865773,-2.186799,50.603737,428452.851922,428452.811441,0,1102,1,-3.120208,-0.781092,59.407398,0.169103,-0.085878,0.027033
428452.868330,-6.048868,-2.347235,50.046459,0.292709,-2.219599,50.475906,428452.868329,428452.828128,0,1103,1,-3.542788,-0.729400,59.115173,0.165385,-0.070885,0.021000
428452.884342,-6.633530,-2.308340,50.113838,-0.247771,-2.269943,50.461777,428452.884342,428452.844816,0,1104,1,-4.039670,-1.061843,59.197628,0.202673,-0.067166,0.005707
428452.900811,-7.202711,-2.262935,50.007015,-0.795637,-2.249113,50.552425,428452.900809,428452.861503,0,1105,1,-4.638666,-0.992905,59.181713,0.198567,-0.071157,0.008436
428452.916336,-7.780773,-2.191636,50.018364,-1.417662,-2.275691,50.399097,428452.916335,428452.878191,0,1106,1,-5.273976,-0.905161,59.098598,0.191748,-0.078601,-0.005124
428452.931628,-8.349871,-2.125331,50.089733,-1.920975,-2.276440,50.266708,428452.931627,428452.894878,0,1107,1,-5.716125,-0.755238,59.056446,0.178815,-0.070326,-0.014470
428452.948237,-8.878107,-2.041735,49.849644,-2.457544,-2.282060,49.962124,428452.948236,428452.911566,0,1108,1,-6.189790,-0.669792,58.780071,0.173852,-0.066661,-0.026121
428452.963952,-9.406196,-1.985373,49.984028,-2.948958,-2.316964,50.306786,428452.963951,428452.928253,0,1109,1,-6.677555,-0.776163,59.039753,0.187355,-0.067409,-0.040233
428452.980115,-9.877446,-1.902012,49.775509,-3.446103,-2.332149,50.082188,428452.980114,428452.944941,0,1110,1,-7.131883,-0.897883,58.847511,0.205195,-0.067931,-0.058539
428452.996668,-10.306871,-1.822880,49.708275,-3.848563,-2.322940,50.201450,428452.996668,428452.961628,0,1111,1,-7.430275,-0.827276,58.875294,0.201893,-0.055763,-0.063387
428453.011885,-10.709157,-1.782937,49.753094,-4.254997,-2.301308,49.865219,428453.011884,428452.978316,0,1112,1,-7.790549,-0.736672,58.722664,0.195119,-0.052539,-0.069748
428453.028098,-11.038632,-1.714714,49.534748,-4.620099,-2.321566,49.949749,428453.028097,428452.995003,0,1113,1,-8.134760,-0.843685,58.674068,0.209909,-0.053883,-0.079340
428453.044052,-11.360100,-1.665943,49.581829,-4.936729,-2.292920,49.813751,428453.044051,428453.011691,0,1114,1,-8.504162,-0.837905,58.632015,0.213875,-0.060109,-0.082046
428453.075695,-11.667413,-1.587939,49.596367,-5.228097,-2.272048,49.882381,428453.075695,428453.028516,0,1115,1,-8.689993,-0.728291,58.669506,0.206677,-0.049358,-0.089960
428453.092061,-11.890483,-1.531216,49.604191,-5.442750,-2.244772,49.911812,428453.092060,428453.045211,0,1116,1,-8.810454,-0.553796,58.671429,0.191332,-0.038956,-0.090396
428453.108353,-12.102653,-1.467528,49.558804,-5.646745,-2.254932,49.902367,428453.108353,428453.061905,0,1117,1,-9.098820,-0.564235,58.647846,0.195984,-0.049624,-0.097266
428453.124545,-12.227432,-1.470117,49.470837,-5.789186,-2.303304,50.058147,428453.124545,428453.078600,0,1118,1,-9.178346,-0.587599,58.682644,0.195489,-0.045305,-0.104792
428453.140250,-12.308433,-1.463616,49.361668,-5.900148,-2.288479,49.878174,428453.140249,428453.095294,0,1119,1,-9.180593,-0.440023,58.518349,0.179575,-0.035162,-0.103632
428453.156616,-12.397209,-1.466498,49.502148,-5.994567,-2.306831,49.928043,428453.156615,428453.111989,0,1120,1,-9.247227,-0.447967,58.613270,0.179127,-0.032896,-0.105896
428453.172358,-12.427531,-1.476057,49.495541,-6.010903,-2.352880,50.175278,428453.172357,428453.128683,0,1121,1,-9.339982,-0.576702,58.748646,0.190891,-0.042229,-0.114079
428453.188014,-12.424960,-1.466948,49.547283,-6.015868,-2.314522,50.050144,428453.188013,428453.145378,0,1122,1,-9.251931,-0.434086,58.694061,0.176991,-0.031061,-0.107148
428453.204541,-12.368916,-1.473331,49.574230,-5.962423,-2.310897,50.002651,428453.204540,428453.162072,0,1123,1,-9.213731,-0.562155,58.703533,0.191300,-0.032878,-0.110129
428453.221292,-12.264331,-1.468122,49.586685,-5.833430,-2.271728,50.112728,428453.221291,428453.178767,0,1124,1,-9.148258,-0.483337,58.755745,0.185254,-0.036928,-0.101395
428453.236024,-12.126015,-1.448383,49.552227,-5.701890,-2.284956,50.200584,428453.236023,428453.195461,0,1125,1,-8.987993,-0.539793,58.791779,0.191807,-0.036124,-0.111317
428453.252268,-11.975705,-1.489573,49.735432,-5.497929,-2.248992,50.447029,428453.252267,428453.212156,0,1126,1,-8.879538,-0.487202,58.997375,0.185997,-0.041140,-0.098526
428453.268342,-11.748327,-1.511291,49.655296,-5.296276,-2.230428,50.245510,428453.268342,428453.228850,0,1127,1,-8.662749,-0.546393,58.865337,0.192429,-0.039756,-0.095403
428453.284396,-11.496963,-1.558731,49.706341,-5.025896,-2.266774,49.983067,428453.284396,428453.245545,0,1128,1,-8.425711,-0.779923,58.785603,0.214003,-0.041418,-0.095663
428453.300277,-11.198195,-1.627269,49.627106,-4.735740,-2.285437,49.777878,428453.300276,428453.262239,0,1129,1,-8.193456,-0.920953,58.653839,0.225109,-0.045007,-0.082944
428453.317047,-10.886283,-1.667801,49.649982,-4.427016,-2.287119,49.664127,428453.317046,428453.278934,0,1130,1,-7.913780,-0.961389,58.609791,0.227326,-0.046573,-0.074979
428453.332276,-10.494967,-1.703544,49.460007,-4.048401,-2.258825,49.863659,428453.332275,428453.295628,0,1131,1,-7.618282,-0.909247,58.605038,0.221355,-0.055178,-0.066935
428453.348648,-10.124038,-1.735708,49.610840,-3.691113,-2.292821,49.594379,428453.348647,428453.312323,0,1132,1,-7.293653,-0.845946,58.532112,0.210858,-0.061546,-0.072935
428453.364646,-9.682812,-1.781229,49.396370,-3.270963,-2.293517,49.782860,428453.364645,428453.329017,0,1133,1,-6.936500,-0.752922,58.499660,0.197871,-0.067241,-0.059532
428453.380814,-9.291577,-1.800851,49.626514,-2.833180,-2.248137,49.882221,428453.380813,428453.345712,0,1134,1,-6.661858,-0.457704,58.610767,0.166475,-0.082879,-0.053267
428453.396348,-8.776477,-1.878444,49.843483,-2.336850,-2.209553,49.899391,428453.396347,428453.362406,0,1135,1,-6.266201,-0.638820,58.746796,0.184464,-0.091071,-0.038251
428453.412888,-8.259171,-1.918003,49.863750,-1.791229,-2.181502,50.369106,428453.412886,428453.379101,0,1136,1,-5.897873,-0.606241,58.971077,0.180068,-0.107125,-0.027066
428453.428168,-7.761159,-1.975532,49.863178,-1.283260,-2.178327,50.376087,428453.428167,428453.395795,0,1137,1,-5.385402,-0.407870,58.935482,0.154172,-0.104248,-0.017945
428453.459917,-7.234890,-2.040162,49.796429,-0.788467,-2.196234,50.489635,428453.459916,428453.412490,0,1138,1,-4.940564,-0.490691,58.959969,0.158857,-0.111141,-0.015714
428453.475725,-6.715776,-2.088350,49.765919,-0.239393,-2.140470,50.414093,428453.475725,428453.428628,0,1139,1,-4.535036,-0.284968,58.852711,0.135613,-0.123895,-0.006174
428453.491505,-6.148386,-2.159183,49.735397,0.276288,-2.135879,50.249325,428453.491504,428453.445316,0,1140,1,-4.118809,-0.460980,58.767700,0.151312,-0.135568,0.003285
428453.507537,-5.608461,-2.217976,49.767555,0.779789,-2.164645,50.162319,428453.507536,428453.462003,0,1141,1,-3.568372,-0.586051,58.759327,0.159989,-0.130063,0.010968
428453.524634,-5.025723,-2.264094,49.908367,1.339481,-2.088337,50.311546,428453.524633,428453.478691,0,1142,1,-3.067147,-0.604835,58.901001,0.162968,-0.134876,0.023332
428453.540259,-4.546221,-2.259001,50.094498,1.907026,-2.120308,50.702793,428453.540258,428453.495378,0,1143,1,-2.585652,-0.690292,59.196316,0.171490,-0.141162,0.017747
428453.556233,-3.995018,-2.266199,50.185261,2.377590,-2.054289,50.657856,428453.556232,428453.512066,0,1144,1,-2.040715,-0.705896,59.231609,0.176019,-0.135165,0.025600
428453.572066,-3.500002,-2.251770,50.387688,2.912738,-2.030476,50.997570,428453.572065,428453.528754,0,1145,1,-1.677848,-0.486016,59.444458,0.153097,-0.152442,0.027406
428453.588564,-3.023535,-2.264942,50.209965,3.292379,-1.986955,50.747356,428453.588563,428453.545441,0,1146,1,-1.264138,-0.413865,59.217243,0.146252,-0.152878,0.032053
428453.603855,-2.575414,-2.279387,50.317085,3.770659,-1.969221,50.894604,428453.603855,428453.562129,0,1147,1,-0.986719,-0.271964,59.283901,0.129535,-0.172854,0.038470
428453.619737,-2.130093,-2.302238,50.182480,4.156901,-1.951691,50.727962,428453.619735,428453.578816,0,1148,1,-0.527181,-0.293517,59.145161,0.131252,-0.166172,0.043997
428453.637409,-1.725690,-2.348154,50.359234,4.531456,-1.918146,50.783718,428453.637408,428453.595504,0,1149,1,-0.164678,-0.237546,59.243237,0.123477,-0.167320,0.051057
428453.651971,-1.372502,-2.357154,50.347897,4.916693,-1.879909,50.913849,428453.651970,428453.612191,0,1150,1,0.213258,0.037060,59.243275,0.092913,-0.163552,0.059892
428453.667758,-0.997033,-2.371975,50.438866,5.326905,-1.901099,51.180813,428453.667758,428453.628879,0,1151,1,0.556872,-0.241179,59.474239,0.123025,-0.170865,0.055282
428453.683598,-0.699189,-2.348634,50.558743,5.558654,-1.817805,50.954254,428453.683597,428453.645566,0,1152,1,0.870416,-0.211266,59.434883,0.125231,-0.163358,0.061659
428453.700707,-0.439866,-2.316185,50.459740,5.815414,-1.753250,50.857086,428453.700706,428453.662254,0,1153,1,1.186391,-0.095018,59.332130,0.117152,-0.154843,0.067403
428453.715406,-0.179476,-2.297179,50.777088,6.083189,-1.748905,51.215645,428453.715405,428453.678941,0,1154,1,1.379003,-0.177024,59.677864,0.127983,-0.164449,0.063512
428453.731862,0.014071,-2.297520,50.712597,6.273710,-1.707991,51.180534,428453.731861,428453.695629,0,1155,1,1.571735,-0.150089,59.626770,0.127070,-0.163877,0.065217
428453.748221,0.161642,-2.288826,50.708157,6.538400,-1.662088,51.574879,428453.748221,428453.712316,0,1156,1,1.665210,-0.019008,59.777706,0.114057,-0.174533,0.073653
428453.764143,0.317540,-2.277217,50.824806,6.605559,-1.620855,51.201576,428453.764142,428453.729004,0,1157,1,1.931624,0.047188,59.669079,0.109626,-0.154933,0.078277
428453.780429,0.393361,-2.293087,51.058727,6.732616,-1.584854,51.537220,428453.780428,428453.745691,0,1158,1,2.024075,0.171391,59.925148,0.096004,-0.154082,0.083865
428453.795643,0.398343,-2.270409,50.784027,6.838661,-1.598920,51.713741,428453.795642,428453.762379,0,1159,1,2.019034,0.115907,59.879463,0.102815,-0.161970,0.081712
428453.811986,0.413455,-2.294293,50.990616,6.716524,-1.581064,51.177856,428453.811985,428453.779066,0,1160,1,2.080790,0.137103,59.729610,0.100258,-0.147549,0.084531
428453.829022,0.402999,-2.266176,50.876152,6.781268,-1.566130,51.689266,428453.829022,428453.795754,0,1161,1,1.935810,0.179923,59.891602,0.096481,-0.165853,0.090785
428453.860317,0.273272,-2.232381,50.647533,6.621779,-1.557327,51.192318,428453.860316,428453.812441,0,1162,1,1.883742,0.105609,59.568783,0.108261,-0.156497,0.086478
428453.876129,0.200061,-2.196432,50.657711,6.491973,-1.523638,51.095413,428453.876128,428453.828774,0,1163,1,1.719900,0.096168,59.524048,0.113125,-0.164108,0.085837
428453.891760,0.078685,-2.143827,50.879318,6.290915,-1.453751,51.107079,428453.891759,428453.845455,0,1164,1,1.531251,0.319850,59.597103,0.094143,-0.166214,0.088299
428453.908279,-0.130723,-2.037142,50.861965,6.131400,-1.345675,51.181183,428453.908278,428453.862135,0,1165,1,1.428462,0.680829,59.574451,0.065420,-0.156514,0.086600
428453.923674,-0.344875,-1.950633,50.650688,5.973585,-1.309593,51.240215,428453.923673,428453.878816,0,1166,1,1.317238,0.846604,59.482113,0.053800,-0.147971,0.084963
428453.939740,-0.695095,-1.906558,50.161785,5.686302,-1.276273,51.032181,428453.939739,428453.895496,0,1167,1,0.936657,1.090659,59.060211,0.029145,-0.153281,0.089640
428453.956414,-1.015233,-1.891852,50.485741,5.432128,-1.312511,50.959881,428453.956413,428453.912177,0,1168,1,0.867887,1.023298,59.241009,0.038261,-0.133458,0.071896
428453.971943,-1.379653,-1.883229,50.294167,5.084491,-1.336232,50.773510,428453.971943,428453.928857,0,1169,1,0.517982,1.067605,59.036846,0.032080,-0.131985,0.073875
428453.987354,-1.698799,-1.829124,50.295147,4.771515,-1.338692,50.690102,428453.987353,428453.945538,0,1170,1,0.231529,1.145568,58.983643,0.026886,-0.131800,0.063778
428454.003648,-2.058402,-1.808563,50.204990,4.470737,-1.400650,50.751678,428454.003647,428453.962219,0,1171,1,0.014691,1.121260,58.987152,0.028369,-0.121547,0.054470
428454.020201,-2.439309,-1.771437,50.010262,4.038800,-1.380468,50.408524,428454.020200,428453.978899,0,1172,1,-0.363973,1.112879,58.733826,0.032925,-0.119025,0.052316
428454.036686,-2.780569,-1.775405,50.509533,3.788022,-1.387396,50.770061,428454.036685,428453.995580,0,1173,1,-0.585588,1.204064,59.143005,0.022107,-0.111527,0.048317
428454.053658,-3.133561,-1.754228,50.586926,3.392968,-1.388206,50.495239,428454.053657,428454.012260,0,1174,1,-0.922851,1.168260,59.063843,0.027664,-0.107658,0.047027
428454.067873,-3.575822,-1.715240,50.492817,2.977500,-1.399553,50.278519,428454.067872,428454.028941,0,1175,1,-1.217727,1.227998,58.909039,0.022971,-0.093842,0.041127
428454.083714,-3.934472,-1.687834,50.335079,2.588342,-1.412740,50.125793,428454.083714,428454.045621,0,1176,1,-1.557270,1.096778,58.801388,0.039421,-0.091427,0.036481
428454.100328,-4.313194,-1.677977,50.391075,2.226781,-1.425537,50.110054,428454.100327,428454.062302,0,1177,1,-1.901557,1.144856,58.808685,0.033784,-0.088896,0.034903
428454.115876,-4.722635,-1.649178,50.377064,1.857772,-1.457032,50.027527,428454.115876,428454.078983,0,1178,1,-2.207737,1.141606,58.768940,0.034484,-0.081488,0.027881
428454.132323,-5.110354,-1.625545,50.233486,1.437535,-1.496906,49.758190,428454.132322,428454.095663,0,1179,1,-2.585437,1.111646,58.571663,0.037323,-0.080357,0.022008
428454.147613,-5.494418,-1.590070,50.309643,1.110826,-1.510064,49.985279,428454.147612,428454.112344,0,1180,1,-2.829945,1.157754,58.721283,0.033647,-0.069699,0.014998
428454.164453,-5.827429,-1.553789,50.182552,0.703700,-1.476331,49.877357,428454.164452,428454.129024,0,1181,1,-3.321040,1.187696,58.595509,0.034064,-0.083298,0.016792
428454.180402,-6.204573,-1.486589,50.160503,0.358108,-1.446972,49.894039,428454.180401,428454.145705,0,1182,1,-3.588102,1.245344,58.597706,0.033323,-0.074540,0.009902
428454.195346,-6.579463,-1.422912,49.930042,0.032065,-1.438464,50.180702,428454.195346,428454.162385,0,1183,1,-3.953007,1.178520,58.656567,0.045551,-0.078394,0.003039
428454.211402,-6.928020,-1.372398,50.010262,-0.357160,-1.430029,50.011475,428454.211401,428454.179066,0,1184,1,-4.256211,1.290683,58.591492,0.036013,-0.071402,0.001230
428454.243493,-7.285915,-1.325437,50.034466,-0.706043,-1.406243,50.021069,428454.243493,428454.195747,0,1185,1,-4.624692,1.323440,58.608124,0.036406,-0.073968,-0.001176
428454.259770,-7.588109,-1.301210,49.988186,-1.066585,-1.439298,49.902828,428454.259769,428454.212334,0,1186,1,-5.003247,1.084312,58.592373,0.063906,-0.081541,-0.008725
428454.275742,-7.923234,-1.265379,49.769577,-1.370265,-1.437815,50.198196,428454.275741,428454.229008,0,1187,1,-5.336659,1.112386,58.626965,0.063185,-0.086042,-0.017670
428454.292137,-8.210319,-1.248122,49.805798,-1.652555,-1.449815,50.071316,428454.292136,428454.245682,0,1188,1,-5.628810,1.142572,58.573132,0.060160,-0.088169,-0.021373
428454.307728,-8.504559,-1.231912,49.840698,-1.906871,-1.468278,50.314819,428454.307728,428454.262355,0,1189,1,-5.868870,1.036901,58.744507,0.072447,-0.086192,-0.028741
428454.324245,-8.710149,-1.215694,49.532299,-2.166509,-1.468037,50.144257,428454.324244,428454.279029,0,1190,1,-6.256675,0.955523,58.515968,0.082955,-0.103386,-0.026757
428454.339599,-8.977436,-1.189800,49.690548,-2.400579,-1.444693,50.083473,428454.339598,428454.295702,0,1191,1,-6.372873,1.061252,58.554482,0.073425,-0.088263,-0.027723
428454.356607,-9.162717,-1.167216,49.614841,-2.636326,-1.437161,50.120350,428454.356606,428454.312376,0,1192,1,-6.659466,0.849828,58.587765,0.099687,-0.097381,-0.030979
428454.372960,-9.404986,-1.129584,49.730286,-2.845531,-1.424236,49.930859,428454.372959,428454.329050,0,1193,1,-6.804628,1.094099,58.500454,0.074494,-0.089448,-0.033279
428454.387870,-9.580407,-1.106132,49.780163,-2.987535,-1.402708,49.984238,428454.387870,428454.345723,0,1194,1,-6.994686,1.018321,58.575848,0.085748,-0.091974,-0.030709
428454.403654,-9.711825,-1.085284,49.566860,-3.167621,-1.388886,49.813736,428454.403653,428454.362397,0,1195,1,-7.175279,1.118612,58.359768,0.076265,-0.095119,-0.030615
428454.420106,-9.866022,-1.060163,49.478695,-3.307048,-1.372831,49.970798,428454.420105,428454.379071,0,1196,1,-7.286717,1.183900,58.384876,0.071049,-0.091145,-0.030620
428454.436755,-10.022355,-1.042495,49.660507,-3.438142,-1.360544,49.894444,428454.436754,428454.395744,0,1197,1,-7.431324,1.170011,58.445484,0.074467,-0.091873,-0.032930
428454.453049,-10.102767,-1.067649,49.612919,-3.554766,-1.379236,49.909737,428454.453048,428454.412418,0,1198,1,-7.555051,1.035997,58.457161,0.087283,-0.093579,-0.030173
428454.468276,-10.166642,-1.057427,49.501366,-3.641777,-1.372945,50.003643,428454.468275,428454.429091,0,1199,1,-7.676494,1.009491,58.453327,0.091409,-0.099147,-0.031257
428454.484529,-10.250507,-1.055151,49.421757,-3.710011,-1.388683,49.784801,428454.484527,428454.445765,0,1200,1,-7.743055,1.007173,58.303814,0.090999,-0.098869,-0.033934
428454.499503,-10.329009,-1.045503,49.542561,-3.779900,-1.390228,49.732620,428454.499502,428454.462439,0,1201,1,-7.757204,0.899346,58.371063,0.103870,-0.093057,-0.039211
428454.515753,-10.383498,-1.027364,49.521946,-3.831071,-1.364834,49.808163,428454.515752,428454.479112,0,1202,1,-7.865237,0.929359,58.391907,0.102922,-0.098471,-0.035737
428454.532034,-10.412255,-1.009776,49.463982,-3.859475,-1.331933,49.912479,428454.532034,428454.495786,0,1203,1,-7.945930,0.977100,58.404884,0.100409,-0.104177,-0.034272
428454.548085,-10.426298,-0.973476,49.244541,-3.918574,-1.317109,49.681911,428454.548084,428454.512459,0,1204,1,-7.984460,0.951354,58.192181,0.106275,-0.104210,-0.034244
428454.565712,-10.490853,-0.969330,49.612400,-3.930923,-1.279496,49.876369,428454.565711,428454.529133,0,1205,1,-7.963221,1.072555,58.453999,0.094748,-0.098195,-0.036125
428454.579549,-10.492955,-0.962445,49.528614,-3.943607,-1.266423,49.808140,428454.579548,428454.545807,0,1206,1,-7.990631,0.962485,58.405647,0.108333,-0.098855,-0.031948
428454.595401,-10.517978,-0.963607,49.552849,-3.956844,-1.268203,49.577213,428454.595400,428454.562480,0,1207,1,-7.901162,1.077683,58.282692,0.094872,-0.087462,-0.034729
428454.611430,-10.525802,-0.974932,49.584534,-3.970206,-1.266707,49.571663,428454.611429,428454.579154,0,1208,1,-7.947652,0.988305,58.313778,0.104447,-0.090127,-0.030620
428454.643614,-10.466223,-1.002573,49.436153,-3.942090,-1.302938,49.585827,428454.643614,428454.595827,0,1209,1,-7.902754,0.793369,58.284504,0.123134,-0.090353,-0.033635
428454.659536,-10.505444,-1.005766,49.780743,-3.933632,-1.278904,49.675888,428454.659535,428454.612481,0,1210,1,-7.922233,0.854280,58.490150,0.117351,-0.090640,-0.032407
428454.675682,-10.454897,-1.001658,49.435421,-3.913808,-1.265644,49.584942,428454.675681,428454.629147,0,1211,1,-7.923360,0.841949,58.273792,0.119622,-0.093389,-0.027565
428454.692342,-10.417024,-1.008629,49.565773,-3.874367,-1.282823,49.652870,428454.692341,428454.645814,0,1212,1,-7.796295,0.761067,58.395153,0.127405,-0.083984,-0.031213
428454.708201,-10.412174,-1.009418,49.644711,-3.855016,-1.243008,49.485714,428454.708201,428454.662481,0,1213,1,-7.837610,0.799811,58.342731,0.125100,-0.088532,-0.025258
428454.723724,-10.367861,-0.985337,49.546734,-3.810983,-1.231359,49.280373,428454.723723,428454.679147,0,1214,1,-7.719419,0.981083,58.159260,0.106406,-0.080779,-0.026534
428454.740130,-10.328863,-1.004134,49.673416,-3.778243,-1.233250,49.348610,428454.740129,428454.695814,0,1215,1,-7.678430,0.812518,58.293377,0.124315,-0.078961,-0.023765
428454.755933,-10.280570,-1.005825,49.663979,-3.730148,-1.239087,49.240047,428454.755932,428454.712481,0,1216,1,-7.530054,1.050725,58.184246,0.096655,-0.068821,-0.026647
428454.772678,-10.197078,-1.029306,49.616669,-3.668946,-1.238505,49.323193,428454.772677,428454.729147,0,1217,1,-7.585886,0.692947,58.272564,0.136148,-0.081476,-0.022124
428454.789592,-10.173382,-1.039573,49.836403,-3.591284,-1.227761,49.448620,428454.789591,428454.745814,0,1218,1,-7.469541,0.855795,58.414467,0.117495,-0.073592,-0.019759
428454.804576,-10.098604,-1.054100,49.767418,-3.534078,-1.248126,49.363880,428454.804575,428454.762481,0,1219,1,-7.405185,0.813268,58.343147,0.120324,-0.073492,-0.018947
428454.819872,-10.006963,-1.082098,49.632442,-3.444548,-1.258943,49.536491,428454.819872,428454.779147,0,1220,1,-7.299042,0.851820,58.349823,0.113613,-0.070984,-0.016075
428454.835647,-9.914214,-1.099881,49.563248,-3.357482,-1.248350,49.543499,428454.835646,428454.795814,0,1221,1,-7.253447,0.809605,58.324543,0.117955,-0.075137,-0.012949
428454.851584,-9.826344,-1.115794,49.795444,-3.256114,-1.244834,49.635342,428454.851583,428454.812481,0,1222,1,-7.169098,0.883160,58.467415,0.108719,-0.075160,-0.008446
428454.867735,-9.729552,-1.108438,49.486443,-3.192511,-1.220748,49.449883,428454.867734,428454.829147,0,1223,1,-7.066696,0.822199,58.239468,0.117351,-0.071740,-0.005941
428454.884789,-9.684691,-1.095976,49.911247,-3.139805,-1.212647,49.415165,428454.884789,428454.845814,0,1224,1,-6.965191,0.892277,58.424236,0.110508,-0.065721,-0.005955
428454.899622,-9.604270,-1.094951,49.873745,-3.033378,-1.203973,49.532146,428454.899621,428454.862481,0,1225,1,-6.890386,0.921387,58.457088,0.107826,-0.068572,-0.008200
428454.916205,-9.495731,-1.107646,49.700794,-2.975024,-1.211263,49.668278,428454.916204,428454.879147,0,1226,1,-6.789810,0.767643,58.472534,0.124019,-0.064936,-0.003159
428454.932489,-9.416950,-1.126380,49.724499,-2.876551,-1.216754,49.519833,428454.932489,428454.895814,0,1227,1,-6.713534,0.697582,58.421883,0.130431,-0.064774,0.002258
428454.947568,-9.328761,-1.135937,49.532368,-2.785648,-1.239014,49.521690,428454.947567,428454.912481,0,1228,1,-6.634744,0.635009,58.335827,0.135812,-0.066708,-0.000364
428454.963782,-9.237961,-1.145911,49.627850,-2.692173,-1.221062,49.571053,428454.963781,428454.929147,0,1229,1,-6.503953,0.766045,58.383465,0.121217,-0.060881,0.004819
428454.980533,-9.121635,-1.162118,49.658562,-2.590955,-1.225172,49.649822,428454.980532,428454.945814,0,1230,1,-6.432763,0.799991,58.425915,0.116172,-0.065023,0.005641
428454.995814,-9.050512,-1.154877,49.829151,-2.511542,-1.204190,49.714245,428454.995814,428454.962481,0,1231,1,-6.347904,0.688348,58.571682,0.130549,-0.064556,0.003066
428455.028237,-8.951356,-1.128753,49.658920,-2.439249,-1.181830,49.741451,428455.028236,428454.979147,0,1232,1,-6.284560,0.685414,58.504425,0.133458,-0.065645,0.008346
428455.044040,-8.877666,-1.124209,49.695290,-2.356021,-1.155734,49.813839,428455.044039,428454.996402,0,1233,1,-6.207902,0.675307,58.563961,0.136297,-0.065484,0.009628
428455.059725,-8.802426,-1.104690,49.871655,-2.264500,-1.132849,49.817749,428455.059725,428455.013076,0,1234,1,-6.146475,0.954241,58.595520,0.107011,-0.068358,0.008896
428455.075823,-8.726468,-1.086457,49.915306,-2.159231,-1.122577,49.920738,428455.075822,428455.029749,0,1235,1,-6.015064,0.936364,58.679150,0.110654,-0.063348,0.009803
428455.091478,-8.651710,-1.096376,49.816219,-2.105616,-1.099267,49.691704,428455.091477,428455.046423,0,1236,1,-6.021442,0.833976,58.534908,0.122931,-0.070521,0.013123
428455.108808,-8.569567,-1.108771,49.929283,-1.996442,-1.132866,50.085300,428455.108807,428455.063096,0,1237,1,-5.919099,0.831595,58.784161,0.120704,-0.070653,0.009984
428455.124056,-8.482988,-1.125494,49.926350,-1.920349,-1.136220,49.905457,428455.124055,428455.079770,0,1238,1,-5.817995,0.825739,58.693256,0.120186,-0.067984,0.011318
428455.140328,-8.422524,-1.133537,49.836834,-1.877440,-1.136304,49.802727,428455.140327,428455.096444,0,1239,1,-5.755728,0.894217,58.581379,0.111825,-0.065909,0.014332
428455.156195,-8.344665,-1.147027,49.855576,-1.810701,-1.118791,49.890244,428455.156194,428455.113117,0,1240,1,-5.743029,0.746683,58.663502,0.128596,-0.071218,0.019849
428455.171852,-8.285467,-1.163322,49.843731,-1.746927,-1.103801,49.774754,428455.171851,428455.129791,0,1241,1,-5.661660,0.799246,58.589764,0.122442,-0.067969,0.023154
428455.188336,-8.244825,-1.144982,49.899601,-1.682938,-1.097672,50.103268,428455.188335,428455.146465,0,1242,1,-5.595992,0.819645,58.781128,0.121667,-0.067525,0.019295
428455.206144,-8.184116,-1.135145,49.962402,-1.615495,-1.065782,50.061207,428455.206143,428455.163138,0,1243,1,-5.590447,0.844289,58.786255,0.121077,-0.073462,0.022225
428455.219543,-8.119147,-1.128987,49.862968,-1.614428,-1.062787,49.899540,428455.219542,428455.179812,0,1244,1,-5.537119,0.818191,58.664021,0.124538,-0.070789,0.023378
428455.236094,-8.064864,-1.133109,49.864635,-1.526334,-1.042884,50.189205,428455.236094,428455.196485,0,1245,1,-5.507562,0.750085,58.822632,0.133045,-0.075056,0.025408
428455.252351,-8.040256,-1.137832,50.153072,-1.485863,-1.043892,50.147274,428455.252351,428455.213159,0,1246,1,-5.440883,0.909723,58.913063,0.114553,-0.070638,0.026819
428455.267887,-7.982793,-1.152633,49.913326,-1.471701,-1.062910,50.096245,428455.267886,428455.229833,0,1247,1,-5.427082,0.947780,58.753212,0.108291,-0.073388,0.026064
428455.284448,-7.960889,-1.170202,50.055363,-1.411145,-1.074599,50.142498,428455.284447,428455.246506,0,1248,1,-5.381010,0.957134,58.842072,0.105727,-0.074036,0.021928
428455.300027,-7.908716,-1.184579,49.989014,-1.366740,-1.091851,50.159225,428455.300024,428455.263180,0,1249,1,-5.320545,0.818250,58.846577,0.119550,-0.071095,0.027309
428455.315986,-7.892391,-1.209890,50.058052,-1.397147,-1.106220,50.044239,428455.315985,428455.279853,0,1250,1,-5.361755,0.844012,58.810577,0.114390,-0.075543,0.025552
428455.331865,-7.873709,-1.226918,49.988758,-1.370352,-1.088370,50.061291,428455.331865,428455.296527,0,1251,1,-5.359206,0.879844,58.774609,0.110000,-0.075615,0.033288
428455.347668,-7.876907,-1.237516,50.142921,-1.354718,-1.100242,50.121536,428455.347668,428455.313201,0,1252,1,-5.316700,0.925030,58.871468,0.103691,-0.071890,0.031501
428455.363992,-7.880449,-1.221957,50.174198,-1.322152,-1.086649,50.172382,428455.363991,428455.329874,0,1253,1,-5.314631,0.822082,58.938854,0.117107,-0.073649,0.030680
428455.380142,-7.855678,-1.222458,50.274261,-1.317489,-1.066691,50.181362,428455.380141,428455.346548,0,1254,1,-5.294858,0.877682,58.983318,0.111929,-0.073321,0.029695
428455.396196,-7.840614,-1.209648,49.814835,-1.299228,-1.065253,50.097046,428455.396195,428455.363222,0,1255,1,-5.352396,0.847288,58.713711,0.115900,-0.080641,0.034208
428455.427612,-7.827550,-1.220683,50.104855,-1.312812,-1.032884,50.120258,428455.427611,428455.379895,0,1256,1,-5.332036,1.044357,58.827816,0.094681,-0.078329,0.033492
428455.443804,-7.823442,-1.235874,50.175152,-1.255598,-1.064364,50.307682,428455.443803,428455.396372,0,1257,1,-5.274223,0.975676,58.970173,0.099954,-0.075498,0.032507
428455.459489,-7.820007,-1.237385,49.952030,-1.315629,-1.060402,49.976334,428455.459488,428455.413038,0,1258,1,-5.301032,0.940923,58.701748,0.103992,-0.074825,0.034281
428455.476399,-7.812271,-1.254620,49.829243,-1.300178,-1.080021,50.065067,428455.476398,428455.429705,0,1259,1,-5.342742,0.860154,58.694771,0.110881,-0.080170,0.037327
428455.492002,-7.839397,-1.265947,50.093647,-1.258535,-1.083750,50.314785,428455.492001,428455.446372,0,1260,1,-5.270503,0.957861,58.932384,0.099145,-0.073688,0.033432
428455.508661,-7.819373,-1.258069,49.892689,-1.307310,-1.077988,50.019238,428455.508660,428455.463038,0,1261,1,-5.350245,0.992688,58.671589,0.095717,-0.080482,0.036049
428455.523694,-7.808495,-1.274513,49.946049,-1.280094,-1.074810,50.157604,428455.523694,428455.479705,0,1262,1,-5.370454,1.049193,58.747913,0.088371,-0.084723,0.036977
428455.539934,-7.842883,-1.265831,50.027431,-1.299037,-1.086766,50.190479,428455.539933,428455.496372,0,1263,1,-5.447453,0.804461,58.858715,0.116148,-0.091205,0.035408
428455.556295,-7.849423,-1.250965,49.888050,-1.330769,-1.072276,49.991020,428455.556295,428455.513038,0,1264,1,-5.466379,1.064072,58.630245,0.088124,-0.090885,0.035912
428455.571788,-7.859125,-1.260647,50.129848,-1.332121,-1.062297,50.126801,428455.571787,428455.529705,0,1265,1,-5.418209,0.974164,58.846840,0.098573,-0.084951,0.035040
428455.587945,-7.885239,-1.247650,49.992447,-1.344703,-1.083819,49.995975,428455.587944,428455.546372,0,1266,1,-5.397630,0.940658,58.723507,0.102078,-0.080949,0.032953
428455.604219,-7.887125,-1.249112,49.928146,-1.358276,-1.077811,49.962234,428455.604218,428455.563038,0,1267,1,-5.343843,1.094653,58.641792,0.084725,-0.073135,0.034795
428455.621368,-7.888572,-1.257635,49.823505,-1.327776,-1.095695,50.318233,428455.621367,428455.579705,0,1268,1,-5.308002,0.925276,58.808266,0.102771,-0.071730,0.031610
428455.636158,-7.889895,-1.260051,49.912304,-1.345501,-1.075985,50.099922,428455.636157,428455.596372,0,1269,1,-5.320828,0.965220,58.735653,0.098960,-0.070424,0.037208
428455.652094,-7.927090,-1.255758,49.984447,-1.378402,-1.085655,50.125710,428455.652093,428455.613038,0,1270,1,-5.379785,0.926315,58.791439,0.103188,-0.074164,0.034070
428455.668232,-7.920453,-1.266814,49.838741,-1.396002,-1.094269,50.092899,428455.668231,428455.629705,0,1271,1,-5.500489,0.846222,58.708405,0.110985,-0.087355,0.034877
428455.683908,-7.916079,-1.270274,49.969479,-1.384901,-1.077433,50.026386,428455.683907,428455.646372,0,1272,1,-5.463696,0.895144,58.733376,0.106170,-0.083693,0.035761
428455.700017,-7.915167,-1.263160,49.920719,-1.385256,-1.091086,50.143574,428455.700016,428455.663038,0,1273,1,-5.421314,0.850421,58.781116,0.111118,-0.079800,0.032460
428455.716423,-7.955455,-1.229473,49.873653,-1.423813,-1.069618,49.850033,428455.716422,428455.679705,0,1274,1,-5.457545,0.996321,58.582825,0.097563,-0.079042,0.033517
428455.731929,-7.949865,-1.244726,49.841595,-1.384104,-1.055243,50.109890,428455.731928,428455.696372,0,1275,1,-5.506588,0.913328,58.710030,0.106768,-0.086722,0.035903
428455.747939,-7.937454,-1.251883,50.033211,-1.412298,-1.079189,50.003014,428455.747938,428455.713038,0,1276,1,-5.500675,0.859247,58.762726,0.111449,-0.086737,0.030444
428455.763776,-7.944515,-1.247373,49.772953,-1.423308,-1.089636,50.005459,428455.763775,428455.729705,0,1277,1,-5.517334,0.936385,58.614162,0.102176,-0.086870,0.032882
428455.779982,-7.949395,-1.259393,49.881496,-1.433754,-1.093311,49.996605,428455.779981,428455.746372,0,1278,1,-5.504797,0.890927,58.674896,0.106542,-0.084789,0.032046
428455.813571,-7.937915,-1.279457,49.722195,-1.416946,-1.147674,50.173874,428455.813571,428455.763038,0,1279,1,-5.471616,0.801874,58.697735,0.112611,-0.083411,0.029278
428455.827821,-7.924578,-1.339480,49.950768,-1.471038,-1.238103,49.926300,428455.827821,428455.780410,0,1280,1,-5.465372,0.380918,58.763092,0.152163,-0.082178,0.023029
428455.844323,-7.908363,-1.363794,49.765392,-1.478644,-1.284031,49.999565,428455.844322,428455.797084,0,1281,1,-5.535148,-0.018870,58.761585,0.193154,-0.090586,0.023812
428455.860706,-7.863217,-1.435902,49.863075,-1.449907,-1.347679,50.026752,428455.860706,428455.813758,0,1282,1,-5.476185,-0.287201,58.853230,0.215514,-0.087476,0.026541
428455.876278,-7.871392,-1.452892,49.955986,-1.421956,-1.380470,50.191097,428455.876277,428455.830431,0,1283,1,-5.492432,-0.347142,58.983692,0.219577,-0.091260,0.023247
428455.892423,-7.844377,-1.468166,49.821590,-1.461796,-1.408007,49.968452,428455.892423,428455.847105,0,1284,1,-5.556330,-0.571567,58.821571,0.242128,-0.097411,0.025497
428455.907668,-7.845429,-1.473266,49.790295,-1.444045,-1.409941,50.102341,428455.907667,428455.863778,0,1285,1,-5.546711,-0.555587,58.871082,0.239905,-0.097058,0.026391
428455.926000,-7.834958,-1.474929,49.875011,-1.405844,-1.393345,50.101849,428455.925999,428455.880452,0,1286,1,-5.511948,-0.537134,58.913143,0.238559,-0.095310,0.028844
428455.940569,-7.846687,-1.490416,50.056992,-1.390482,-1.432485,50.311180,428455.940569,428455.897126,0,1287,1,-5.512313,-0.435522,59.094685,0.224375,-0.096511,0.024382
428455.956386,-7.811801,-1.506764,49.821167,-1.379403,-1.445827,50.115658,428455.956385,428455.913799,0,1288,1,-5.572276,-0.594145,58.885693,0.240276,-0.105529,0.026785
428455.971933,-7.811175,-1.524943,49.901699,-1.343168,-1.463842,50.339378,428455.971932,428455.930473,0,1289,1,-5.546052,-0.662509,59.043499,0.245987,-0.105031,0.025089
428455.987950,-7.796999,-1.524855,49.924740,-1.367363,-1.448171,50.143784,428455.987949,428455.947146,0,1290,1,-5.535865,-0.547626,58.948238,0.234074,-0.103390,0.024480
428456.003639,-7.802956,-1.526641,49.670425,-1.371604,-1.472877,50.191383,428456.003638,428455.963820,0,1291,1,-5.534900,-0.487490,58.837494,0.225700,-0.101944,0.027648
428456.019665,-7.789330,-1.529640,49.780865,-1.333851,-1.469839,50.339561,428456.019664,428455.980494,0,1292,1,-5.504842,-0.578825,58.977173,0.236116,-0.102324,0.023928
428456.037061,-7.802503,-1.514974,49.855202,-1.365570,-1.472660,50.325069,428456.037060,428455.997167,0,1293,1,-5.543727,-0.462297,58.993225,0.223676,-0.103901,0.025137
428456.052603,-7.796494,-1.518912,49.807522,-1.312685,-1.458753,50.417782,428456.052603,428456.013841,0,1294,1,-5.533436,-0.534188,59.022228,0.232200,-0.105859,0.026296
428456.068036,-7.780689,-1.540839,49.904133,-1.331253,-1.464566,50.304592,428456.068035,428456.030514,0,1295,1,-5.515832,-0.588360,59.020229,0.236735,-0.103780,0.025928
428456.083824,-7.738623,-1.539978,49.764851,-1.279129,-1.472293,50.498695,428456.083823,428456.047188,0,1296,1,-5.505010,-0.586620,59.043129,0.235873,-0.106885,0.030605
428456.100326,-7.751556,-1.571912,49.774273,-1.251489,-1.496593,50.481255,428456.100325,428456.063862,0,1297,1,-5.414086,-0.626795,59.049297,0.237517,-0.098315,0.026144
428456.116134,-7.707839,-1.587385,49.643795,-1.259055,-1.487756,50.411430,428456.116133,428456.080535,0,1298,1,-5.474248,-0.608125,58.938534,0.234481,-0.105127,0.035661
428456.133811,-7.727729,-1.586608,49.712757,-1.242595,-1.488788,50.367905,428456.133810,428456.097209,0,1299,1,-5.384354,-0.594245,58.959492,0.233222,-0.095529,0.031613
428456.147595,-7.728839,-1.602044,49.895344,-1.218531,-1.487464,50.535870,428456.147594,428456.113883,0,1300,1,-5.474267,-0.594120,59.123196,0.232255,-0.106836,0.032987
428456.163946,-7.697408,-1.589475,49.916779,-1.196495,-1.484238,50.595882,428456.163945,428456.130556,0,1301,1,-5.486627,-0.641025,59.165119,0.238437,-0.111692,0.031503
428456.180006,-7.701735,-1.555196,49.814339,-1.193401,-1.473034,50.513378,428456.180005,428456.147230,0,1302,1,-5.491825,-0.760512,59.085274,0.254574,-0.113242,0.027180
428456.212318,-7.664687,-1.541470,49.785038,-1.157379,-1.411820,50.574841,428456.212317,428456.163903,0,1303,1,-5.464674,-0.583638,59.087372,0.238426,-0.112122,0.036756
428456.228753,-7.627414,-1.536817,49.811371,-1.157329,-1.409785,50.417355,428456.228752,428456.180579,0,1304,1,-5.407409,-0.571803,59.025421,0.237818,-0.108849,0.031565
428456.244146,-7.628652,-1.553509,49.853649,-1.163861,-1.447310,50.473171,428456.244146,428456.197253,0,1305,1,-5.407607,-0.578717,59.072823,0.235541,-0.108326,0.031951
428456.259907,-7.612419,-1.560595,49.675343,-1.131817,-1.454192,50.429501,428456.259906,428456.213927,0,1306,1,-5.425941,-0.648013,58.963142,0.242405,-0.112992,0.033065
428456.276361,-7.578584,-1.582347,49.743885,-1.108594,-1.467974,50.504215,428456.276361,428456.230600,0,1307,1,-5.504353,-0.549286,59.009449,0.229214,-0.124908,0.034339
428456.291885,-7.543156,-1.588193,49.707493,-1.077522,-1.484854,50.494774,428456.291884,428456.247274,0,1308,1,-5.432928,-0.665966,59.002361,0.240993,-0.120486,0.034816
428456.308038,-7.494962,-1.583501,49.630890,-1.026639,-1.444857,50.589340,428456.308037,428456.263947,0,1309,1,-5.439645,-0.577494,58.997353,0.233096,-0.125371,0.041585
428456.323521,-7.475904,-1.586793,49.872349,-0.995043,-1.458462,50.659451,428456.323521,428456.280621,0,1310,1,-5.389930,-0.676294,59.165394,0.243766,-0.124466,0.033441
428456.339791,-7.459535,-1.572874,49.760960,-0.966190,-1.400705,50.469311,428456.339790,428456.297295,0,1311,1,-5.359580,-0.591893,59.010876,0.237723,-0.121434,0.042879
428456.357223,-7.436162,-1.553434,49.851814,-0.938013,-1.401232,50.761349,428456.357222,428456.313968,0,1312,1,-5.309970,-0.539658,59.200954,0.233473,-0.120417,0.035052
428456.372039,-7.361703,-1.548725,49.622940,-0.897726,-1.357147,50.678349,428456.372039,428456.330642,0,1313,1,-5.453456,-0.565585,59.022530,0.238326,-0.141703,0.043328
428456.388394,-7.374744,-1.544044,49.751976,-0.891617,-1.370625,50.563946,428456.388393,428456.347315,0,1314,1,-5.207621,-0.435335,59.049030,0.223872,-0.114004,0.038452
428456.403753,-7.375647,-1.551905,49.728374,-0.883376,-1.369854,50.846855,428456.403752,428456.363989,0,1315,1,-5.362703,-0.456062,59.160015,0.225492,-0.131841,0.040355
428456.419403,-7.338277,-1.566858,49.696606,-0.889424,-1.391170,50.550354,428456.419402,428456.380663,0,1316,1,-5.388222,-0.578074,59.001221,0.237121,-0.136801,0.039781
428456.437107,-7.338337,-1.594080,49.922249,-0.865181,-1.403239,50.701309,428456.437107,428456.397336,0,1317,1,-5.333212,-0.540485,59.189587,0.230667,-0.131521,0.041061
428456.453372,-7.336305,-1.597852,49.881062,-0.865875,-1.394877,50.571976,428456.453371,428456.414010,0,1318,1,-5.378043,-0.471891,59.090485,0.222957,-0.135964,0.044251
428456.470173,-7.327409,-1.599042,49.936943,-0.841435,-1.400300,50.615997,428456.470173,428456.430684,0,1319,1,-5.300492,-0.647580,59.167206,0.242476,-0.129616,0.042140
428456.484354,-7.294894,-1.586135,49.944645,-0.842907,-1.378612,50.796261,428456.484354,428456.447357,0,1320,1,-5.370349,-0.475734,59.232899,0.224847,-0.138567,0.045285
428456.500539,-7.294765,-1.581618,49.896206,-0.810448,-1.367712,50.739384,428456.500538,428456.464031,0,1321,1,-5.355640,-0.533370,59.187183,0.232277,-0.139159,0.043791
428456.515704,-7.296854,-1.582234,49.791157,-0.835823,-1.380706,50.658356,428456.515703,428456.480704,0,1322,1,-5.360314,-0.633910,59.104919,0.242635,-0.137794,0.045690
428456.531535,-7.287133,-1.572632,49.848846,-0.814370,-1.361174,50.639221,428456.531534,428456.497378,0,1323,1,-5.347536,-0.542250,59.116089,0.234051,-0.138164,0.045087
428456.547876,-7.281479,-1.581678,49.759979,-0.768167,-1.355155,50.824532,428456.547875,428456.514052,0,1324,1,-5.327543,-0.515073,59.160400,0.230402,-0.137515,0.050806
428456.564122,-7.278053,-1.581795,49.896622,-0.783587,-1.382127,50.715950,428456.564121,428456.530725,0,1325,1,-5.269415,-0.614363,59.192410,0.240881,-0.132702,0.039831
428456.595517,-7.279748,-1.596612,49.932571,-0.815213,-1.361885,50.746147,428456.595516,428456.547399,0,1326,1,-5.360067,-0.464061,59.199184,0.223693,-0.139284,0.047699
428456.612165,-7.280370,-1.588803,49.764336,-0.818158,-1.375773,50.644669,428456.612164,428456.564215,0,1327,1,-5.343505,-0.617380,59.082954,0.240813,-0.138158,0.044100
428456.627553,-7.245378,-1.595271,49.724957,-0.795146,-1.395885,50.696503,428456.627552,428456.580896,0,1328,1,-5.352714,-0.607361,59.081226,0.238243,-0.142774,0.043023
428456.644910,-7.284855,-1.602363,49.908447,-0.802859,-1.372530,50.599194,428456.644910,428456.597576,0,1329,1,-5.357823,-0.529012,59.119762,0.230305,-0.140282,0.044318
428456.659952,-7.258499,-1.596621,50.009495,-0.763781,-1.381720,50.914875,428456.659951,428456.614257,0,1330,1,-5.355783,-0.621611,59.332882,0.240496,-0.144065,0.043624
428456.675931,-7.265339,-1.572283,49.769173,-0.820234,-1.349929,50.696053,428456.675930,428456.630937,0,1331,1,-5.427742,-0.468131,59.083935,0.226241,-0.148120,0.045694
428456.692703,-7.282214,-1.566298,49.879490,-0.767716,-1.359960,50.639893,428456.692703,428456.647618,0,1332,1,-5.245321,-0.572817,59.146088,0.238136,-0.129871,0.043022
428456.707617,-7.246044,-1.552592,49.999756,-0.766667,-1.339926,50.804958,428456.707617,428456.664299,0,1333,1,-5.310765,-0.512067,59.272297,0.233083,-0.139363,0.043622
428456.724386,-7.261639,-1.560985,49.964645,-0.763816,-1.348718,50.865509,428456.724385,428456.680979,0,1334,1,-5.304503,-0.534146,59.288277,0.234523,-0.137665,0.044764
428456.739990,-7.270027,-1.550063,49.843182,-0.797522,-1.330157,50.541336,428456.739989,428456.697660,0,1335,1,-5.291734,-0.429922,59.060577,0.224698,-0.134160,0.042648
428456.755965,-7.296077,-1.504938,50.104771,-0.796073,-1.313403,50.723373,428456.755964,428456.714340,0,1336,1,-5.275403,-0.395763,59.286037,0.224648,-0.131759,0.038748
428456.772009,-7.351572,-1.442991,50.352081,-0.825139,-1.209653,50.636684,428456.772008,428456.731021,0,1337,1,-5.245325,-0.113912,59.351101,0.202315,-0.122928,0.040163
428456.788268,-7.428424,-1.380288,50.530891,-0.834253,-1.130098,50.608578,428456.788267,428456.747701,0,1338,1,-5.267660,0.407310,59.355793,0.151483,-0.119712,0.042013
428456.803746,-7.430838,-1.320549,50.097176,-0.826976,-1.031024,50.550900,428456.803745,428456.764382,0,1339,1,-5.295420,0.554677,59.092999,0.143256,-0.121237,0.049058
428456.819734,-7.458193,-1.297987,50.394657,-0.806719,-0.983836,50.732147,428456.819733,428456.781063,0,1340,1,-5.258317,1.012695,59.243519,0.094980,-0.115473,0.051071
428456.836316,-7.421871,-1.284569,50.351639,-0.838679,-0.962265,50.595516,428456.836316,428456.797743,0,1341,1,-5.275314,0.885644,59.185787,0.111319,-0.117213,0.053314
428456.852934,-7.453073,-1.254642,50.347652,-0.823119,-0.948689,50.715237,428456.852933,428456.814424,0,1342,1,-5.224278,0.893022,59.254486,0.113429,-0.111852,0.048233
428456.868407,-7.471986,-1.235841,50.202728,-0.840415,-0.921684,50.465893,428456.868406,428456.831104,0,1343,1,-5.314237,1.005887,59.027016,0.102813,-0.119367,0.050846
428456.884417,-7.478455,-1.247811,50.414677,-0.815346,-0.968209,50.781204,428456.884416,428456.847785,0,1344,1,-5.227336,1.061962,59.279755,0.093657,-0.112253,0.044092
428456.899769,-7.503736,-1.248216,50.244556,-0.866150,-0.940664,50.456871,428456.899768,428456.864465,0,1345,1,-5.313724,1.089339,59.022907,0.091585,-0.116115,0.049967
428456.915727,-7.490070,-1.255730,50.261070,-0.865590,-0.957870,50.557129,428456.915726,428456.881146,0,1346,1,-5.291369,0.988116,59.105160,0.101876,-0.114758,0.048849
428456.931808,-7.521680,-1.269946,50.200134,-0.867248,-1.000684,50.684582,428456.931807,428456.897827,0,1347,1,-5.211692,0.992177,59.142303,0.098670,-0.104988,0.043846
428456.948990,-7.525056,-1.279494,50.163403,-0.904426,-1.006134,50.416618,428456.948989,428456.914507,0,1348,1,-5.367206,0.932156,58.985775,0.104152,-0.119684,0.047605
428456.964186,-7.544212,-1.292091,50.367863,-0.858196,-1.002657,50.814175,428456.964185,428456.931188,0,1349,1,-5.276874,0.965034,59.287605,0.100061,-0.110796,0.047262
428456.995463,-7.533377,-1.262740,50.143501,-0.887200,-0.984106,50.541454,428456.995462,428456.947868,0,1350,1,-5.260447,1.070730,59.021931,0.090680,-0.107379,0.048465
428457.011934,-7.545238,-1.253631,50.138874,-0.890767,-0.960088,50.517845,428457.011933,428456.964376,0,1351,1,-5.273904,0.979565,59.033638,0.103000,-0.108139,0.048540
428457.028078,-7.505966,-1.235951,50.059128,-0.914993,-0.931298,50.418095,428457.028077,428456.981049,0,1352,1,-5.297344,1.000870,58.940540,0.102951,-0.110826,0.051664
428457.043813,-7.525911,-1.223851,50.025547,-0.884270,-0.941556,50.623356,428457.043812,428456.997723,0,1353,1,-5.250524,1.025090,59.025848,0.100510,-0.106558,0.049678
428457.059729,-7.534209,-1.217943,50.111118,-0.933452,-0.962436,50.411083,428457.059729,428457.014397,0,1354,1,-5.262775,1.002995,58.967987,0.102590,-0.106478,0.043522
428457.076246,-7.571887,-1.244896,50.264267,-0.901490,-0.958532,50.655067,428457.076245,428457.031070,0,1355,1,-5.335062,1.085185,59.134979,0.091484,-0.113421,0.047119
428457.091601,-7.551575,-1.262084,50.374142,-0.925072,-0.992206,50.554768,428457.091600,428457.047744,0,1356,1,-5.304685,1.100729,59.133331,0.086942,-0.110074,0.045718
428457.108249,-7.545193,-1.291924,50.483280,-0.955886,-1.026833,50.414917,428457.108248,428457.064417,0,1357,1,-5.249708,1.039951,59.133259,0.090436,-0.102611,0.044545
428457.123406,-7.583067,-1.299845,50.250130,-0.940533,-1.011307,50.448833,428457.123406,428457.081091,0,1358,1,-5.321821,1.169816,58.993496,0.075708,-0.109082,0.046276
428457.139441,-7.571742,-1.291496,50.149021,-1.006849,-1.032958,50.176559,428457.139440,428457.097765,0,1359,1,-5.360481,1.072263,58.829372,0.086132,-0.110440,0.046347
428457.157171,-7.571060,-1.286078,50.083168,-0.927076,-1.020807,50.683018,428457.157171,428457.114438,0,1360,1,-5.345965,1.010399,59.064373,0.094242,-0.113787,0.045397
428457.171990,-7.579885,-1.261785,49.981007,-0.959503,-0.999529,50.414566,428457.171989,428457.131112,0,1361,1,-5.371126,0.986597,58.889973,0.099582,-0.114413,0.045192
428457.188418,-7.609487,-1.251611,50.169621,-0.948602,-0.963709,50.546055,428457.188417,428457.147785,0,1362,1,-5.353261,1.199687,59.004932,0.077653,-0.110267,0.047860
428457.204433,-7.566491,-1.233200,50.103546,-0.965404,-0.952664,50.445419,428457.204432,428457.164459,0,1363,1,-5.378307,1.033026,58.963146,0.098457,-0.115198,0.046810
428457.219774,-7.601290,-1.221168,50.102844,-0.978350,-0.942879,50.361809,428457.219773,428457.181133,0,1364,1,-5.318698,1.057160,58.928028,0.097292,-0.106259,0.044104
428457.236184,-7.613159,-1.234569,50.118706,-0.955426,-0.986001,50.517590,428457.236183,428457.197806,0,1365,1,-5.311810,1.035916,59.012280,0.096593,-0.106605,0.042400
428457.251825,-7.605120,-1.274263,50.437077,-0.947224,-0.994942,50.502750,428457.251825,428457.214480,0,1366,1,-5.279108,1.092326,59.146603,0.087046,-0.101908,0.048220
428457.268507,-7.592986,-1.282821,50.387798,-0.938734,-1.011194,50.677937,428457.268506,428457.231154,0,1367,1,-5.270124,1.050579,59.216885,0.090648,-0.103323,0.044160
428457.284418,-7.593418,-1.274473,50.464787,-0.965770,-1.001284,50.436993,428457.284417,428457.247827,0,1368,1,-5.267982,1.129570,59.118752,0.082824,-0.102274,0.041353
428457.299471,-7.598872,-1.259992,50.090904,-0.977870,-1.020465,50.402458,428457.299470,428457.264501,0,1369,1,-5.370140,0.891863,58.961636,0.109368,-0.112224,0.045074
428457.316127,-7.569638,-1.267118,50.189709,-0.941209,-0.988578,50.592747,428457.316126,428457.281174,0,1370,1,-5.372834,0.888107,59.105434,0.111051,-0.116002,0.046399
428457.332094,-7.605858,-1.246815,50.258465,-0.963825,-0.986421,50.430275,428457.332093,428457.297848,0,1371,1,-5.312023,1.010320,59.043282,0.098585,-0.105512,0.045979
428457.347641,-7.594327,-1.231477,50.305111,-0.961967,-0.962639,50.437946,428457.347640,428457.314522,0,1372,1,-5.348584,1.054405,59.059185,0.095808,-0.111143,0.043948
428457.379390,-7.593994,-1.241988,50.317043,-0.924034,-0.978605,50.547916,428457.379389,428457.331195,0,1373,1,-5.329663,0.994158,59.131618,0.101163,-0.111074,0.044380
428457.395723,-7.588539,-1.228281,50.119419,-0.923267,-0.965040,50.473598,428457.395722,428457.348181,0,1374,1,-5.270397,1.015666,59.000465,0.100350,-0.104375,0.044878
428457.411551,-7.598049,-1.246496,50.185097,-0.977508,-0.971877,50.287857,428457.411551,428457.364861,0,1375,1,-5.342181,1.054079,58.923164,0.094424,-0.108949,0.044996
428457.428133,-7.571049,-1.246686,50.406498,-0.945316,-0.977566,50.461872,428457.428132,428457.381542,0,1376,1,-5.351681,0.993647,59.130165,0.100970,-0.113762,0.044296
428457.444410,-7.600732,-1.264183,50.480228,-0.954594,-0.983917,50.458340,428457.444410,428457.398222,0,1377,1,-5.309455,1.036418,59.159382,0.094677,-0.105729,0.046943
428457.460722,-7.595279,-1.266314,50.296616,-0.995734,-1.003775,50.187599,428457.460720,428457.414903,0,1378,1,-5.339246,1.036156,58.928101,0.093646,-0.108235,0.043215
428457.475733,-7.575959,-1.277772,50.233082,-0.942272,-1.000640,50.583538,428457.475732,428457.431584,0,1379,1,-5.356694,0.977327,59.101154,0.099669,-0.113946,0.045253
428457.492555,-7.624842,-1.262229,50.333447,-0.991627,-1.002465,50.292225,428457.492554,428457.448264,0,1380,1,-5.298168,1.086604,58.993061,0.088325,-0.102144,0.042481
428457.508562,-7.610102,-1.251470,50.210606,-0.964926,-1.002188,50.526619,428457.508561,428457.464945,0,1381,1,-5.413818,1.032614,59.047218,0.094931,-0.118363,0.041604
428457.523640,-7.644039,-1.259697,50.631153,-0.956405,-0.989244,50.529297,428457.523639,428457.481625,0,1382,1,-5.337499,1.073109,59.260357,0.090684,-0.107704,0.042413
428457.540024,-7.603675,-1.252750,50.475147,-0.974634,-0.975554,50.388161,428457.540023,428457.498306,0,1383,1,-5.348184,1.066291,59.113483,0.092412,-0.109313,0.045531
428457.555744,-7.587915,-1.241528,50.162354,-0.949192,-0.993320,50.484409,428457.555743,428457.514986,0,1384,1,-5.305127,1.078048,59.004131,0.090862,-0.107298,0.043490
428457.571156,-7.586011,-1.263494,50.299568,-0.952043,-0.990285,50.430340,428457.571155,428457.531667,0,1385,1,-5.301811,1.036738,59.054146,0.094400,-0.106280,0.045483
428457.587886,-7.581652,-1.290602,50.372990,-0.958872,-1.061572,50.420475,428457.587885,428457.548348,0,1386,1,-5.282753,0.865204,59.117855,0.108729,-0.105477,0.040545
428457.605892,-7.504835,-1.381854,50.478329,-0.958597,-1.156262,50.374031,428457.605891,428457.565028,0,1387,1,-5.314275,0.435017,59.211060,0.147179,-0.114812,0.037003
428457.619565,-7.434143,-1.437301,50.353268,-0.941510,-1.212089,50.395832,428457.619564,428457.581709,0,1388,1,-5.259174,0.070326,59.215145,0.181763,-0.112340,0.042360
