CaptureTime, Camera1Left2D.x, Camera1Left2D.y, Camera1Right2D.x, Camera1Right2D.y, Camera2Left2D.x, Camera2Left2D.y, Camera2Right2D.x, Camera2Right2D.y, Left3D.x, Left3D.y, Left3D.z, Right3D.x, Right3D.y, Right3D.z, frameNumber
428451.651312852, 246.218353271, 205.968627930, 306.487731934, 207.091537476, 376.789428711, 222.384002686, 436.228637695, 223.718780518, -75.636901855, -16.371938705, 513.427734375, -10.981687546, -15.142212868, 517.678649902, 1031
428451.667993420, 246.170822144, 206.315780640, 306.729339600, 207.253402710, 377.243988037, 222.770965576, 436.807067871, 224.174957275, -75.348098755, -15.906107903, 511.120330811, -10.688344955, -14.762741089, 516.120788574, 1032
428451.684673987, 246.483276367, 206.325256348, 306.412445068, 207.371978760, 377.136901855, 222.712890625, 436.539154053, 224.151855469, -75.296592712, -15.990330696, 513.037536621, -11.025880814, -14.704669952, 515.885925293, 1033
428451.701354554, 246.512756348, 206.212203979, 306.634368896, 207.300994873, 377.126556396, 222.694091797, 436.176147461, 223.771514893, -75.291679382, -16.066759109, 513.216491699, -10.841345787, -15.025918007, 518.618652344, 1034
428451.718035121, 246.572311401, 206.176391602, 306.759246826, 207.085433960, 377.042114258, 222.762619019, 436.713256836, 224.220886230, -75.324996948, -16.069002151, 513.874877930, -10.668560028, -14.844733238, 516.683654785, 1035
428451.734715688, 246.517181396, 206.101165771, 306.669525146, 207.186370850, 377.053710938, 222.600463867, 436.593017578, 223.795700073, -75.339141846, -16.188016891, 513.572448730, -10.766718864, -15.024999619, 516.843017578, 1036
428451.751396255, 246.772216797, 205.778320312, 306.765808105, 206.950347900, 377.191253662, 222.408294678, 436.579589844, 223.752807617, -75.144027710, -16.482351303, 514.101867676, -10.673562050, -15.190839767, 517.346496582, 1037
428451.768076822, 246.507141113, 205.882934570, 306.558715820, 206.799362183, 377.101745605, 222.263366699, 436.555114746, 223.465087891, -75.310646057, -16.479669571, 513.310424805, -10.879830360, -15.404684067, 516.497070312, 1038
428451.784757389, 246.729431152, 205.748413086, 306.673797607, 206.879547119, 377.375549316, 222.329467773, 436.975280762, 223.882919312, -75.036758423, -16.508470535, 513.057067871, -10.727238655, -15.094272614, 515.083801270, 1039
428451.801437956, 246.804321289, 205.937011719, 306.852416992, 206.866882324, 377.570648193, 222.265594482, 436.970886230, 223.697860718, -74.875953674, -16.424489975, 512.510986328, -10.550925255, -15.225632668, 515.941650391, 1040
428451.818118524, 247.098068237, 205.653289795, 307.158508301, 206.893341064, 377.792358398, 222.392745972, 437.428436279, 224.150924683, -74.608398438, -16.517967224, 512.815856934, -10.207655907, -14.945986748, 515.242065430, 1041
428451.834799091, 246.995407104, 205.640747070, 307.112304688, 206.841979980, 377.966369629, 222.301239014, 437.502288818, 223.567840576, -74.533569336, -16.534416199, 511.552429199, -10.244565010, -15.273733139, 514.711059570, 1042
428451.851479658, 247.323715210, 205.706481934, 307.666473389, 207.103729248, 377.869567871, 222.124206543, 437.564208984, 223.457061768, -74.465881348, -16.656112671, 513.505371094, -9.687643051, -15.257791519, 517.022338867, 1043
428451.868160225, 247.716644287, 205.598083496, 307.768402100, 206.691268921, 378.125671387, 222.073699951, 437.805297852, 223.466461182, -74.134643555, -16.761388779, 514.121887207, -9.566799164, -15.457678795, 516.365295410, 1044
428451.884669150, 248.080413818, 205.181488037, 308.409210205, 206.453155518, 378.800384521, 221.808105469, 438.672302246, 223.616363525, -73.537063599, -17.082777023, 512.670166016, -8.856582642, -15.475142479, 515.339111328, 1045
428451.901342764, 249.018310547, 204.890808105, 309.261077881, 206.134155273, 379.145263672, 221.095748901, 438.461303711, 222.665557861, -72.919158936, -17.715053558, 515.399780273, -8.009419441, -16.314212799, 520.340209961, 1046
428451.918016378, 249.707809448, 204.770309448, 309.958557129, 205.979278564, 380.339691162, 221.546966553, 440.090698242, 223.052047729, -71.847579956, -17.456512451, 513.017639160, -7.190177441, -16.056314468, 516.024597168, 1047
428451.934689992, 250.734420776, 204.618133545, 310.820983887, 206.227523804, 381.251403809, 221.165161133, 440.769042969, 223.116928101, -70.818717957, -17.761816025, 513.525817871, -6.266394615, -15.912766457, 516.928649902, 1048
428451.951363606, 251.903442383, 204.385055542, 312.238220215, 206.480102539, 382.252990723, 221.286499023, 441.796234131, 223.238754272, -69.666923523, -17.846389771, 514.250854492, -4.745705128, -15.764051437, 518.821594238, 1049
428451.968037220, 253.249313354, 204.426971436, 313.462158203, 206.526824951, 383.689208984, 221.128540039, 442.849365234, 223.253692627, -68.163589478, -17.894186020, 513.804382324, -3.418663025, -15.754781723, 519.688232422, 1050
428451.984710834, 254.714538574, 204.005172729, 314.710632324, 206.274780273, 385.117309570, 220.770843506, 444.737030029, 222.653656006, -66.610435486, -18.319690704, 513.937133789, -2.044061899, -16.130475998, 516.808471680, 1051
428452.001384448, 256.089721680, 203.751098633, 316.426147461, 206.141525269, 386.700866699, 220.505249023, 446.396575928, 222.777282715, -65.009956360, -18.565368652, 512.945800781, -0.184821129, -16.144641876, 517.157592773, 1052
428452.018058062, 258.178955078, 203.666839600, 318.209564209, 206.146850586, 388.252136230, 220.274536133, 448.130065918, 222.863311768, -63.072360992, -18.822513580, 515.394714355, 1.751417994, -16.103324890, 517.494628906, 1053
428452.034731676, 259.946166992, 203.047088623, 320.156433105, 205.824264526, 390.187377930, 219.954696655, 449.964233398, 222.564987183, -61.074089050, -19.301012039, 514.572570801, 3.870235920, -16.458341599, 518.137512207, 1054
428452.051405290, 261.966278076, 202.631805420, 322.403259277, 205.827499390, 391.886474609, 219.349166870, 451.586639404, 222.273345947, -59.069892883, -19.908363342, 516.039978027, 6.351778030, -16.708335876, 521.206726074, 1055
428452.068078904, 264.041198730, 202.129821777, 324.549102783, 205.646697998, 394.309692383, 218.772994995, 453.473571777, 221.915512085, -56.651947021, -20.429246902, 514.403747559, 8.722067833, -17.043754578, 522.575683594, 1056
428452.084752518, 266.708374023, 201.995574951, 326.717346191, 205.690856934, 397.325134277, 218.642623901, 456.445556641, 222.129333496, -53.614337921, -20.508045197, 512.776306152, 11.021827698, -16.785413742, 518.965454102, 1057
428452.101426132, 269.030883789, 201.879486084, 329.620910645, 205.825225830, 399.627502441, 218.405456543, 458.974060059, 221.584136963, -51.132385254, -20.701280594, 512.862609863, 14.240304947, -17.068140030, 520.953186035, 1058
428452.118099746, 271.807006836, 201.658843994, 331.903564453, 205.832916260, 401.736907959, 218.076538086, 460.872894287, 221.628707886, -48.442951202, -21.120168686, 515.941223145, 16.797571182, -17.099370956, 522.922485352, 1059
428452.134773360, 274.802673340, 201.524505615, 334.707458496, 205.977233887, 405.008148193, 217.628173828, 463.828247070, 221.618637085, -45.097549438, -21.383951187, 514.686828613, 19.854661942, -17.005935669, 522.436157227, 1060
428452.151446974, 277.735778809, 201.169036865, 337.280792236, 206.062408447, 408.021057129, 217.518066406, 466.488769531, 221.617965698, -41.909343719, -21.619626999, 514.329284668, 22.665239334, -16.949317932, 522.237304688, 1061
428452.168120588, 280.670043945, 200.810546875, 340.004333496, 205.392807007, 411.095214844, 217.217864990, 469.253662109, 221.030578613, -38.703105927, -21.948400497, 513.716979980, 25.647111893, -17.634246826, 522.259155273, 1062
428452.184794202, 283.818420410, 200.647460938, 342.960266113, 205.472152710, 413.822753906, 216.782196045, 471.885986328, 220.983688354, -35.451557159, -22.354951859, 515.719055176, 28.981014252, -17.670084000, 524.033630371, 1063
428452.201467816, 286.525939941, 200.212448120, 345.625000000, 205.076934814, 417.281829834, 216.767944336, 474.996093750, 220.660797119, -32.311943054, -22.449409485, 512.301025391, 31.792322159, -17.997043610, 522.167419434, 1064
428452.218141430, 289.307250977, 200.476776123, 348.750091553, 204.965118408, 420.230224609, 216.579071045, 478.179870605, 220.290069580, -29.285095215, -22.377603531, 511.625701904, 35.211761475, -18.255580902, 522.178710938, 1065
428452.234815044, 292.269226074, 200.223861694, 351.357513428, 204.961959839, 423.725341797, 216.549850464, 481.959899902, 221.139923096, -25.989751816, -22.425582886, 509.286376953, 37.677558899, -17.614387512, 516.954467773, 1066
428452.251488658, 295.423217773, 200.300338745, 354.188354492, 205.318466187, 426.684417725, 216.694824219, 483.934509277, 220.888656616, -22.665437698, -22.346366882, 510.263977051, 41.076816559, -17.692190170, 521.186889648, 1067
428452.268580036, 298.206848145, 200.068527222, 357.055908203, 205.570785522, 429.701965332, 216.740203857, 487.288024902, 221.241195679, -19.650474548, -22.401933670, 509.298278809, 44.034629822, -17.292007446, 519.200500488, 1068
428452.285260603, 300.602050781, 199.817901611, 359.571624756, 205.574737549, 432.938110352, 216.387695312, 490.346862793, 221.315368652, -16.968587875, -22.561687469, 505.644866943, 46.562210083, -17.171380997, 516.941284180, 1069
428452.301941170, 303.725097656, 199.653564453, 362.281921387, 205.521514893, 435.383239746, 216.066650391, 492.922485352, 221.188461304, -13.740558624, -22.956325531, 508.807952881, 49.574638367, -17.292123795, 517.813537598, 1070
428452.318621738, 305.969360352, 199.403076172, 365.133392334, 205.612335205, 438.137634277, 215.444183350, 496.043457031, 221.411300659, -11.295094490, -23.322158813, 506.653198242, 52.560859680, -17.085519791, 516.847778320, 1071
428452.335302305, 308.917846680, 198.798751831, 367.402465820, 205.386077881, 440.277191162, 215.218627930, 497.538024902, 220.517517090, -8.222843170, -23.933286667, 510.401428223, 55.417129517, -17.813077927, 520.645263672, 1072
428452.351982872, 311.091064453, 198.540740967, 369.762329102, 205.551498413, 442.853698730, 214.764755249, 500.302246094, 219.992706299, -5.875109196, -24.232452393, 508.714477539, 57.807010651, -17.948316574, 519.042907715, 1073
428452.368663439, 313.315429688, 198.393646240, 371.413391113, 205.571807861, 445.058959961, 214.761230469, 503.134399414, 220.743255615, -3.502868652, -24.319330215, 508.915924072, 58.990299225, -17.354049683, 513.803649902, 1074
428452.385344006, 315.283508301, 198.389801025, 373.505218506, 205.669860840, 446.449951172, 214.580688477, 504.350433350, 220.789062500, -1.408012867, -24.543266296, 511.632110596, 61.729755402, -17.409870148, 517.975097656, 1075
428452.402024573, 317.336242676, 198.256149292, 375.436126709, 205.777328491, 448.309326172, 214.545166016, 506.388916016, 221.182403564, 0.796686828, -24.678211212, 512.625305176, 63.775009155, -17.124820709, 517.658447266, 1076
428452.418705140, 318.531799316, 198.223663330, 376.932952881, 205.990478516, 450.131683350, 214.672088623, 508.030029297, 220.977279663, 2.070661545, -24.494855881, 509.864410400, 65.330169678, -17.100589752, 517.166320801, 1077
428452.435385707, 319.820556641, 198.217498779, 378.395263672, 206.406097412, 451.438171387, 214.436981201, 509.749511719, 221.414825439, 3.450417280, -24.622234344, 509.876312256, 66.774017334, -16.604042053, 516.143005371, 1078
428452.452066274, 321.018615723, 198.279479980, 379.556396484, 206.435607910, 452.799896240, 214.614379883, 510.824890137, 221.115829468, 4.725393772, -24.460979462, 509.214935303, 68.092048645, -16.762763977, 516.658264160, 1079
428452.468746842, 322.008972168, 198.121459961, 380.648437500, 206.990341187, 453.678527832, 214.315795898, 511.238616943, 220.997711182, 5.790493488, -24.730482101, 509.785797119, 69.705314636, -16.624954224, 519.897155762, 1080
428452.485427409, 322.605072021, 198.310714722, 381.554443359, 206.772506714, 454.604431152, 214.179687500, 512.194091797, 221.842926025, 6.411650181, -24.632902145, 508.367370605, 70.654739380, -16.278320312, 519.706420898, 1081
428452.502107976, 323.028167725, 197.954757690, 381.748229980, 206.869430542, 454.621337891, 214.128173828, 512.576171875, 221.235992432, 6.886100769, -24.938053131, 510.196441650, 70.757362366, -16.528245926, 518.895263672, 1082
428452.518788543, 322.974853516, 198.091598511, 381.246215820, 206.922409058, 454.969787598, 214.244812012, 512.512695312, 221.384063721, 6.805105686, -24.716182709, 508.398315430, 69.937126160, -16.356876373, 516.844848633, 1083
428452.535469110, 321.810913086, 198.205261230, 379.731628418, 206.796371460, 454.139465332, 214.408905029, 511.886230469, 221.859344482, 5.546402454, -24.495645523, 506.837951660, 67.752502441, -16.044656754, 512.672973633, 1084
428452.552149677, 321.183837891, 198.312988281, 379.486328125, 206.826461792, 453.607971191, 214.493774414, 511.564880371, 222.054107666, 4.875284195, -24.372283936, 506.375457764, 67.530563354, -15.934407234, 512.982666016, 1085
428452.568830244, 320.089294434, 198.231658936, 378.429077148, 206.760665894, 452.625732422, 214.168182373, 510.748382568, 221.742370605, 3.709456682, -24.563463211, 505.820526123, 66.250968933, -16.102617264, 511.817413330, 1086
428452.585510811, 318.988952637, 198.039184570, 377.076751709, 206.855407715, 451.078186035, 214.154632568, 509.705566406, 221.860137939, 2.550430536, -24.766345978, 507.723236084, 64.618354797, -15.945722580, 510.314422607, 1087
428452.602191379, 317.538757324, 198.373046875, 375.552001953, 206.660583496, 449.721618652, 214.093811035, 508.381469727, 222.071807861, 1.006430864, -24.599506378, 507.235931396, 62.864643097, -15.908408165, 509.263305664, 1088
428452.618871946, 315.724304199, 198.079711914, 373.659362793, 206.322631836, 448.074035645, 214.064056396, 507.389526367, 221.993438721, -0.924276292, -24.733102798, 506.375366211, 60.359405518, -16.006080627, 505.129150391, 1089
428452.635552513, 313.612976074, 198.106414795, 371.542907715, 206.225677490, 445.932067871, 213.976440430, 505.522644043, 221.159210205, -3.167119741, -24.769479752, 506.394073486, 57.988815308, -16.460763931, 503.879394531, 1090
428452.652233080, 311.103027344, 197.871627808, 369.077362061, 205.931930542, 442.844573975, 213.646728516, 502.627532959, 220.091537476, -5.861627579, -25.192174911, 508.831054688, 55.582328796, -17.237371445, 505.541229248, 1091
428452.668925349, 308.049072266, 198.051681519, 366.396728516, 205.645263672, 440.203002930, 213.873657227, 500.052185059, 220.298385620, -9.086372375, -24.882261276, 506.831054688, 52.673835754, -17.261302948, 504.808288574, 1092
428452.685612876, 304.659912109, 198.025680542, 363.417968750, 205.156768799, 436.591308594, 213.890228271, 497.495605469, 220.064483643, -12.711016655, -24.931724548, 507.656402588, 49.323368073, -17.576620102, 502.690643311, 1093
428452.702300402, 301.538757324, 197.721191406, 360.310394287, 204.384307861, 433.519104004, 213.867065430, 494.049804688, 219.457824707, -16.024410248, -25.092414856, 507.288055420, 46.163536072, -18.350214005, 503.852081299, 1094
428452.718987928, 297.661987305, 197.783172607, 356.814941406, 204.164215088, 429.420989990, 214.183074951, 490.699157715, 219.622833252, -20.183166504, -24.935356140, 508.111145020, 42.397731781, -18.352333069, 502.889373779, 1095
428452.735675454, 293.796997070, 197.521102905, 353.217834473, 203.581588745, 425.420104980, 214.150512695, 486.322448730, 218.486022949, -24.324472427, -25.119300842, 508.577087402, 38.852172852, -19.380119324, 505.975158691, 1096
428452.752362980, 289.631439209, 197.583526611, 349.152191162, 203.233688354, 421.712249756, 213.971374512, 483.217041016, 218.001205444, -28.642469406, -25.080110550, 506.419006348, 34.238014221, -19.655014038, 501.455657959, 1097
428452.769050506, 285.166381836, 197.382247925, 344.854980469, 202.747406006, 416.771911621, 214.061126709, 478.173828125, 216.969696045, -33.514667511, -25.241374969, 508.429138184, 29.898170471, -20.575695038, 504.338348389, 1098
428452.785738032, 280.383850098, 197.637817383, 340.200988770, 202.712020874, 412.173675537, 213.984344482, 473.099243164, 216.718627930, -38.538639069, -25.105543137, 507.534912109, 25.053430557, -20.794824600, 505.799468994, 1099
428452.802425558, 275.083068848, 197.810882568, 334.909118652, 202.057617188, 407.393676758, 214.004699707, 467.916107178, 216.573150635, -43.963531494, -24.890279770, 505.162597656, 19.404300690, -21.191213608, 504.875701904, 1100
428452.819113084, 269.713378906, 197.961791992, 329.754089355, 201.478683472, 402.499877930, 214.477828979, 463.010192871, 216.560104370, -49.429553986, -24.458932877, 503.024993896, 13.902008057, -21.451271057, 503.371704102, 1101
428452.835800610, 264.738708496, 198.186492920, 324.746826172, 200.920562744, 397.048278809, 215.107391357, 457.307617188, 216.560699463, -54.892753601, -24.107961655, 505.143890381, 8.657727242, -21.867984772, 506.037353516, 1102
428452.852488136, 258.898681641, 198.599090576, 319.358703613, 200.284912109, 392.284118652, 215.487594604, 452.123229980, 216.491256714, -60.488681793, -23.472354889, 500.464569092, 2.927091599, -22.195995331, 504.759063721, 1103
428452.869175662, 253.383636475, 199.220382690, 314.252380371, 200.116333008, 386.643737793, 215.664428711, 446.984954834, 215.710784912, -66.335296631, -23.083402634, 501.138366699, -2.477710724, -22.699426651, 504.617767334, 1104
428452.885863188, 247.786178589, 199.766098022, 309.094177246, 200.051940918, 381.327484131, 215.890258789, 441.550720215, 216.257354736, -72.027107239, -22.629350662, 500.070159912, -7.956374645, -22.491130829, 505.524230957, 1105
428452.902550715, 242.252319336, 200.327484131, 303.190612793, 199.520324707, 375.809173584, 216.692352295, 435.925903320, 216.173950195, -77.807731628, -21.916358948, 500.183624268, -14.176615715, -22.756904602, 503.990966797, 1106
428452.919238241, 236.895721436, 201.016693115, 298.382629395, 199.370758057, 370.341644287, 217.318084717, 431.372070312, 216.207946777, -83.498703003, -21.253307343, 500.897308350, -19.209749222, -22.764396667, 502.667083740, 1107
428452.935925767, 231.408248901, 201.665893555, 293.151184082, 199.070053101, 365.463439941, 218.070434570, 426.795043945, 216.152740479, -88.781066895, -20.417352676, 498.496429443, -24.575439453, -22.820604324, 499.621246338, 1108
428452.952613293, 226.546310425, 202.294235229, 288.650665283, 199.060241699, 360.356079102, 218.613693237, 421.478149414, 215.802124023, -94.061950684, -19.853729248, 499.840270996, -29.489576340, -23.169639587, 503.067840576, 1109
428452.969300819, 221.597152710, 203.021530151, 283.783996582, 199.299987793, 355.954589844, 219.321456909, 417.108520508, 215.087127686, -98.774459839, -19.020124435, 497.755096436, -34.461032867, -23.321489334, 500.821868896, 1110
428452.985988345, 217.294006348, 203.754928589, 280.036132812, 199.236572266, 351.872009277, 220.051483154, 413.069580078, 215.433380127, -103.068710327, -18.228797913, 497.082733154, -38.485630035, -23.229396820, 502.014495850, 1111
428453.002675871, 213.476974487, 203.728668213, 275.898132324, 199.022705078, 348.007202148, 220.865478516, 409.687011719, 215.772430420, -107.091567993, -17.829372406, 497.530914307, -42.549964905, -23.013076782, 498.652191162, 1112
428453.019363397, 209.797058105, 204.414062500, 272.472869873, 198.993408203, 344.897796631, 221.342041016, 406.064514160, 215.491790771, -110.386322021, -17.147140503, 495.347473145, -46.200988770, -23.215656281, 499.497497559, 1113
428453.036050923, 206.757507324, 204.994140625, 269.313018799, 199.242034912, 341.805358887, 221.726409912, 403.217376709, 215.674072266, -113.600997925, -16.659425735, 495.818267822, -49.367290497, -22.929203033, 498.137512207, 1114
428453.052876408, 203.786743164, 205.648895264, 266.585632324, 199.325561523, 338.854583740, 222.575164795, 400.330261230, 216.049301147, -116.674125671, -15.879388809, 495.963653564, -52.280975342, -22.720483780, 498.823791504, 1115
428453.069570899, 201.623687744, 206.110046387, 264.559753418, 199.327087402, 336.713500977, 223.205245972, 398.234130859, 216.593414307, -118.904823303, -15.312156677, 496.041900635, -54.427501678, -22.447717667, 499.118103027, 1116
428453.086265390, 199.437835693, 206.841735840, 262.593994141, 199.108245850, 334.678100586, 223.670989990, 396.292053223, 216.610946655, -121.026519775, -14.675284386, 495.588043213, -56.467453003, -22.549324036, 499.023651123, 1117
428453.102959881, 198.002120972, 206.699920654, 261.398864746, 198.823303223, 333.474853516, 223.711715698, 394.745361328, 216.108062744, -122.274322510, -14.701167107, 494.708374023, -57.891860962, -23.033039093, 500.581451416, 1118
428453.119654371, 196.939804077, 206.633880615, 260.134704590, 198.761901855, 332.687866211, 223.840576172, 393.895355225, 216.297210693, -123.084327698, -14.636156082, 493.616668701, -59.001483917, -22.884786606, 498.781738281, 1119
428453.136348862, 196.411499023, 206.709716797, 259.285827637, 198.543426514, 331.843505859, 223.786376953, 392.933654785, 216.208618164, -123.972091675, -14.664983749, 495.021484375, -59.945674896, -23.068311691, 499.280426025, 1120
428453.153043353, 196.097534180, 206.587615967, 259.409851074, 198.596221924, 331.551116943, 223.719940186, 392.499694824, 215.495849609, -124.275306702, -14.760568619, 494.955413818, -60.109027863, -23.528802872, 501.752777100, 1121
428453.169737844, 196.250656128, 206.655319214, 259.222595215, 198.480499268, 331.579956055, 223.856170654, 392.590179443, 216.230514526, -124.249595642, -14.669484138, 495.472808838, -60.158679962, -23.145214081, 500.501434326, 1122
428453.186432335, 196.867309570, 206.497039795, 259.677368164, 198.814208984, 332.119506836, 223.906463623, 393.157836914, 215.925399780, -123.689155579, -14.733314514, 495.742309570, -59.624229431, -23.108972549, 500.026519775, 1123
428453.203126825, 197.923446655, 206.487152100, 261.039367676, 198.828109741, 333.123840332, 224.024414062, 394.256042480, 216.749176025, -122.643310547, -14.681221008, 495.866851807, -58.334300995, -22.717279434, 501.127288818, 1124
428453.219821316, 199.196762085, 206.614227295, 262.388122559, 199.153793335, 334.450134277, 224.259643555, 395.408813477, 216.247344971, -121.260147095, -14.483832359, 495.522247314, -57.018898010, -22.849557877, 502.005828857, 1125
428453.236515807, 201.100753784, 206.394409180, 264.590423584, 199.484283447, 335.894348145, 223.792358398, 397.046234131, 216.802154541, -119.757049561, -14.895729065, 497.354309082, -54.979286194, -22.489915848, 504.470275879, 1126
428453.253210298, 203.134216309, 206.199340820, 266.300109863, 199.787078857, 338.073913574, 223.528976440, 399.212493896, 216.683654785, -117.483268738, -15.112905502, 496.552947998, -52.962760925, -22.304273605, 502.455078125, 1127
428453.269904789, 205.703598022, 205.887496948, 268.620452881, 199.601135254, 340.478851318, 222.964157104, 402.135345459, 215.959030151, -114.969619751, -15.587309837, 497.063385010, -50.258956909, -22.667741776, 499.830657959, 1128
428453.286599279, 208.439193726, 205.571899414, 271.209808350, 199.270202637, 343.353759766, 221.923507690, 405.196990967, 215.756637573, -111.981956482, -16.272693634, 496.271057129, -47.357402802, -22.854372025, 497.778778076, 1129
428453.303293770, 211.531433105, 205.283935547, 274.078094482, 199.055358887, 346.339843750, 221.452026367, 408.329589844, 215.838531494, -108.862823486, -16.678010941, 496.499816895, -44.270160675, -22.871192932, 496.641265869, 1130
428453.319988261, 214.952484131, 204.876953125, 277.875671387, 199.534576416, 350.144287109, 221.055297852, 411.674438477, 216.068176270, -104.949661255, -17.035438538, 494.600067139, -40.484008789, -22.588249207, 498.636596680, 1131
428453.336682752, 218.880233765, 204.491668701, 281.103820801, 199.283569336, 353.656433105, 220.923431396, 415.542907715, 215.433074951, -101.240379333, -17.357076645, 496.108398438, -36.911125183, -22.928211212, 495.943786621, 1132
428453.353377243, 222.764984131, 204.162643433, 285.269378662, 199.091903687, 357.985443115, 220.239257812, 419.282928467, 215.769882202, -96.828117371, -17.812292099, 493.963684082, -32.709629059, -22.935167313, 497.828582764, 1133
428453.370071733, 227.009689331, 203.803466797, 289.522735596, 199.226806641, 361.631347656, 220.379394531, 423.323455811, 216.580932617, -92.915771484, -18.008504868, 496.265136719, -28.331796646, -22.481367111, 498.822204590, 1134
428453.386766224, 232.382492065, 203.175384521, 294.276428223, 199.627899170, 366.437316895, 219.676269531, 428.071533203, 216.922698975, -87.764770508, -18.784440994, 498.434814453, -23.368499756, -22.095527649, 498.993896484, 1135
428453.403460715, 237.410705566, 202.818084717, 299.651062012, 199.952987671, 371.363861084, 219.296066284, 432.411224365, 217.504760742, -82.591705322, -19.180030823, 498.637512207, -17.912288666, -21.815017700, 503.691070557, 1136
428453.420155206, 242.211761475, 202.280609131, 304.461608887, 199.810058594, 376.120971680, 218.737518311, 437.249938965, 217.704086304, -77.611587524, -19.755317688, 498.631774902, -12.832598686, -21.783273697, 503.760864258, 1137
428453.436849697, 247.189010620, 201.431732178, 309.157928467, 199.889816284, 381.208801270, 218.302780151, 441.744750977, 217.366729736, -72.348892212, -20.401622772, 497.964263916, -7.884668350, -21.962343216, 504.896331787, 1138
428453.452988391, 252.151779175, 200.899993896, 314.335784912, 200.559127808, 386.209228516, 217.890472412, 447.162719727, 217.676910400, -67.157760620, -20.883499146, 497.659179688, -2.393933296, -21.404703140, 504.140930176, 1139
428453.469675917, 257.580749512, 200.147583008, 319.218933105, 200.563018799, 391.682312012, 217.263427734, 452.491149902, 217.616729736, -61.483863831, -21.591829300, 497.353973389, 2.762877703, -21.358787537, 502.493225098, 1140
428453.486363443, 262.813903809, 199.649536133, 324.008850098, 200.105316162, 396.826538086, 216.662445068, 457.550537109, 217.445800781, -56.084609985, -22.179758072, 497.675537109, 7.797885418, -21.646453857, 501.623199463, 1141
428453.503050969, 268.554077148, 199.088867188, 329.288269043, 201.062606812, 402.231384277, 216.458374023, 462.576019287, 218.037719727, -50.257228851, -22.640943527, 499.083648682, 13.394810677, -20.883371353, 503.115447998, 1142
428453.519738495, 273.308197021, 199.389862061, 334.525360107, 201.207061768, 406.563171387, 216.408691406, 467.016479492, 217.574371338, -45.462211609, -22.590007782, 500.944976807, 19.070259094, -21.203079224, 507.027923584, 1143
428453.536426021, 278.632934570, 199.524200439, 338.968933105, 202.145431519, 411.694030762, 216.209350586, 471.649414062, 217.827575684, -39.950176239, -22.661985397, 501.852600098, 23.775901794, -20.542890549, 506.578552246, 1144
428453.553113547, 283.475952148, 199.835372925, 343.827514648, 202.450408936, 416.095520020, 216.334823608, 475.831237793, 218.205017090, -35.000015259, -22.517700195, 503.876861572, 29.127376556, -20.304759979, 509.975708008, 1145
428453.569801073, 287.887634277, 199.594696045, 347.531585693, 202.951889038, 420.932617188, 216.171844482, 480.175659180, 218.323425293, -30.235349655, -22.649415970, 502.099639893, 32.923793793, -19.869548798, 507.473541260, 1146
428453.586488600, 292.195190430, 199.777145386, 351.929565430, 203.260559082, 425.028747559, 215.798919678, 484.330078125, 218.437057495, -25.754138947, -22.793874741, 503.170837402, 37.706588745, -19.692211151, 508.946014404, 1147
428453.603176126, 296.362121582, 199.443084717, 355.685394287, 203.270965576, 429.533874512, 215.578247070, 488.538085938, 218.623687744, -21.300926208, -23.022382736, 501.824798584, 41.569011688, -19.516906738, 507.279602051, 1148
428453.619863652, 300.263610840, 198.863891602, 359.168334961, 203.643005371, 433.062133789, 215.432800293, 491.967864990, 218.908599854, -17.256895065, -23.481540680, 503.592346191, 45.314556122, -19.181459427, 507.837158203, 1149
428453.636551178, 303.602172852, 198.990036011, 362.678588867, 204.061752319, 436.463714600, 215.118896484, 495.257812500, 219.284301758, -13.725023270, -23.571537018, 503.478973389, 49.166931152, -18.799085617, 509.138488770, 1150
428453.653238704, 307.173522949, 198.916870117, 366.269531250, 204.433578491, 439.867187500, 214.982955933, 498.334167480, 218.680343628, -9.970334053, -23.719751358, 504.388641357, 53.269046783, -19.010986328, 511.808105469, 1151
428453.669926230, 310.003967285, 199.145690918, 368.669128418, 205.103424072, 442.457702637, 215.291595459, 501.295257568, 219.408432007, -6.991888523, -23.486333847, 505.587402344, 55.586536407, -18.178047180, 509.542541504, 1152
428453.686613756, 312.440917969, 199.336791992, 371.188201904, 205.611129761, 445.147766113, 215.621459961, 504.088256836, 220.040771484, -4.398659706, -23.161848068, 504.597381592, 58.154144287, -17.532497406, 508.570861816, 1153
428453.703301282, 314.910003662, 199.746429443, 373.307952881, 206.025375366, 446.933441162, 215.830734253, 505.450866699, 219.924011230, -1.794758201, -22.971790314, 507.770874023, 60.831893921, -17.489046097, 512.156433105, 1154
428453.719988808, 316.728332520, 199.529418945, 375.130920410, 206.478912354, 448.917358398, 215.983001709, 507.394287109, 220.205230713, 0.140712261, -22.975202560, 507.125946045, 62.737094879, -17.079910278, 511.805328369, 1155
428453.736676334, 318.114562988, 199.694503784, 377.143646240, 206.946746826, 450.334472656, 215.973388672, 508.571044922, 220.820785522, 1.616418004, -22.888261795, 507.081542969, 65.384002686, -16.620878220, 515.748779297, 1156
428453.753363860, 319.573608398, 199.775070190, 378.218505859, 207.011749268, 451.550109863, 216.203826904, 510.496215820, 221.303131104, 3.175398111, -22.772172928, 508.248046875, 66.055587769, -16.208553314, 512.015747070, 1157
428453.770051386, 320.269775391, 199.486206055, 379.000335693, 207.227050781, 451.728576660, 216.388031006, 510.542694092, 221.947860718, 3.933611393, -22.930873871, 510.587249756, 67.326164246, -15.848544121, 515.372192383, 1158
428453.786738912, 320.336059570, 199.620162964, 379.770202637, 207.200714111, 452.410980225, 216.451278687, 510.940277100, 221.808990479, 3.983431578, -22.704090118, 507.840270996, 68.386611938, -15.989203453, 517.137390137, 1159
428453.803426439, 320.461608887, 199.550399780, 379.290100098, 207.126678467, 452.076995850, 216.244064331, 511.639343262, 221.916000366, 4.134548187, -22.942932129, 509.906158447, 67.165237427, -15.810637474, 511.778564453, 1160
428453.820113965, 320.371215820, 199.893798828, 379.268890381, 207.301986694, 452.243896484, 216.332077026, 510.478607178, 222.304183960, 4.029993534, -22.661756516, 508.761505127, 67.812675476, -15.661298752, 516.892639160, 1161
428453.836801491, 319.167419434, 200.121627808, 378.385192871, 207.206878662, 451.537536621, 216.554794312, 510.679901123, 222.292022705, 2.732718468, -22.323812485, 506.475311279, 66.217788696, -15.573272705, 511.923156738, 1162
428453.853134064, 318.477172852, 200.570602417, 377.282348633, 207.615020752, 450.816772461, 216.791854858, 509.774627686, 222.463867188, 2.000607729, -21.964319229, 506.577087402, 64.919731140, -15.236374855, 510.954132080, 1163
428453.869814631, 317.332397461, 201.107467651, 375.382904053, 208.032226562, 449.156921387, 217.420379639, 507.804443359, 223.369491577, 0.786845326, -21.438266754, 508.793182373, 62.909152985, -14.537511826, 511.070770264, 1164
428453.886495198, 315.370483398, 202.102325439, 373.801940918, 209.068511963, 447.207763672, 218.415283203, 506.025634766, 224.396392822, -1.307225347, -20.371417999, 508.619628906, 61.313999176, -13.456750870, 511.811828613, 1165
428453.903175765, 313.351440430, 202.726226807, 372.261413574, 209.157226562, 445.635314941, 219.267181396, 504.315124512, 225.015991211, -3.448750496, -19.506326675, 506.506866455, 59.735847473, -13.095926285, 512.402160645, 1166
428453.919856332, 309.991394043, 203.117401123, 369.793701172, 209.140975952, 443.349853516, 219.369323730, 502.256683350, 225.569213867, -6.950946331, -19.065580368, 501.617858887, 56.863018036, -12.762728691, 510.321807861, 1167
428453.936536899, 307.012939453, 203.239837646, 367.477142334, 209.150787354, 439.593811035, 219.758666992, 500.060302734, 224.851409912, -10.152330399, -18.918518066, 504.857391357, 54.321277618, -13.125113487, 509.598815918, 1168
428453.953217466, 303.521850586, 203.402160645, 364.389770508, 208.522888184, 436.503662109, 219.633026123, 497.321472168, 224.956939697, -13.796529770, -18.832286835, 502.941650391, 50.844909668, -13.362317085, 507.735076904, 1169
428453.969898033, 300.498229980, 203.839889526, 361.513183594, 208.571868896, 433.446136475, 220.225921631, 494.575439453, 224.829498291, -16.987995148, -18.291244507, 502.951477051, 47.715152740, -13.386919975, 506.901000977, 1170
428453.986578601, 297.055603027, 203.895904541, 358.624725342, 207.944610596, 430.176116943, 220.505004883, 491.483276367, 224.329559326, -20.584022522, -18.085624695, 502.049896240, 44.707374573, -14.006500244, 507.516784668, 1171
428454.003259168, 293.346313477, 204.359832764, 354.814453125, 208.097808838, 426.887268066, 220.622680664, 488.380126953, 224.395050049, -24.393085480, -17.714370728, 500.102600098, 40.388000488, -13.804679871, 504.085235596, 1172
428454.019939735, 290.353881836, 204.494979858, 352.180358887, 208.253021240, 422.735290527, 220.742782593, 484.867889404, 224.297714233, -27.805685043, -17.754049301, 505.095306396, 37.880214691, -13.873956680, 507.700592041, 1173
428454.036620302, 287.064819336, 204.770141602, 348.638671875, 208.036041260, 419.253356934, 220.920288086, 481.878417969, 224.372070312, -31.335607529, -17.542278290, 505.869262695, 33.929679871, -13.882061958, 504.952392578, 1174
428454.053300869, 282.829345703, 205.167648315, 344.832214355, 207.829559326, 415.210754395, 221.202392578, 478.493835449, 224.263916016, -35.758220673, -17.152399063, 504.928161621, 29.775001526, -13.995531082, 502.785186768, 1175
428454.069981436, 279.322448730, 205.280517578, 341.214050293, 207.577056885, 412.046142578, 221.512329102, 475.156982422, 224.196929932, -39.344718933, -16.878335953, 503.350769043, 25.883422852, -14.127395630, 501.257934570, 1176
428454.086662003, 275.773681641, 205.465866089, 337.780059814, 207.396423340, 408.363159180, 221.550872803, 471.693206787, 224.135055542, -43.131942749, -16.779769897, 503.910736084, 22.267810822, -14.255368233, 501.100524902, 1177
428454.103342570, 271.879028320, 205.681640625, 334.298400879, 206.936065674, 404.494262695, 221.873336792, 468.336181641, 223.961090088, -47.226348877, -16.491777420, 503.770629883, 18.577714920, -14.570315361, 500.275268555, 1178
428454.120023138, 268.060180664, 205.925582886, 330.368957520, 206.306549072, 401.001708984, 221.992797852, 464.962768555, 223.690795898, -51.103538513, -16.255451202, 502.334838867, 14.375351906, -14.969055176, 497.581878662, 1179
428454.136703705, 264.483489990, 206.097900391, 327.190856934, 206.216735840, 397.253021240, 222.538177490, 461.198730469, 223.664474487, -54.944179535, -15.900699615, 503.096405029, 11.108260155, -15.100634575, 499.852783203, 1180
428454.153384272, 261.174072266, 206.506713867, 323.324096680, 206.409484863, 394.241149902, 222.744689941, 457.519042969, 224.064819336, -58.274288177, -15.537884712, 501.825500488, 7.037003994, -14.763308525, 498.773559570, 1181
428454.170064839, 257.550048828, 207.002685547, 320.020202637, 206.774215698, 390.676879883, 223.511474609, 454.126953125, 224.276733398, -62.045726776, -14.865887642, 501.605010986, 3.581077099, -14.469721794, 498.940399170, 1182
428454.186745406, 253.677780151, 207.601165771, 316.903381348, 207.062362671, 387.349487305, 224.001098633, 450.303100586, 224.309555054, -65.794631958, -14.229121208, 499.300415039, 0.320647001, -14.384636879, 501.807006836, 1183
428454.203425973, 250.436874390, 208.097351074, 313.198425293, 206.800598145, 383.942962646, 224.508407593, 446.932220459, 224.650192261, -69.280197144, -13.723980904, 500.102600098, -3.571596861, -14.300292015, 500.114746094, 1184
428454.220106540, 247.037094116, 208.476928711, 309.876831055, 206.881469727, 380.509399414, 225.033935547, 443.542968750, 225.033615112, -72.859153748, -13.254368782, 500.344665527, -7.060427666, -14.062433243, 500.210693359, 1185
428454.236694375, 244.068572998, 208.787963867, 306.417449951, 206.594665527, 377.671142578, 225.161788940, 440.316894531, 224.633773804, -75.881088257, -13.012101173, 499.881866455, -10.665848732, -14.392974854, 499.028259277, 1186
428454.253367989, 240.513717651, 208.910995483, 303.592712402, 206.875274658, 374.646331787, 225.617889404, 436.782958984, 224.542419434, -79.232345581, -12.653789520, 497.695770264, -13.702648163, -14.378147125, 501.981964111, 1187
428454.270041603, 237.797470093, 209.091522217, 300.873077393, 206.674667358, 371.873046875, 225.783569336, 434.325897217, 224.452011108, -82.103179932, -12.481222153, 498.057952881, -16.525554657, -14.498149872, 500.713165283, 1188
428454.286715217, 235.012496948, 209.226379395, 298.538116455, 206.766357422, 369.036621094, 225.973510742, 431.414672852, 224.143707275, -85.045585632, -12.319118500, 498.406982422, -19.068710327, -14.682784081, 503.148193359, 1189
428454.303388831, 232.500778198, 209.512451172, 296.009155273, 206.604644775, 367.269836426, 225.858642578, 429.251312256, 224.221893311, -87.101486206, -12.156936646, 495.322967529, -21.665090561, -14.680368423, 501.442565918, 1190
428454.320062445, 230.180145264, 209.691772461, 293.755981445, 206.783813477, 364.608245850, 226.245529175, 427.119079590, 224.456481934, -89.774360657, -11.898002625, 496.905456543, -24.005792618, -14.446928978, 500.834716797, 1191
428454.336736059, 228.247055054, 209.927597046, 291.528350830, 207.025131226, 362.875366211, 226.409225464, 424.793334961, 224.380416870, -91.627166748, -11.672155380, 496.148406982, -26.363256454, -14.371605873, 501.203491211, 1192
428454.353409673, 226.104232788, 210.367401123, 289.435241699, 207.032272339, 360.494689941, 226.739257812, 423.120941162, 224.521606445, -94.049858093, -11.295839310, 497.302856445, -28.455312729, -14.242362022, 499.308593750, 1193
428454.370083287, 224.496063232, 210.545288086, 288.110931396, 207.037826538, 358.792663574, 227.029724121, 421.661224365, 224.955673218, -95.804069519, -11.061317444, 497.801635742, -29.875349045, -14.027078629, 499.842376709, 1194
428454.386756901, 222.816009521, 210.780120850, 286.289154053, 207.050994873, 357.630950928, 227.108215332, 420.221618652, 225.119857788, -97.118247986, -10.852835655, 495.668609619, -31.676212311, -13.888860703, 498.137359619, 1195
428454.403430515, 221.143722534, 210.879074097, 285.053649902, 207.193542480, 356.186096191, 227.455810547, 418.615570068, 225.365112305, -98.660217285, -10.601629257, 494.786926270, -33.070476532, -13.728304863, 499.707977295, 1196
428454.420104129, 219.975570679, 211.116668701, 283.751007080, 207.341217041, 354.613891602, 227.627990723, 417.483642578, 225.414215088, -100.223548889, -10.424948692, 496.605072021, -34.381416321, -13.605442047, 498.944427490, 1197
428454.436777743, 219.099212646, 210.804321289, 282.646697998, 207.053405762, 353.860229492, 227.438339233, 416.336791992, 225.354400635, -101.027671814, -10.676489830, 496.129180908, -35.547660828, -13.792357445, 499.097351074, 1198
428454.453451357, 218.253509521, 210.922714233, 281.879516602, 207.188049316, 353.287475586, 227.472457886, 415.351013184, 225.387969971, -101.666419983, -10.574273109, 495.013641357, -36.417766571, -13.729449272, 500.036407471, 1199
428454.470124971, 217.272583008, 211.013885498, 281.071350098, 207.086914062, 352.509094238, 227.394012451, 415.046875000, 225.077789307, -102.505073547, -10.551510811, 494.217559814, -37.100112915, -13.886833191, 497.848022461, 1200
428454.486798585, 216.751068115, 211.132736206, 280.360778809, 207.324127197, 351.714477539, 227.507690430, 414.459686279, 224.784698486, -103.290092468, -10.455024719, 495.425598145, -37.798999786, -13.902275085, 497.326202393, 1201
428454.503472199, 216.177902222, 211.212402344, 279.927947998, 207.293075562, 351.196899414, 227.768066406, 413.844604492, 225.340240479, -103.834983826, -10.273638725, 495.219451904, -38.310710907, -13.648342133, 498.081634521, 1202
428454.520145813, 215.777191162, 211.471038818, 279.731750488, 207.793319702, 350.939300537, 227.826629639, 413.409667969, 225.520141602, -104.122550964, -10.097758293, 494.639801025, -38.594749451, -13.319328308, 499.124786377, 1203
428454.536819427, 215.185958862, 211.755737305, 278.993927002, 207.703155518, 350.871093750, 228.161346436, 413.200439453, 225.780746460, -104.262977600, -9.734762192, 492.445404053, -39.185737610, -13.171094894, 496.819091797, 1204
428454.553493041, 215.315902710, 211.876342773, 279.019073486, 208.532516479, 350.140228271, 228.252990723, 412.782714844, 225.764129639, -104.908531189, -9.693300247, 496.123992920, -39.309226990, -12.794955254, 498.763702393, 1205
428454.570166655, 215.121429443, 212.043060303, 278.846862793, 208.535064697, 350.145355225, 228.189575195, 412.765838623, 225.979110718, -104.929550171, -9.624445915, 495.286132812, -39.436069489, -12.664224625, 498.081390381, 1206
428454.586840269, 214.928146362, 211.928710938, 278.542053223, 208.597290039, 349.897155762, 228.289306641, 412.999847412, 225.774200439, -105.179779053, -9.636075020, 495.528472900, -39.568439484, -12.682034492, 495.772125244, 1207
428454.603513883, 214.916595459, 211.919921875, 278.409851074, 208.518218994, 349.813842773, 228.092391968, 412.878509521, 225.879440308, -105.258018494, -9.749321938, 495.845336914, -39.702060699, -12.667066574, 495.716613770, 1208
428454.620187497, 215.191528320, 211.582000732, 278.690002441, 208.339508057, 350.428894043, 227.844116211, 413.129394531, 225.369476318, -104.662223816, -10.025728226, 494.361541748, -39.420894623, -13.029377937, 495.858245850, 1209
428454.636840667, 215.520126343, 211.519104004, 278.840393066, 208.575073242, 349.951782227, 227.972457886, 413.069946289, 225.637924194, -105.054435730, -10.057662010, 497.807403564, -39.336318970, -12.789041519, 496.758880615, 1210
428454.653507334, 215.300537109, 211.626800537, 278.962707520, 208.595916748, 350.538421631, 227.816986084, 413.403320312, 225.827987671, -104.548965454, -10.016575813, 494.354187012, -39.138080597, -12.656443596, 495.849426270, 1211
428454.670174001, 215.940002441, 211.473434448, 279.392272949, 208.595016479, 350.862152100, 227.884124756, 413.678466797, 225.531478882, -104.170234680, -10.086291313, 495.657714844, -38.743663788, -12.828226089, 496.528686523, 1212
428454.686840667, 216.147811890, 211.610076904, 279.453674316, 208.889282227, 350.885742188, 227.762634277, 414.130310059, 225.922454834, -104.121742249, -10.094183922, 496.447113037, -38.550155640, -12.430076599, 494.857147217, 1213
428454.703507334, 216.379623413, 211.857391357, 279.725158691, 208.973983765, 351.341491699, 227.942260742, 414.887207031, 225.966339111, -103.678604126, -9.853371620, 495.467346191, -38.109832764, -12.313585281, 492.803710938, 1214
428454.720174001, 217.018066406, 211.591400146, 280.093780518, 208.879974365, 351.674316406, 227.893173218, 415.094238281, 226.055267334, -103.288627625, -10.041342735, 496.734161377, -37.782424927, -12.332494736, 493.486083984, 1215
428454.736840667, 217.469039917, 211.576660156, 280.478302002, 208.937927246, 352.139984131, 227.872238159, 415.739685059, 225.833618164, -102.805702209, -10.058246613, 496.639770508, -37.301479340, -12.390867233, 492.400451660, 1216
428454.753507334, 218.186203003, 211.427551270, 281.130920410, 209.053863525, 352.956848145, 227.553955078, 416.199829102, 225.767272949, -101.970779419, -10.293059349, 496.166687012, -36.689460754, -12.385051727, 493.231903076, 1217
428454.770174001, 218.854354858, 211.318328857, 281.971649170, 209.086334229, 353.106811523, 227.549804688, 416.746673584, 225.999252319, -101.733818054, -10.395730972, 498.364013672, -35.912841797, -12.277612686, 494.486206055, 1218
428454.786840667, 219.443832397, 211.135421753, 282.466094971, 208.768402100, 353.845397949, 227.428527832, 417.441040039, 225.885055542, -100.986038208, -10.540995598, 497.674163818, -35.340778351, -12.481260300, 493.638793945, 1219
428454.803507334, 220.069137573, 210.835006714, 283.447814941, 208.705505371, 354.772888184, 227.139617920, 418.021362305, 225.820175171, -100.069625854, -10.820976257, 496.324432373, -34.445476532, -12.589433670, 495.364898682, 1220
428454.820174001, 220.837585449, 210.577087402, 284.291351318, 208.798248291, 355.689056396, 227.028015137, 418.852539062, 225.933380127, -99.142143250, -10.998812675, 495.632476807, -33.574821472, -12.483499527, 495.434967041, 1221
428454.836840667, 222.139526367, 210.557373047, 285.326507568, 208.771774292, 356.436462402, 226.838668823, 419.676757812, 226.069091797, -98.263435364, -11.157935143, 497.954437256, -32.561138153, -12.448344231, 496.353393555, 1222
428454.853507334, 222.488586426, 210.611251831, 285.821777344, 209.092437744, 357.496582031, 226.799438477, 420.612182617, 226.124969482, -97.295516968, -11.084380150, 494.864410400, -31.925106049, -12.207479477, 494.498809814, 1223
428454.870174001, 223.730407715, 210.828369141, 286.310485840, 208.997589111, 357.739440918, 226.994186401, 421.182464600, 226.359466553, -96.846916199, -10.959756851, 499.112457275, -31.398052216, -12.126473427, 494.151641846, 1224
428454.886840667, 224.438323975, 210.820404053, 287.405090332, 209.364303589, 358.523132324, 227.006927490, 422.013305664, 226.211334229, -96.042701721, -10.949505806, 498.737457275, -30.333776474, -12.039731026, 495.321472168, 1225
428454.903507334, 225.168869019, 210.634857178, 288.047424316, 209.117950439, 359.641174316, 226.879852295, 422.337158203, 226.378601074, -94.957313538, -11.076460838, 497.007934570, -29.750244141, -12.112627983, 496.682769775, 1226
428454.920174001, 225.977035522, 210.462707520, 288.913055420, 208.719879150, 360.383666992, 226.703247070, 423.550048828, 226.603363037, -94.169502258, -11.263795853, 497.244964600, -28.765510559, -12.167536736, 495.198333740, 1227
428454.936840667, 226.481048584, 210.375946045, 289.788024902, 208.692047119, 361.326782227, 226.526702881, 424.429901123, 226.203186035, -93.287612915, -11.359372139, 495.323669434, -27.856481552, -12.390139580, 495.216888428, 1228
428454.953507334, 227.538208008, 210.293746948, 290.715393066, 208.738769531, 362.148193359, 226.458099365, 425.245483398, 226.523101807, -92.379608154, -11.459109306, 496.278503418, -26.921731949, -12.210617065, 495.710510254, 1229
428454.970174001, 228.723373413, 210.104598999, 291.728698730, 208.726959229, 363.246276855, 226.349700928, 426.081909180, 226.490875244, -91.216354370, -11.621184349, 496.585601807, -25.909547806, -12.251722336, 496.498229980, 1230
428454.986840667, 229.714691162, 210.200607300, 292.520568848, 209.201019287, 363.831420898, 226.465423584, 426.734313965, 226.446685791, -90.505119324, -11.548771858, 498.291503906, -25.115419388, -12.041896820, 497.142456055, 1231
428455.003507334, 230.376022339, 210.546066284, 293.228454590, 209.236450195, 364.879272461, 226.549285889, 427.380981445, 226.850616455, -89.513557434, -11.287531853, 496.589202881, -24.392490387, -11.818295479, 497.414520264, 1232
428455.020762000, 231.155075073, 210.476531982, 294.059112549, 209.511627197, 365.562683105, 226.720581055, 428.050231934, 227.104705811, -88.776657104, -11.242091179, 496.952880859, -23.560205460, -11.557338715, 498.138397217, 1233
428455.037435614, 232.187469482, 210.564987183, 294.938659668, 209.525482178, 366.174255371, 227.077148438, 428.924255371, 227.528961182, -88.024261475, -11.046897888, 498.716522217, -22.645004272, -11.328490257, 498.177490234, 1234
428455.054109228, 232.993865967, 210.869735718, 295.988128662, 209.722106934, 366.873168945, 227.138595581, 429.745330811, 227.569808960, -87.264678955, -10.864571571, 499.153045654, -21.592306137, -11.225772858, 499.207366943, 1235
428455.070782842, 233.548934937, 210.762512207, 296.407165527, 209.935119629, 367.649475098, 227.017059326, 430.701507568, 227.707855225, -86.517097473, -10.963758469, 498.162200928, -21.056161880, -10.992667198, 496.917022705, 1236
428455.087456456, 234.531188965, 210.563400269, 297.605438232, 209.652618408, 368.359466553, 227.024871826, 430.997009277, 227.509506226, -85.695663452, -11.087709427, 499.292816162, -19.964416504, -11.328662872, 500.852996826, 1237
428455.104130070, 235.359985352, 210.524948120, 298.262512207, 209.730529785, 369.187988281, 226.744079590, 432.077972412, 227.291931152, -84.829879761, -11.254940987, 499.263488770, -19.203489304, -11.362204552, 499.054565430, 1238
428455.120803684, 235.797210693, 210.398071289, 298.636688232, 209.556396484, 369.825378418, 226.680358887, 432.691345215, 227.421234131, -84.225242615, -11.335373878, 498.368316650, -18.774396896, -11.363036156, 498.027252197, 1239
428455.137477298, 236.579193115, 210.279785156, 299.306427002, 209.681930542, 370.556152344, 226.549072266, 433.163208008, 227.665756226, -83.446640015, -11.470266342, 498.555755615, -18.107006073, -11.187910080, 498.902435303, 1240
428455.154150912, 237.131958008, 210.052246094, 299.877380371, 209.759994507, 371.129241943, 226.460205078, 434.007568359, 227.826080322, -82.854667664, -11.633218765, 498.437316895, -17.469266891, -11.038008690, 497.747528076, 1241
428455.170824526, 237.613739014, 210.207092285, 300.594421387, 210.048980713, 371.477233887, 226.678955078, 433.974304199, 227.785385132, -82.448249817, -11.449821472, 498.996002197, -16.829380035, -10.976721764, 501.032684326, 1242
428455.187498140, 238.297973633, 210.344665527, 301.222503662, 210.415283203, 372.011230469, 226.755340576, 434.707153320, 228.007690430, -81.841163635, -11.351446152, 499.624023438, -16.154951096, -10.657818794, 500.612060547, 1243
428455.204171754, 238.767333984, 210.411071777, 301.183197021, 210.372741699, 372.704345703, 226.765350342, 435.040466309, 228.044464111, -81.191474915, -11.289874077, 498.629669189, -16.144279480, -10.627869606, 498.995391846, 1244
428455.220845368, 239.293319702, 210.388641357, 302.107910156, 210.721664429, 373.221679688, 226.709930420, 435.308837891, 228.183959961, -80.648643494, -11.331093788, 498.646331787, -15.263339996, -10.428840637, 501.892059326, 1245
428455.237518982, 239.977340698, 210.308593750, 302.482391357, 210.476287842, 373.238861084, 226.819137573, 435.779144287, 228.394317627, -80.402557373, -11.378318787, 501.530700684, -14.858632088, -10.438916206, 501.472717285, 1246
428455.254192596, 240.160079956, 210.166671753, 302.601989746, 210.370056152, 373.967712402, 226.579711914, 436.018676758, 228.119491577, -79.827934265, -11.526331902, 499.133239746, -14.717006683, -10.629097939, 500.962432861, 1247
428455.270866210, 240.589157104, 209.958374023, 303.188781738, 210.462280273, 374.066894531, 226.513488770, 436.508789062, 227.822082520, -79.608894348, -11.702014923, 500.553619385, -14.111453056, -10.745989799, 501.424987793, 1248
428455.287539824, 240.988571167, 209.897827148, 303.616180420, 210.182601929, 374.615661621, 226.272430420, 436.899902344, 227.780548096, -79.087158203, -11.845788956, 499.890136719, -13.667395592, -10.918511391, 501.592254639, 1249
428455.304213438, 241.250610352, 209.605468750, 303.296325684, 210.072174072, 374.716644287, 226.113159180, 436.842041016, 227.572204590, -78.923904419, -12.098900795, 500.580505371, -13.971465111, -11.062201500, 500.442382812, 1250
428455.320887052, 241.324157715, 209.538818359, 303.556915283, 210.133941650, 374.949645996, 225.825485229, 437.064208984, 227.856658936, -78.737091064, -12.269181252, 499.887573242, -13.703523636, -10.883696556, 500.612884521, 1251
428455.337560666, 241.527267456, 209.345214844, 303.721710205, 209.979858398, 374.797454834, 225.886444092, 437.090911865, 227.809051514, -78.769073486, -12.375161171, 501.429199219, -13.547179222, -11.002418518, 501.215362549, 1252
428455.354234280, 241.540252686, 209.532577515, 304.043762207, 210.159820557, 374.739837646, 226.008422852, 437.300537109, 227.906845093, -78.804489136, -12.219573975, 501.741973877, -13.221518517, -10.866489410, 501.723815918, 1253
428455.370907894, 241.927825928, 209.491455078, 304.088256836, 210.589019775, 374.896331787, 226.084197998, 437.329589844, 227.859237671, -78.556777954, -12.224579811, 502.742614746, -13.174890518, -10.666913986, 501.813629150, 1254
428455.387581508, 241.379730225, 209.604660034, 304.242675781, 210.380599976, 375.402587891, 226.010925293, 437.675659180, 228.062530518, -78.406135559, -12.096480370, 498.148345947, -12.992283821, -10.652524948, 500.970458984, 1255
428455.404255122, 241.944458008, 209.377655029, 304.118164062, 210.820831299, 375.295349121, 226.156112671, 437.499145508, 228.246002197, -78.275497437, -12.206824303, 501.048522949, -13.128117561, -10.328837395, 501.202575684, 1256
428455.420731662, 242.088592529, 209.286911011, 304.706573486, 210.566406250, 375.279174805, 225.990112305, 437.664245605, 227.973999023, -78.234420776, -12.358743668, 501.751495361, -12.555976868, -10.643638611, 503.076812744, 1257
428455.437398328, 241.786544800, 209.258270264, 304.055236816, 210.541290283, 375.488952637, 225.889404297, 437.767425537, 227.947250366, -78.200073242, -12.373847961, 499.520294189, -13.156286240, -10.604019165, 499.763336182, 1258
428455.454064995, 241.675018311, 209.136962891, 304.225860596, 210.218017578, 375.661499023, 225.625946045, 437.731872559, 227.931930542, -78.122703552, -12.546204567, 498.292419434, -13.001784325, -10.800210953, 500.650665283, 1259
428455.470731662, 241.813766479, 208.933441162, 304.680450439, 210.381088257, 375.191253662, 225.735321045, 437.621337891, 227.795288086, -78.393966675, -12.659472466, 500.936462402, -12.585345268, -10.837502480, 503.147857666, 1260
428455.487398328, 241.703109741, 209.034515381, 304.146820068, 210.199752808, 375.542114258, 225.691574097, 437.757202148, 227.970977783, -78.193725586, -12.580689430, 498.926879883, -13.073099136, -10.779882431, 500.192382812, 1261
428455.504064995, 241.887619019, 208.955810547, 304.438110352, 210.451171875, 375.603851318, 225.481933594, 437.736663818, 227.833435059, -78.084945679, -12.745126724, 499.460479736, -12.800936699, -10.748102188, 501.576019287, 1262
428455.520731662, 241.678512573, 209.187500000, 304.266174316, 210.347076416, 375.212768555, 225.453979492, 437.487304688, 227.723815918, -78.428825378, -12.658311844, 500.274291992, -12.990373611, -10.867663383, 501.904785156, 1263
428455.537398328, 241.406219482, 209.150924683, 303.916107178, 210.253997803, 375.259368896, 225.708709717, 437.589355469, 228.014678955, -78.494232178, -12.509654045, 498.880493164, -13.307689667, -10.722761154, 499.910186768, 1264
428455.554064995, 241.677856445, 209.128509521, 303.935363770, 210.639266968, 374.976562500, 225.658172607, 437.300781250, 227.871459961, -78.591247559, -12.606470108, 501.298492432, -13.321208954, -10.622971535, 501.268005371, 1265
428455.570731662, 241.219360352, 209.266113281, 303.783264160, 210.291687012, 374.836120605, 225.704833984, 437.446228027, 227.759017944, -78.852386475, -12.476494789, 499.924468994, -13.447033882, -10.838185310, 499.959747314, 1266
428455.587398328, 241.104095459, 209.168075562, 303.646301270, 210.208831787, 374.867858887, 225.745239258, 437.383392334, 227.943420410, -78.871246338, -12.491122246, 499.281463623, -13.582755089, -10.778107643, 499.622344971, 1267
428455.604064995, 240.931243896, 208.977951050, 304.024719238, 210.356628418, 374.935424805, 225.724060059, 436.952148438, 227.595825195, -78.885719299, -12.576344490, 498.235046387, -13.277757645, -10.956946373, 503.182342529, 1268
428455.620731662, 241.053833008, 208.985641479, 303.803100586, 210.292953491, 374.853118896, 225.711486816, 437.224822998, 227.947906494, -78.898948669, -12.600508690, 499.123016357, -13.455005646, -10.759852409, 500.999206543, 1269
428455.637398328, 240.805755615, 209.054077148, 303.497253418, 210.161224365, 374.442321777, 225.758178711, 436.855407715, 227.906600952, -79.270896912, -12.557577133, 499.844482422, -13.784019470, -10.856545448, 501.257080078, 1270
428455.654064995, 240.645248413, 209.100097656, 303.319915771, 210.223297119, 374.620605469, 225.434570312, 436.754394531, 227.667770386, -79.204528809, -12.668134689, 498.387390137, -13.960020065, -10.942689896, 500.928985596, 1271
428455.670731661, 240.887786865, 209.028442383, 303.407836914, 210.391937256, 374.559875488, 225.500976562, 436.997192383, 227.792770386, -79.160789490, -12.702737808, 499.694793701, -13.849007607, -10.774328232, 500.263854980, 1272
428455.687398328, 240.822143555, 209.094482422, 303.434356689, 210.394073486, 374.606628418, 225.547851562, 436.755981445, 227.577194214, -79.151672363, -12.631594658, 499.207183838, -13.852560997, -10.910863876, 501.435729980, 1273
428455.704064995, 240.362289429, 209.380462646, 302.990844727, 210.233764648, 374.258483887, 225.882659912, 436.980682373, 228.031478882, -79.554550171, -12.294727325, 498.736511230, -14.238133430, -10.696176529, 498.500305176, 1274
428455.720731661, 240.367111206, 209.185424805, 303.437683105, 210.589141846, 374.336242676, 225.771728516, 436.834594727, 228.049957275, -79.498649597, -12.447263718, 498.415954590, -13.841041565, -10.552429199, 501.098876953, 1275
428455.737398328, 240.780014038, 209.164398193, 303.139495850, 210.492614746, 374.306518555, 225.744262695, 436.782226562, 227.649566650, -79.374534607, -12.518827438, 500.332092285, -14.122977257, -10.791886330, 500.030120850, 1276
428455.754064995, 240.313278198, 209.110198975, 303.037780762, 210.094879150, 374.440368652, 225.764648438, 436.668060303, 227.850128174, -79.445144653, -12.473732948, 497.729522705, -14.233081818, -10.896360397, 500.054595947, 1277
428455.770731661, 240.434295654, 208.884582520, 302.935821533, 210.055206299, 374.308227539, 225.810272217, 436.585388184, 227.816436768, -79.493949890, -12.593928337, 498.814971924, -14.337543488, -10.933110237, 499.966033936, 1278
428455.787398328, 240.298995972, 208.730194092, 303.142913818, 209.669464111, 374.542419434, 225.506835938, 436.387634277, 227.240966797, -79.379150391, -12.794566154, 497.221954346, -14.169458389, -11.476743698, 501.738739014, 1279
428455.804770286, 240.777526855, 208.289642334, 302.558380127, 208.907897949, 374.492431641, 224.912078857, 436.369873047, 226.174774170, -79.245780945, -13.394800186, 499.507659912, -14.710374832, -12.381028175, 499.263000488, 1280
428455.821443900, 240.648406982, 208.186935425, 302.505249023, 208.622406006, 374.793579102, 224.458831787, 436.148803711, 225.619049072, -79.083633423, -13.637935638, 497.653900146, -14.786439896, -12.840308189, 499.995635986, 1281
428455.838117514, 241.233245850, 207.459442139, 302.787170410, 207.957763672, 375.147460938, 223.859130859, 436.369140625, 225.085067749, -78.632171631, -14.359022141, 498.630737305, -14.499068260, -13.476794243, 500.267517090, 1282
428455.854791128, 241.295700073, 207.291381836, 303.097381592, 207.735595703, 374.995849609, 223.752685547, 436.305175781, 224.766143799, -78.713920593, -14.528923035, 499.559844971, -14.219559669, -13.804696083, 501.910980225, 1283
428455.871464742, 241.351119995, 207.203216553, 302.657775879, 207.343795776, 375.360900879, 223.477233887, 436.372192383, 224.520919800, -78.443771362, -14.681663513, 498.215911865, -14.617963791, -14.080067635, 499.684509277, 1284
428455.888138356, 241.293548584, 207.119262695, 302.864013672, 207.348663330, 375.375488281, 223.446502686, 436.271423340, 224.548614502, -78.454292297, -14.732665062, 497.902954102, -14.440445900, -14.099410057, 501.023406982, 1285
428455.904811970, 241.523895264, 207.029022217, 303.228302002, 207.388168335, 375.407226562, 223.550964355, 436.638549805, 224.823883057, -78.349578857, -14.749286652, 498.750091553, -14.058436394, -13.933449745, 501.018463135, 1286
428455.921485584, 241.685058594, 207.012695312, 303.428833008, 207.141937256, 375.152038574, 223.372283936, 436.362518311, 224.435974121, -78.466873169, -14.904161453, 500.569915771, -13.904820442, -14.324847221, 503.111785889, 1287
428455.938159198, 241.665267944, 206.726196289, 303.483337402, 206.896530151, 375.671569824, 223.216278076, 436.864196777, 224.325241089, -78.118011475, -15.067641258, 498.211669922, -13.794034958, -14.458265305, 501.156585693, 1288
428455.954832812, 241.792694092, 206.587127686, 303.883361816, 206.942962646, 375.613128662, 223.053710938, 436.759033203, 224.055770874, -78.111747742, -15.249434471, 499.016998291, -13.431675911, -14.638417244, 503.393768311, 1289
428455.971506426, 241.964569092, 206.510070801, 303.603942871, 207.021057129, 375.729187012, 223.145141602, 436.924072266, 224.170684814, -77.969985962, -15.248553276, 499.247406006, -13.673634529, -14.481709480, 501.437835693, 1290
428455.988180040, 241.520919800, 206.619674683, 303.576965332, 206.683273315, 375.878784180, 222.857788086, 436.785156250, 224.065490723, -78.029556274, -15.266408920, 496.704254150, -13.716038704, -14.728767395, 501.913818359, 1291
428456.004853654, 241.821258545, 206.463348389, 303.970825195, 206.978057861, 375.918579102, 223.019088745, 436.848724365, 223.907012939, -77.893295288, -15.296395302, 497.808624268, -13.338511467, -14.698390961, 503.395599365, 1292
428456.021527268, 241.805343628, 206.778976440, 303.668395996, 206.759216309, 375.734252930, 223.026367188, 436.572509766, 224.065597534, -78.025032043, -15.149737358, 498.552001953, -13.655703545, -14.726600647, 503.250701904, 1293
428456.038200882, 241.792358398, 206.590423584, 304.192108154, 206.916625977, 375.828735352, 223.112243652, 436.890808105, 224.219757080, -77.964935303, -15.189120293, 498.075225830, -13.126851082, -14.587533951, 504.177795410, 1294
428456.054874495, 242.089538574, 206.472137451, 303.986755371, 207.007293701, 375.902465820, 222.867156982, 436.944427490, 223.958786011, -77.806892395, -15.408386230, 499.041320801, -13.312534332, -14.645654678, 503.045898438, 1295
428456.071548109, 242.284469604, 206.643066406, 304.527893066, 206.901763916, 376.419525146, 222.633834839, 437.048217773, 224.021530151, -77.386230469, -15.399782181, 497.648498535, -12.791288376, -14.722932816, 504.986938477, 1296
428456.088221723, 242.174743652, 206.172409058, 304.783050537, 206.854492188, 376.286376953, 222.498535156, 437.349060059, 223.600372314, -77.515556335, -15.719121933, 497.742736816, -12.514888763, -14.965929985, 504.812530518, 1297
428456.104895337, 242.399765015, 206.154754639, 304.696868896, 206.717681885, 376.814086914, 222.143661499, 437.416687012, 223.866622925, -77.078384399, -15.873846054, 496.437957764, -12.590550423, -14.877556801, 504.114288330, 1298
428456.121568951, 242.311508179, 206.118011475, 304.841003418, 206.851470947, 376.565856934, 222.235961914, 437.664398193, 223.689117432, -77.277290344, -15.866077423, 497.127563477, -12.425949097, -14.887878418, 503.679046631, 1299
428456.138242565, 242.573730469, 206.074218750, 305.106903076, 206.924804688, 376.406188965, 222.093475342, 437.552185059, 223.731246948, -77.288391113, -16.020441055, 498.953430176, -12.185307503, -14.874642372, 505.358673096, 1300
428456.154916179, 242.908859253, 206.142089844, 305.327850342, 207.001068115, 376.688171387, 222.277832031, 437.640502930, 223.747589111, -76.974075317, -15.894752502, 499.167785645, -11.964947701, -14.842383385, 505.958801270, 1301
428456.171589793, 242.714462280, 206.510864258, 305.336791992, 207.303009033, 376.731811523, 222.503753662, 437.840332031, 223.611938477, -77.017349243, -15.551958084, 498.143371582, -11.934004784, -14.730341911, 505.133789062, 1302
428456.188263407, 243.029220581, 206.532150269, 305.692962646, 207.542098999, 377.109558105, 222.727539062, 438.055053711, 224.558197021, -76.646865845, -15.414703369, 497.850372314, -11.573790550, -14.118200302, 505.748413086, 1303
428456.204939323, 243.427001953, 206.704071045, 305.655639648, 207.959640503, 377.445312500, 222.660217285, 438.382659912, 224.097518921, -76.274139404, -15.368166924, 498.113708496, -11.573289871, -14.097849846, 504.173522949, 1304
428456.221612937, 243.477706909, 206.507446289, 305.608734131, 207.300689697, 377.397583008, 222.562133789, 438.202087402, 224.078033447, -76.286514282, -15.535089493, 498.536468506, -11.638612747, -14.473104477, 504.731719971, 1305
428456.238286551, 243.370223999, 206.448577881, 305.901153564, 207.327697754, 377.703460693, 222.382202148, 438.598846436, 223.897399902, -76.124183655, -15.605948448, 496.753417969, -11.318165779, -14.541916847, 504.294982910, 1306
428456.254960165, 243.798553467, 206.226623535, 306.137176514, 207.090011597, 377.969299316, 222.227905273, 438.665405273, 223.914657593, -75.785835266, -15.823465347, 497.438842773, -11.085944176, -14.679739952, 505.042144775, 1307
428456.271633779, 244.087280273, 206.163208008, 306.428802490, 206.888229370, 378.339843750, 222.157928467, 438.980804443, 223.792724609, -75.431556702, -15.881932259, 497.074920654, -10.775217056, -14.848542213, 504.947723389, 1308
428456.288307393, 244.441345215, 206.172485352, 306.927856445, 207.209274292, 378.868225098, 222.193084717, 439.270233154, 224.274688721, -74.949623108, -15.835004807, 496.308898926, -10.266387939, -14.448575020, 505.893402100, 1309
428456.304981007, 244.977020264, 206.100708008, 307.235961914, 207.392395020, 378.840270996, 222.344406128, 439.429199219, 223.871246338, -74.759033203, -15.867926598, 498.723480225, -9.950433731, -14.584621429, 506.594512939, 1310
428456.321654621, 244.972503662, 206.388641357, 307.474548340, 207.723083496, 379.095397949, 222.257614136, 440.097778320, 224.529724121, -74.595344543, -15.728736877, 497.609588623, -9.661904335, -14.007051468, 504.693115234, 1311
428456.338328235, 245.330902100, 206.365966797, 307.789398193, 208.048568726, 379.237548828, 222.703735352, 439.762084961, 224.340850830, -74.361625671, -15.534343719, 498.518127441, -9.380132675, -14.012321472, 507.613464355, 1312
428456.355001849, 245.720870972, 206.371459961, 308.154724121, 208.334747314, 380.153686523, 222.656005859, 440.316497803, 224.840759277, -73.617034912, -15.487252235, 496.229400635, -8.977260590, -13.571468353, 506.783477783, 1313
428456.371675463, 245.780242920, 206.404785156, 308.193145752, 208.184082031, 379.913024902, 222.786788940, 440.613494873, 224.681579590, -73.747436523, -15.440436363, 497.519744873, -8.916171074, -13.706252098, 505.639434814, 1314
428456.388349077, 245.736984253, 206.408737183, 308.316375732, 208.352508545, 379.926147461, 222.619110107, 440.103637695, 224.666534424, -73.756469727, -15.519053459, 497.283721924, -8.833763123, -13.698535919, 508.468536377, 1315
428456.405022691, 246.052551270, 206.238372803, 308.211029053, 208.048370361, 380.312561035, 222.484680176, 440.663330078, 224.423400879, -73.382774353, -15.668582916, 496.966064453, -8.894241333, -13.911702156, 505.503540039, 1316
428456.421696305, 246.371749878, 206.115844727, 308.463500977, 208.014022827, 380.110931396, 222.220214844, 440.578857422, 224.306335449, -73.383369446, -15.940802574, 499.222473145, -8.651812553, -14.032385826, 507.013092041, 1317
428456.438369919, 246.333190918, 206.040039062, 308.438110352, 207.831085205, 380.166748047, 222.199584961, 440.840545654, 224.581848145, -73.363044739, -15.978518486, 498.810607910, -8.658745766, -13.948772430, 505.719757080, 1318
428456.455043533, 246.497665405, 206.058074951, 308.673431396, 208.010498047, 380.201995850, 222.192062378, 440.983337402, 224.321655273, -73.274093628, -15.990423203, 499.369415283, -8.414349556, -14.003000259, 506.159973145, 1319
428456.471717147, 246.821090698, 206.202362061, 308.688812256, 208.134948730, 380.505615234, 222.298385620, 440.591247559, 224.694808960, -72.948936462, -15.861352921, 499.446441650, -8.429070473, -13.786117554, 507.962615967, 1320
428456.488390761, 246.754760742, 206.166717529, 308.984405518, 208.267807007, 380.549743652, 222.391448975, 441.018890381, 224.737762451, -72.947654724, -15.816179276, 498.962036133, -8.104484558, -13.677116394, 507.393829346, 1321
428456.505064375, 246.586273193, 206.156341553, 308.734558105, 208.005294800, 380.624633789, 222.328338623, 440.945983887, 224.716918945, -72.968544006, -15.822340012, 497.911560059, -8.358228683, -13.807064056, 506.583557129, 1322
428456.521737989, 246.761169434, 206.301620483, 308.932220459, 208.331451416, 380.665954590, 222.400512695, 441.192108154, 224.747802734, -72.871330261, -15.726319313, 498.488464355, -8.143695831, -13.611738205, 506.392211914, 1323
428456.538411603, 246.689865112, 206.241699219, 309.394409180, 208.309799194, 380.800903320, 222.235565186, 441.241058350, 224.972290039, -72.814788818, -15.816781998, 497.599792480, -7.681670666, -13.551546097, 508.245300293, 1324
428456.555085217, 246.916961670, 206.061584473, 309.231994629, 208.276550293, 380.708007812, 222.493087769, 441.324829102, 224.446075439, -72.780532837, -15.817946434, 498.966217041, -7.835870743, -13.821267128, 507.159484863, 1325
428456.571758831, 246.950042725, 206.050598145, 308.941009521, 208.285888672, 380.660522461, 222.243209839, 440.959106445, 224.832489014, -72.797477722, -15.966122627, 499.325714111, -8.152128220, -13.618853569, 507.461456299, 1326
428456.588575192, 246.707199097, 206.103637695, 308.896209717, 208.335296631, 380.806884766, 222.239685059, 441.145935059, 224.471862793, -72.803695679, -15.888026237, 497.643341064, -8.181577682, -13.757730484, 506.446685791, 1327
428456.605255759, 246.990081787, 205.936325073, 309.121185303, 208.063827515, 381.177093506, 222.259521484, 441.254821777, 224.391113281, -72.453781128, -15.952707291, 497.249542236, -7.951458454, -13.958854675, 506.965026855, 1328
428456.621936326, 246.867111206, 205.976531982, 309.034118652, 208.265426636, 380.633361816, 222.193283081, 441.386444092, 224.580184937, -72.848548889, -16.023628235, 499.084472656, -8.028593063, -13.725297928, 505.991912842, 1329
428456.638616893, 247.261276245, 206.132690430, 309.445861816, 208.362243652, 380.794433594, 222.206665039, 441.096313477, 224.465972900, -72.584983826, -15.966210365, 500.094940186, -7.637813091, -13.817195892, 509.148742676, 1330
428456.655297460, 246.860031128, 206.152832031, 308.886413574, 208.366256714, 380.945434570, 222.508850098, 441.016204834, 224.952316284, -72.653388977, -15.722826004, 497.691711426, -8.202343941, -13.499292374, 506.960510254, 1331
428456.671978027, 246.852340698, 206.289031982, 309.371124268, 208.366851807, 380.684570312, 222.551559448, 441.635192871, 224.734741211, -72.822135925, -15.662976265, 498.794891357, -7.677163124, -13.599601746, 506.398925781, 1332
428456.688658594, 247.368164062, 206.484497070, 309.404113770, 208.635055542, 380.921447754, 222.686874390, 441.298431396, 224.922470093, -72.460433960, -15.525923729, 499.997558594, -7.666671753, -13.399254799, 508.049560547, 1333
428456.705339161, 247.169601440, 206.361618042, 309.440063477, 208.487762451, 380.804138184, 222.629608154, 441.197692871, 224.934310913, -72.616386414, -15.609853745, 499.646453857, -7.638157368, -13.487177849, 508.655090332, 1334
428456.722019729, 246.919540405, 206.338180542, 309.076110840, 208.613327026, 380.833007812, 222.790893555, 441.559448242, 225.001892090, -72.700271606, -15.500633240, 498.431823730, -7.975220680, -13.301568031, 505.413360596, 1335
428456.738700296, 247.035934448, 206.851318359, 309.117675781, 208.702728271, 380.349792480, 223.284759521, 441.188842773, 225.314392090, -72.960769653, -15.049385071, 501.047698975, -7.960731506, -13.134025574, 507.233734131, 1336
428456.755380863, 246.851364136, 207.428924561, 308.831604004, 209.631698608, 379.604736328, 224.013671875, 441.095092773, 226.295898438, -73.515716553, -14.429905891, 503.520812988, -8.251390457, -12.096527100, 506.366821289, 1337
428456.772061430, 246.369110107, 208.142501831, 308.743957520, 210.087448120, 378.725585938, 224.574554443, 441.065277100, 227.325500488, -74.284240723, -13.802876472, 505.308898926, -8.342529297, -11.300976753, 506.085784912, 1338
428456.788741997, 245.734832764, 208.640258789, 308.803955078, 210.969100952, 379.075683594, 224.994232178, 441.256835938, 228.286529541, -74.308380127, -13.205492973, 500.971740723, -8.269764900, -10.310238838, 505.508972168, 1339
428456.805422564, 245.895187378, 208.885223389, 309.022644043, 211.381637573, 378.560729980, 225.317977905, 441.068786621, 228.825958252, -74.581932068, -12.979872704, 503.946563721, -8.067193985, -9.838355064, 507.321472168, 1340
428456.822103131, 246.181152344, 208.978027344, 308.701782227, 211.491928101, 378.940917969, 225.458496094, 441.050964355, 229.074493408, -74.218704224, -12.845691681, 503.516387939, -8.386788368, -9.622645378, 505.955139160, 1341
428456.838783698, 245.878280640, 209.244873047, 308.864624023, 211.873031616, 378.649017334, 225.755371094, 440.950439453, 228.988311768, -74.530731201, -12.546415329, 503.476531982, -8.231193542, -9.486886024, 507.152343750, 1342
428456.855464265, 245.492767334, 209.324996948, 308.665161133, 211.845733643, 378.592956543, 225.965454102, 441.307952881, 229.441925049, -74.719863892, -12.358407021, 502.027282715, -8.404150963, -9.216836929, 504.658905029, 1343
428456.872144833, 245.731262207, 209.302978516, 308.947845459, 211.673858643, 378.351867676, 225.856445312, 440.885742188, 228.843551636, -74.784545898, -12.478111267, 504.146759033, -8.153459549, -9.682086945, 507.812042236, 1344
428456.888825400, 245.248031616, 209.302368164, 308.420104980, 211.734100342, 378.256896973, 225.772796631, 441.081481934, 229.192596436, -75.037361145, -12.482158661, 502.445556641, -8.661501884, -9.406641006, 504.568695068, 1345
428456.905505967, 245.401977539, 209.254119873, 308.441589355, 211.591339111, 378.372619629, 225.686340332, 440.875732422, 229.044891357, -74.900695801, -12.557297707, 502.610687256, -8.655898094, -9.578701973, 505.571289062, 1346
428456.922186534, 245.012496948, 209.113708496, 308.444610596, 211.431747437, 378.124389648, 225.529510498, 440.594726562, 228.443054199, -75.216804504, -12.699454308, 502.001342773, -8.672481537, -10.006835938, 506.845794678, 1347
428456.938867101, 244.926193237, 209.166748047, 308.051788330, 211.108825684, 378.124755859, 225.278976440, 440.799438477, 228.568466187, -75.250556946, -12.794935226, 501.634033203, -9.044262886, -10.061342239, 504.166168213, 1348
428456.955547668, 245.036499023, 209.027343750, 308.551574707, 211.288070679, 377.770690918, 225.275009155, 440.409179688, 228.595855713, -75.442115784, -12.920913696, 503.678619385, -8.581955910, -10.026573181, 508.141723633, 1349
428456.972228235, 244.818283081, 209.285125732, 308.235290527, 211.342956543, 378.062255859, 225.469116211, 440.702148438, 228.793975830, -75.333770752, -12.627400398, 501.434997559, -8.872004509, -9.841061592, 505.414550781, 1350
428456.988735701, 244.698211670, 209.351181030, 308.196960449, 211.656768799, 377.953308105, 225.573730469, 440.718872070, 228.924362183, -75.452384949, -12.536313057, 501.388732910, -8.907667160, -9.600881577, 505.178436279, 1351
428457.005409315, 244.960678101, 209.413909912, 307.951782227, 211.863876343, 378.393676758, 225.810272217, 440.696777344, 229.227157593, -75.059661865, -12.359512329, 500.591278076, -9.149930954, -9.312982559, 504.180938721, 1352
428457.022082929, 244.719955444, 209.640670776, 308.275268555, 211.891647339, 378.233520508, 225.798995972, 440.560546875, 229.073837280, -75.259109497, -12.238510132, 500.255462646, -8.842704773, -9.415563583, 506.233551025, 1353
428457.038756543, 244.764129639, 209.683471680, 307.774414062, 211.763656616, 378.081726074, 225.906494141, 440.536499023, 228.736724854, -75.342086792, -12.179425240, 501.111175537, -9.334515572, -9.624364853, 504.110809326, 1354
428457.055430157, 244.623947144, 209.465911865, 308.118591309, 211.725616455, 377.595397949, 225.681518555, 440.330078125, 228.931625366, -75.718864441, -12.448960304, 502.642669678, -9.014903069, -9.585319519, 506.550659180, 1355
428457.072103771, 244.975631714, 209.291870117, 307.880584717, 211.262847900, 377.695739746, 225.580184937, 440.312927246, 228.726715088, -75.515747070, -12.620844841, 503.741394043, -9.250717163, -9.922055244, 505.547668457, 1356
428457.088777384, 245.192184448, 208.990905762, 307.564758301, 210.952926636, 377.664672852, 225.368133545, 440.311035156, 228.333435059, -75.451927185, -12.919238091, 504.832794189, -9.558861732, -10.268326759, 504.149169922, 1357
428457.105450998, 244.496826172, 208.879501343, 307.715515137, 211.145248413, 377.500366211, 225.220672607, 440.387390137, 228.446319580, -75.830673218, -12.998449326, 502.501281738, -9.405334473, -10.113064766, 504.488311768, 1358
428457.122124612, 244.458923340, 208.968750000, 307.039489746, 210.658172607, 377.692565918, 225.242156982, 440.320800781, 228.424835205, -75.717414856, -12.914958954, 501.490203857, -10.068489075, -10.329583168, 501.765594482, 1359
428457.138798226, 244.369857788, 209.037322998, 307.882568359, 211.160064697, 377.754577637, 225.245605469, 440.027832031, 228.337142944, -75.710601807, -12.860779762, 500.831665039, -9.270763397, -10.208066940, 506.830169678, 1360
428457.155471840, 244.136520386, 209.274871826, 307.529754639, 211.300201416, 377.756774902, 225.422576904, 440.278442383, 228.501495361, -75.798843384, -12.617854118, 499.810058594, -9.595026016, -9.995288849, 504.145660400, 1361
428457.172145454, 244.127563477, 209.354827881, 307.656555176, 211.612640381, 377.317077637, 225.622314453, 440.107910156, 228.910690308, -76.094863892, -12.516111374, 501.696197510, -9.486015320, -9.637092590, 505.460540771, 1362
428457.188819068, 244.443908691, 209.502502441, 307.479431152, 211.764892578, 377.780761719, 225.794158936, 440.158294678, 228.932373047, -75.664909363, -12.332003593, 501.035461426, -9.654040337, -9.526641846, 504.454193115, 1363
428457.205492682, 244.109848022, 209.552459717, 307.341491699, 211.878402710, 377.449890137, 225.972137451, 440.209838867, 228.975448608, -76.012901306, -12.211683273, 501.028442383, -9.783500671, -9.428785324, 503.618072510, 1364
428457.222166296, 244.019134521, 209.420471191, 307.587219238, 211.387390137, 377.323730469, 225.856689453, 440.101745605, 228.706161499, -76.131584167, -12.345692635, 501.187042236, -9.554262161, -9.860013962, 505.175903320, 1365
428457.238839910, 244.555389404, 209.204711914, 307.663269043, 211.147888184, 377.137634277, 225.466232300, 440.209350586, 228.772155762, -76.051200867, -12.742632866, 504.370758057, -9.472243309, -9.949418068, 505.027496338, 1366
428457.255513524, 244.600524902, 209.066696167, 307.771667480, 211.297546387, 377.292419434, 225.419799805, 439.928100586, 228.378448486, -75.929855347, -12.828208923, 503.877990723, -9.387342453, -10.111939430, 506.779357910, 1367
428457.272187138, 244.707565308, 209.083740234, 307.473815918, 211.376327515, 377.224212646, 225.595458984, 440.172485352, 228.400146484, -75.934173584, -12.744729996, 504.647857666, -9.657697678, -10.012837410, 504.369934082, 1368
428457.288860752, 244.114471436, 209.295532227, 307.355529785, 210.913116455, 377.483734131, 225.486633301, 440.125976562, 228.489440918, -75.988716125, -12.599924088, 500.909027100, -9.778696060, -10.204653740, 504.024566650, 1369
428457.305534366, 244.537933350, 209.221679688, 307.733642578, 211.478683472, 377.678710938, 225.470642090, 440.081726074, 228.592346191, -75.696380615, -12.671183586, 501.897094727, -9.412085533, -9.885783195, 505.927459717, 1370
428457.322207980, 244.290985107, 209.434860229, 307.492858887, 211.296661377, 377.278076172, 225.673553467, 440.203125000, 228.758483887, -76.058578491, -12.468150139, 502.584655762, -9.638254166, -9.864210129, 504.302734375, 1371
428457.338881594, 244.469085693, 209.532089233, 307.511169434, 211.596664429, 377.348266602, 225.887313843, 440.205902100, 228.909896851, -75.943267822, -12.314765930, 503.051116943, -9.619673729, -9.626392365, 504.379455566, 1372
428457.355555208, 244.489059448, 209.476486206, 307.888397217, 211.481796265, 377.341888428, 225.749603271, 440.338226318, 228.761276245, -75.939933777, -12.419878960, 503.170410156, -9.240340233, -9.786051750, 505.479156494, 1373
428457.372540785, 244.255172729, 209.605712891, 307.881835938, 211.710128784, 377.558349609, 225.791687012, 440.502319336, 228.762603760, -75.885391235, -12.282814980, 501.194183350, -9.232672691, -9.650402069, 504.735992432, 1374
428457.389221352, 244.260589600, 209.279479980, 307.337341309, 211.416854858, 377.411682129, 225.801193237, 440.370849609, 228.863372803, -75.980484009, -12.464956284, 501.850952148, -9.775080681, -9.718773842, 502.878570557, 1375
428457.405901919, 244.836898804, 209.383422852, 307.672790527, 211.451202393, 377.484222412, 225.793807983, 440.314697266, 228.781768799, -75.710487366, -12.466862679, 504.064971924, -9.453159332, -9.775661469, 504.618713379, 1376
428457.422582486, 244.658294678, 209.415283203, 307.584289551, 211.419784546, 377.144653320, 225.465927124, 440.233642578, 228.692169189, -76.007316589, -12.641826630, 504.802276611, -9.545944214, -9.839171410, 504.583404541, 1377
428457.439263053, 244.446533203, 209.322113037, 307.144897461, 211.198104858, 377.347259521, 225.434875488, 440.407348633, 228.441894531, -75.952789307, -12.663139343, 502.966156006, -9.957335472, -10.037746429, 501.875976562, 1378
428457.455943620, 244.539733887, 209.161300659, 307.721710205, 211.397491455, 377.582763672, 225.349288940, 440.090942383, 228.443222046, -75.759590149, -12.777723312, 502.330810547, -9.422724724, -10.006395340, 505.835357666, 1379
428457.472624187, 244.218673706, 209.223678589, 307.204132080, 211.154327393, 377.035644531, 225.626800537, 440.226196289, 228.548492432, -76.248420715, -12.622292519, 503.334442139, -9.916267395, -10.024651527, 502.922241211, 1380
428457.489304755, 244.181091309, 209.373626709, 307.498718262, 211.296295166, 377.277343750, 225.624877930, 439.992675781, 228.495407104, -76.101020813, -12.514699936, 502.106048584, -9.649258614, -10.021882057, 505.266174316, 1381
428457.505985322, 244.464279175, 209.342636108, 307.580627441, 211.295135498, 376.612304688, 225.690643311, 440.067321777, 228.741607666, -76.440391541, -12.596970558, 506.311523438, -9.564047813, -9.892435074, 505.292968750, 1382
428457.522665889, 244.624450684, 209.350387573, 307.383239746, 211.367645264, 377.119506836, 225.743347168, 440.187744141, 228.878143311, -76.036750793, -12.527500153, 504.751464844, -9.746341705, -9.755539894, 503.881591797, 1383
428457.539346456, 244.323287964, 209.494262695, 307.640197754, 211.305450439, 377.528442383, 225.671066284, 440.230346680, 228.638336182, -75.879150391, -12.415275574, 501.623535156, -9.491917610, -9.933203697, 504.844085693, 1384
428457.556027023, 244.540374756, 209.217163086, 307.603820801, 211.304595947, 377.431396484, 225.593994141, 440.316009521, 228.677368164, -75.860107422, -12.634937286, 502.995666504, -9.520427704, -9.902851105, 504.303405762, 1385
428457.572707590, 244.687103271, 209.009399414, 307.538269043, 210.538604736, 377.411987305, 225.323333740, 440.269531250, 228.094085693, -75.816520691, -12.906016350, 503.729888916, -9.588723183, -10.615715981, 504.204742432, 1386
428457.589388157, 245.569824219, 207.972412109, 307.531860352, 209.705383301, 378.047790527, 224.688323975, 440.369018555, 227.119720459, -75.048347473, -13.818543434, 504.783264160, -9.585969925, -11.562619209, 503.740295410, 1387
428457.606068724, 246.064178467, 207.673263550, 307.695343018, 209.413360596, 378.824096680, 223.878143311, 440.488525391, 226.365341187, -74.341423035, -14.373010635, 503.532684326, -9.415102959, -12.120888710, 503.958312988, 1388
