CaptureTime, Camera1HeadPosition.x, Camera1HeadPosition.y, Camera1HeadPosition.z, Camera1HeadOrientation.x, Camera1HeadOrientation.y, Camera1HeadOrientation.z, Camera2HeadPosition.x, Camera2HeadPosition.y, Camera2HeadPosition.z, Camera2HeadOrientation.x, Camera2HeadOrientation.y, Camera2HeadOrientation.z, frameNumber
428451.6513, 70.3159, 28.1876, 525.4418, 0.2093, -0.0728, 0.0300, 70.3159, 28.1876, 525.4418, 0.2093, -0.0728, 0.0300, 1031
428451.6680, 70.6858, 28.5653, 525.1318, 0.2140, -0.0737, 0.0332, 70.6858, 28.5653, 525.1318, 0.2140, -0.0737, 0.0332, 1032
428451.6847, 70.8980, 28.5799, 526.9261, 0.1926, -0.0695, 0.0323, 70.8980, 28.5799, 526.9261, 0.1926, -0.0695, 0.0323, 1033
428451.7014, 70.9759, 28.2935, 528.5641, 0.2108, -0.0759, 0.0274, 70.9759, 28.2935, 528.5641, 0.2108, -0.0759, 0.0274, 1034
428451.7180, 70.9891, 28.6766, 525.8900, 0.1760, -0.0720, 0.0310, 70.9891, 28.6766, 525.8900, 0.1760, -0.0720, 0.0310, 1035
428451.7347, 71.0111, 28.3698, 525.9892, 0.1863, -0.0759, 0.0274, 71.0111, 28.3698, 525.9892, 0.1863, -0.0759, 0.0274, 1036
428451.7514, 70.8079, 28.2409, 525.1700, 0.1947, -0.0816, 0.0302, 70.8079, 28.2409, 525.1700, 0.1947, -0.0816, 0.0302, 1037
428451.7681, 70.9705, 27.9966, 526.1315, 0.1927, -0.0760, 0.0276, 70.9705, 27.9966, 526.1315, 0.1927, -0.0760, 0.0276, 1038
428451.7848, 70.9571, 28.2577, 524.6788, 0.1956, -0.0769, 0.0330, 70.9571, 28.2577, 524.6788, 0.1956, -0.0769, 0.0330, 1039
428451.8014, 71.1332, 28.1469, 524.6486, 0.1945, -0.0825, 0.0310, 71.1332, 28.1469, 524.6486, 0.1945, -0.0825, 0.0310, 1040
428451.8181, 71.2126, 28.4318, 524.2683, 0.1987, -0.0769, 0.0366, 71.2126, 28.4318, 524.2683, 0.1987, -0.0769, 0.0366, 1041
428451.8348, 71.7372, 28.0375, 525.7441, 0.2032, -0.0760, 0.0301, 71.7372, 28.0375, 525.7441, 0.2032, -0.0760, 0.0301, 1042
428451.8515, 71.4926, 27.8996, 523.8000, 0.1968, -0.0727, 0.0301, 71.4926, 27.8996, 523.8000, 0.1968, -0.0727, 0.0301, 1043
428451.8682, 71.9982, 27.9100, 524.6612, 0.1828, -0.0738, 0.0299, 71.9982, 27.9100, 524.6612, 0.1828, -0.0738, 0.0299, 1044
428451.8847, 72.5648, 27.8591, 524.2416, 0.1832, -0.0697, 0.0360, 72.5648, 27.8591, 524.2416, 0.1832, -0.0697, 0.0360, 1045
428451.9013, 73.0213, 27.0023, 526.6548, 0.1990, -0.0788, 0.0319, 73.0213, 27.0023, 526.6548, 0.1990, -0.0788, 0.0319, 1046
428451.9180, 74.3182, 27.4477, 524.1461, 0.1792, -0.0739, 0.0324, 74.3182, 27.4477, 524.1461, 0.1792, -0.0739, 0.0324, 1047
428451.9347, 74.7824, 27.2461, 523.6088, 0.1902, -0.0798, 0.0395, 74.7824, 27.2461, 523.6088, 0.1902, -0.0798, 0.0395, 1048
428451.9514, 76.0846, 27.4410, 524.1226, 0.1724, -0.0771, 0.0392, 76.0846, 27.4410, 524.1226, 0.1724, -0.0771, 0.0392, 1049
428451.9680, 77.5271, 27.3418, 525.3173, 0.1723, -0.0862, 0.0425, 77.5271, 27.3418, 525.3173, 0.1723, -0.0862, 0.0425, 1050
428451.9847, 78.9824, 26.8848, 522.7219, 0.1847, -0.0889, 0.0395, 78.9824, 26.8848, 522.7219, 0.1847, -0.0889, 0.0395, 1051
428452.0014, 80.4846, 26.8904, 521.4437, 0.1708, -0.0913, 0.0443, 80.4846, 26.8904, 521.4437, 0.1708, -0.0913, 0.0443, 1052
428452.0181, 82.0883, 26.8350, 520.2825, 0.1539, -0.0889, 0.0477, 82.0883, 26.8350, 520.2825, 0.1539, -0.0889, 0.0477, 1053
428452.0347, 84.2473, 26.5136, 520.4828, 0.1501, -0.0942, 0.0470, 84.2473, 26.5136, 520.4828, 0.1501, -0.0942, 0.0470, 1054
428452.0514, 85.0397, 26.1907, 516.3618, 0.1852, -0.1161, 0.0500, 85.0397, 26.1907, 516.3618, 0.1852, -0.1161, 0.0500, 1055
428452.0681, 87.2829, 25.8193, 515.9671, 0.1766, -0.1320, 0.0529, 87.2829, 25.8193, 515.9671, 0.1766, -0.1320, 0.0529, 1056
428452.0848, 90.4579, 25.7683, 517.1948, 0.1728, -0.1259, 0.0598, 90.4579, 25.7683, 517.1948, 0.1728, -0.1259, 0.0598, 1057
428452.1014, 92.6083, 25.4620, 513.9211, 0.1791, -0.1338, 0.0545, 92.6083, 25.4620, 513.9211, 0.1791, -0.1338, 0.0545, 1058
428452.1181, 94.7027, 25.3078, 514.6478, 0.1799, -0.1324, 0.0590, 94.7027, 25.3078, 514.6478, 0.1799, -0.1324, 0.0590, 1059
428452.1348, 97.8684, 25.0580, 515.6097, 0.1833, -0.1308, 0.0662, 97.8684, 25.0580, 515.6097, 0.1833, -0.1308, 0.0662, 1060
428452.1514, 101.1945, 25.0174, 517.1719, 0.1773, -0.1348, 0.0679, 101.1945, 25.0174, 517.1719, 0.1773, -0.1348, 0.0679, 1061
428452.1681, 104.4184, 24.5392, 517.4453, 0.1784, -0.1372, 0.0653, 104.4184, 24.5392, 517.4453, 0.1784, -0.1372, 0.0653, 1062
428452.1848, 106.9645, 24.3850, 515.7142, 0.1645, -0.1478, 0.0689, 106.9645, 24.3850, 515.7142, 0.1645, -0.1478, 0.0689, 1063
428452.2015, 111.0822, 24.1042, 518.7513, 0.1677, -0.1443, 0.0675, 111.0822, 24.1042, 518.7513, 0.1677, -0.1443, 0.0675, 1064
428452.2181, 113.3328, 23.9466, 514.8410, 0.1869, -0.1491, 0.0653, 113.3328, 23.9466, 514.8410, 0.1869, -0.1491, 0.0653, 1065
428452.2348, 116.7327, 24.3967, 513.4333, 0.1630, -0.1434, 0.0766, 116.7327, 24.3967, 513.4333, 0.1630, -0.1434, 0.0766, 1066
428452.2515, 120.3322, 24.3186, 517.0341, 0.1625, -0.1568, 0.0725, 120.3322, 24.3186, 517.0341, 0.1625, -0.1568, 0.0725, 1067
428452.2686, 123.0474, 24.6330, 514.9339, 0.1653, -0.1546, 0.0761, 123.0474, 24.6330, 514.9339, 0.1653, -0.1546, 0.0761, 1068
428452.2853, 126.1308, 24.5142, 514.3982, 0.1569, -0.1612, 0.0827, 126.1308, 24.5142, 514.3982, 0.1569, -0.1612, 0.0827, 1069
428452.3019, 128.3664, 24.3690, 513.0406, 0.1566, -0.1638, 0.0852, 128.3664, 24.3690, 513.0406, 0.1566, -0.1638, 0.0852, 1070
428452.3186, 130.3771, 24.2580, 509.2702, 0.1400, -0.1655, 0.0947, 130.3771, 24.2580, 509.2702, 0.1400, -0.1655, 0.0947, 1071
428452.3353, 132.9006, 23.7019, 510.7251, 0.1463, -0.1793, 0.0866, 132.9006, 23.7019, 510.7251, 0.1463, -0.1793, 0.0866, 1072
428452.3520, 135.1969, 23.1926, 510.2478, 0.1705, -0.1728, 0.0867, 135.1969, 23.1926, 510.2478, 0.1705, -0.1728, 0.0867, 1073
428452.3687, 138.0376, 23.4921, 511.1512, 0.1464, -0.1467, 0.0954, 138.0376, 23.4921, 511.1512, 0.1464, -0.1467, 0.0954, 1074
428452.3853, 139.0723, 23.4914, 509.9849, 0.1348, -0.1526, 0.0998, 139.0723, 23.4914, 509.9849, 0.1348, -0.1526, 0.0998, 1075
428452.4020, 140.5491, 23.7028, 508.4459, 0.1318, -0.1517, 0.1052, 140.5491, 23.7028, 508.4459, 0.1318, -0.1517, 0.1052, 1076
428452.4187, 142.2490, 23.6715, 508.1072, 0.1426, -0.1561, 0.1013, 142.2490, 23.6715, 508.1072, 0.1426, -0.1561, 0.1013, 1077
428452.4354, 143.9851, 23.6924, 509.4603, 0.1305, -0.1396, 0.1108, 143.9851, 23.6924, 509.4603, 0.1305, -0.1396, 0.1108, 1078
428452.4521, 145.3046, 23.6349, 509.7637, 0.1474, -0.1443, 0.1052, 145.3046, 23.6349, 509.7637, 0.1474, -0.1443, 0.1052, 1079
428452.4687, 145.5981, 23.5112, 508.9097, 0.1488, -0.1603, 0.1087, 145.5981, 23.5112, 508.9097, 0.1488, -0.1603, 0.1087, 1080
428452.4854, 146.0655, 23.8824, 508.0577, 0.1360, -0.1586, 0.1213, 146.0655, 23.8824, 508.0577, 0.1360, -0.1586, 0.1213, 1081
428452.5021, 146.6828, 23.5024, 509.2631, 0.1438, -0.1475, 0.1154, 146.6828, 23.5024, 509.2631, 0.1438, -0.1475, 0.1154, 1082
428452.5188, 147.3234, 23.5547, 510.5907, 0.1337, -0.1542, 0.1167, 147.3234, 23.5547, 510.5907, 0.1337, -0.1542, 0.1167, 1083
428452.5355, 146.0616, 23.9409, 507.5688, 0.1069, -0.1593, 0.1178, 146.0616, 23.9409, 507.5688, 0.1069, -0.1593, 0.1178, 1084
428452.5521, 145.5537, 24.0785, 507.6541, 0.1079, -0.1545, 0.1194, 145.5537, 24.0785, 507.6541, 0.1079, -0.1545, 0.1194, 1085
428452.5688, 144.2342, 23.7622, 506.9980, 0.1178, -0.1508, 0.1202, 144.2342, 23.7622, 506.9980, 0.1178, -0.1508, 0.1202, 1086
428452.5855, 141.8791, 23.9478, 503.2544, 0.1145, -0.1521, 0.1200, 141.8791, 23.9478, 503.2544, 0.1145, -0.1521, 0.1200, 1087
428452.6022, 140.5872, 23.9531, 503.8591, 0.1089, -0.1481, 0.1244, 140.5872, 23.9531, 503.8591, 0.1089, -0.1481, 0.1244, 1088
428452.6189, 139.2614, 23.8591, 504.5688, 0.1166, -0.1279, 0.1240, 139.2614, 23.8591, 504.5688, 0.1166, -0.1279, 0.1240, 1089
428452.6356, 137.4752, 23.3310, 504.3446, 0.1187, -0.1280, 0.1133, 137.4752, 23.3310, 504.3446, 0.1187, -0.1280, 0.1133, 1090
428452.6522, 134.3334, 22.6572, 502.7639, 0.1182, -0.1274, 0.1016, 134.3334, 22.6572, 502.7639, 0.1182, -0.1274, 0.1016, 1091
428452.6689, 131.4111, 22.8527, 502.4032, 0.1262, -0.1273, 0.1025, 131.4111, 22.8527, 502.4032, 0.1262, -0.1273, 0.1025, 1092
428452.6856, 127.7540, 22.8270, 499.4497, 0.1133, -0.1102, 0.0975, 127.7540, 22.8270, 499.4497, 0.1133, -0.1102, 0.0975, 1093
428452.7023, 124.7076, 22.4559, 500.7452, 0.1438, -0.1200, 0.0889, 124.7076, 22.4559, 500.7452, 0.1438, -0.1200, 0.0889, 1094
428452.7190, 120.6135, 22.7135, 498.6902, 0.1342, -0.1114, 0.0856, 120.6135, 22.7135, 498.6902, 0.1342, -0.1114, 0.0856, 1095
428452.7357, 117.0351, 22.0214, 500.7926, 0.1617, -0.1152, 0.0706, 117.0351, 22.0214, 500.7926, 0.1617, -0.1152, 0.0706, 1096
428452.7524, 113.7062, 21.6150, 500.6263, 0.1478, -0.0974, 0.0670, 113.7062, 21.6150, 500.6263, 0.1478, -0.0974, 0.0670, 1097
428452.7691, 109.2235, 21.0267, 502.2013, 0.1704, -0.0968, 0.0515, 109.2235, 21.0267, 502.2013, 0.1704, -0.0968, 0.0515, 1098
428452.7857, 104.6303, 20.8914, 503.4355, 0.1722, -0.1065, 0.0477, 104.6303, 20.8914, 503.4355, 0.1722, -0.1065, 0.0477, 1099
428452.8024, 100.2167, 20.7609, 506.4818, 0.1717, -0.1083, 0.0435, 100.2167, 20.7609, 506.4818, 0.1717, -0.1083, 0.0435, 1100
428452.8191, 95.4359, 20.8463, 507.8196, 0.1796, -0.1004, 0.0379, 95.4359, 20.8463, 507.8196, 0.1796, -0.1004, 0.0379, 1101
428452.8358, 90.7770, 21.0215, 511.7094, 0.1631, -0.0915, 0.0277, 90.7770, 21.0215, 511.7094, 0.1631, -0.0915, 0.0277, 1102
428452.8525, 86.4873, 21.0059, 516.4296, 0.1594, -0.0765, 0.0216, 86.4873, 21.0059, 516.4296, 0.1594, -0.0765, 0.0216, 1103
428452.8692, 80.6933, 20.6994, 514.6882, 0.1967, -0.0728, 0.0064, 80.6933, 20.6994, 514.6882, 0.1967, -0.0728, 0.0064, 1104
428452.8859, 75.0329, 21.1395, 515.4275, 0.1926, -0.0768, 0.0091, 75.0329, 21.1395, 515.4275, 0.1926, -0.0768, 0.0091, 1105
428452.9026, 69.5068, 21.5918, 514.4604, 0.1858, -0.0843, -0.0044, 69.5068, 21.5918, 514.4604, 0.1858, -0.0843, -0.0044, 1106
428452.9192, 64.1693, 22.0033, 511.1662, 0.1729, -0.0760, -0.0138, 64.1693, 22.0033, 511.1662, 0.1729, -0.0760, -0.0138, 1107
428452.9359, 59.4068, 22.3911, 509.6167, 0.1680, -0.0724, -0.0255, 59.4068, 22.3911, 509.6167, 0.1680, -0.0724, -0.0255, 1108
428452.9526, 54.4453, 22.4535, 510.7824, 0.1815, -0.0732, -0.0396, 54.4453, 22.4535, 510.7824, 0.1815, -0.0732, -0.0396, 1109
428452.9693, 50.2240, 22.3506, 509.7293, 0.1994, -0.0738, -0.0578, 50.2240, 22.3506, 509.7293, 0.1994, -0.0738, -0.0578, 1110
428452.9860, 46.1517, 22.8297, 510.6628, 0.1961, -0.0616, -0.0627, 46.1517, 22.8297, 510.6628, 0.1961, -0.0616, -0.0627, 1111
428453.0027, 42.3662, 23.4488, 508.1102, 0.1894, -0.0584, -0.0691, 42.3662, 23.4488, 508.1102, 0.1894, -0.0584, -0.0691, 1112
428453.0194, 39.2244, 23.4602, 510.4086, 0.2042, -0.0598, -0.0787, 39.2244, 23.4602, 510.4086, 0.2042, -0.0598, -0.0787, 1113
428453.0361, 35.9973, 23.7763, 507.8906, 0.2081, -0.0660, -0.0813, 35.9973, 23.7763, 507.8906, 0.2081, -0.0660, -0.0813, 1114
428453.0529, 33.1700, 24.4152, 507.4524, 0.2010, -0.0553, -0.0893, 33.1700, 24.4152, 507.4524, 0.2010, -0.0553, -0.0893, 1115
428453.0696, 31.0161, 25.0273, 508.5388, 0.1856, -0.0449, -0.0898, 31.0161, 25.0273, 508.5388, 0.1856, -0.0449, -0.0898, 1116
428453.0863, 29.1154, 25.2665, 507.1679, 0.1903, -0.0556, -0.0966, 29.1154, 25.2665, 507.1679, 0.1903, -0.0556, -0.0966, 1117
428453.1030, 27.9812, 24.9967, 508.8366, 0.1898, -0.0513, -0.1042, 27.9812, 24.9967, 508.8366, 0.1898, -0.0513, -0.1042, 1118
428453.1197, 27.1532, 25.1452, 510.3964, 0.1739, -0.0411, -0.1031, 27.1532, 25.1452, 510.3964, 0.1739, -0.0411, -0.1031, 1119
428453.1363, 26.3320, 25.0487, 511.6237, 0.1735, -0.0389, -0.1054, 26.3320, 25.0487, 511.6237, 0.1735, -0.0389, -0.1054, 1120
428453.1530, 26.2008, 24.5958, 511.1928, 0.1853, -0.0482, -0.1135, 26.2008, 24.5958, 511.1928, 0.1853, -0.0482, -0.1135, 1121
428453.1697, 26.0901, 25.0834, 512.5703, 0.1713, -0.0370, -0.1066, 26.0901, 25.0834, 512.5703, 0.1713, -0.0370, -0.1066, 1122
428453.1864, 26.6741, 24.8983, 511.3494, 0.1857, -0.0389, -0.1096, 26.6741, 24.8983, 511.3494, 0.1857, -0.0389, -0.1096, 1123
428453.2031, 27.6404, 25.3944, 513.3172, 0.1796, -0.0429, -0.1008, 27.6404, 25.3944, 513.3172, 0.1796, -0.0429, -0.1008, 1124
428453.2198, 29.2216, 25.1978, 512.2450, 0.1862, -0.0421, -0.1107, 29.2216, 25.1978, 512.2450, 0.1862, -0.0421, -0.1107, 1125
428453.2365, 30.5604, 25.3046, 513.6154, 0.1803, -0.0471, -0.0979, 30.5604, 25.3046, 513.6154, 0.1803, -0.0471, -0.0979, 1126
428453.2532, 32.7077, 25.1413, 512.8318, 0.1867, -0.0457, -0.0948, 32.7077, 25.1413, 512.8318, 0.1867, -0.0457, -0.0948, 1127
428453.2699, 35.3593, 24.4657, 510.8539, 0.2083, -0.0474, -0.0950, 35.3593, 24.4657, 510.8539, 0.2083, -0.0474, -0.0950, 1128
428453.2866, 37.8499, 23.8896, 508.0820, 0.2194, -0.0509, -0.0822, 37.8499, 23.8896, 508.0820, 0.2194, -0.0509, -0.0822, 1129
428453.3033, 40.7258, 23.7636, 507.1824, 0.2216, -0.0524, -0.0743, 40.7258, 23.7636, 507.1824, 0.2216, -0.0524, -0.0743, 1130
428453.3200, 44.4500, 23.6461, 509.4703, 0.2156, -0.0610, -0.0662, 44.4500, 23.6461, 509.4703, 0.2156, -0.0610, -0.0662, 1131
428453.3367, 48.3896, 23.3455, 506.6226, 0.2051, -0.0674, -0.0722, 48.3896, 23.3455, 506.6226, 0.2051, -0.0674, -0.0722, 1132
428453.3534, 52.6270, 23.2142, 510.3831, 0.1921, -0.0731, -0.0588, 52.6270, 23.2142, 510.3831, 0.1921, -0.0731, -0.0588, 1133
428453.3701, 56.3343, 23.9320, 506.2322, 0.1607, -0.0887, -0.0526, 56.3343, 23.9320, 506.2322, 0.1607, -0.0887, -0.0526, 1134
428453.3868, 60.7349, 23.8731, 505.8531, 0.1786, -0.0968, -0.0375, 60.7349, 23.8731, 505.8531, 0.1786, -0.0968, -0.0375, 1135
428453.4035, 65.5576, 23.9041, 508.1595, 0.1742, -0.1129, -0.0263, 65.5576, 23.9041, 508.1595, 0.1742, -0.1129, -0.0263, 1136
428453.4202, 70.2605, 23.7569, 506.7288, 0.1483, -0.1100, -0.0173, 70.2605, 23.7569, 506.7288, 0.1483, -0.1100, -0.0173, 1137
428453.4368, 75.5721, 23.3041, 509.1598, 0.1529, -0.1168, -0.0150, 75.5721, 23.3041, 509.1598, 0.1529, -0.1168, -0.0150, 1138
428453.4530, 80.1820, 23.4145, 503.9044, 0.1297, -0.1296, -0.0055, 80.1820, 23.4145, 503.9044, 0.1297, -0.1296, -0.0055, 1139
428453.4697, 85.2322, 23.1643, 502.8986, 0.1453, -0.1412, 0.0040, 85.2322, 23.1643, 502.8986, 0.1453, -0.1412, 0.0040, 1140
428453.4864, 90.3578, 22.7286, 504.0863, 0.1540, -0.1357, 0.0117, 90.3578, 22.7286, 504.0863, 0.1540, -0.1357, 0.0117, 1141
428453.5031, 95.3300, 22.9873, 504.1330, 0.1569, -0.1405, 0.0241, 95.3300, 22.9873, 504.1330, 0.1569, -0.1405, 0.0241, 1142
428453.5197, 99.1834, 22.8679, 499.9999, 0.1655, -0.1468, 0.0186, 99.1834, 22.8679, 499.9999, 0.1655, -0.1468, 0.0186, 1143
428453.5364, 104.7363, 22.7427, 504.1862, 0.1700, -0.1407, 0.0264, 104.7363, 22.7427, 504.1862, 0.1700, -0.1407, 0.0264, 1144
428453.5531, 108.7415, 23.1908, 501.0093, 0.1471, -0.1580, 0.0282, 108.7415, 23.1908, 501.0093, 0.1471, -0.1580, 0.0282, 1145
428453.5698, 113.9303, 23.1292, 503.4753, 0.1402, -0.1584, 0.0328, 113.9303, 23.1292, 503.4753, 0.1402, -0.1584, 0.0328, 1146
428453.5865, 117.3782, 23.1808, 499.6807, 0.1235, -0.1784, 0.0393, 117.3782, 23.1808, 499.6807, 0.1235, -0.1784, 0.0393, 1147
428453.6032, 122.5689, 23.0907, 503.5905, 0.1252, -0.1717, 0.0448, 122.5689, 23.0907, 503.5905, 0.1252, -0.1717, 0.0448, 1148
428453.6199, 125.6789, 23.2055, 502.2881, 0.1174, -0.1728, 0.0518, 125.6789, 23.2055, 502.2881, 0.1174, -0.1728, 0.0518, 1149
428453.6366, 129.6631, 23.1923, 504.0283, 0.0868, -0.1690, 0.0606, 129.6631, 23.1923, 504.0283, 0.0868, -0.1690, 0.0606, 1150
428453.6532, 132.8481, 22.8931, 504.1758, 0.1169, -0.1764, 0.0561, 132.8481, 22.8931, 504.1758, 0.1169, -0.1764, 0.0561, 1151
428453.6699, 134.8866, 23.4401, 502.1598, 0.1191, -0.1688, 0.0624, 134.8866, 23.4401, 502.1598, 0.1191, -0.1688, 0.0624, 1152
428453.6866, 138.1887, 23.8396, 504.2512, 0.1110, -0.1603, 0.0681, 138.1887, 23.8396, 504.2512, 0.1110, -0.1603, 0.0681, 1153
428453.7033, 139.7614, 23.9163, 503.9938, 0.1219, -0.1699, 0.0643, 139.7614, 23.9163, 503.9938, 0.1219, -0.1699, 0.0643, 1154
428453.7200, 142.0678, 24.1688, 505.0931, 0.1209, -0.1693, 0.0660, 142.0678, 24.1688, 505.0931, 0.1209, -0.1693, 0.0660, 1155
428453.7367, 142.6368, 24.5805, 502.7347, 0.1079, -0.1800, 0.0744, 142.6368, 24.5805, 502.7347, 0.1079, -0.1800, 0.0744, 1156
428453.7534, 144.1151, 24.8394, 502.8059, 0.1035, -0.1604, 0.0790, 144.1151, 24.8394, 502.8059, 0.1035, -0.1604, 0.0790, 1157
428453.7701, 144.2314, 25.2749, 502.8256, 0.0898, -0.1595, 0.0845, 144.2314, 25.2749, 502.8256, 0.0898, -0.1595, 0.0845, 1158
428453.7867, 145.0224, 25.1976, 503.5719, 0.0966, -0.1674, 0.0824, 145.0224, 25.1976, 503.5719, 0.0966, -0.1674, 0.0824, 1159
428453.8034, 143.9694, 25.2637, 499.6957, 0.0941, -0.1530, 0.0852, 143.9694, 25.2637, 499.6957, 0.0941, -0.1530, 0.0852, 1160
428453.8201, 144.4520, 25.4491, 503.5576, 0.0903, -0.1712, 0.0915, 144.4520, 25.4491, 503.5576, 0.0903, -0.1712, 0.0915, 1161
428453.8368, 143.3206, 25.6404, 500.6098, 0.1021, -0.1619, 0.0872, 143.3206, 25.6404, 500.6098, 0.1021, -0.1619, 0.0872, 1162
428453.8531, 142.3328, 25.9003, 500.1108, 0.1069, -0.1695, 0.0866, 142.3328, 25.9003, 500.1108, 0.1069, -0.1695, 0.0866, 1163
428453.8698, 141.3658, 26.6838, 502.4912, 0.0879, -0.1716, 0.0890, 141.3658, 26.6838, 502.4912, 0.0879, -0.1716, 0.0890, 1164
428453.8865, 140.6904, 27.8010, 505.3396, 0.0592, -0.1619, 0.0872, 140.6904, 27.8010, 505.3396, 0.0592, -0.1619, 0.0872, 1165
428453.9032, 140.1405, 28.5191, 508.9183, 0.0476, -0.1534, 0.0855, 140.1405, 28.5191, 508.9183, 0.0476, -0.1534, 0.0855, 1166
428453.9199, 137.3290, 28.9185, 506.2287, 0.0229, -0.1587, 0.0901, 137.3290, 28.9185, 506.2287, 0.0229, -0.1587, 0.0901, 1167
428453.9365, 133.4060, 28.9031, 501.6426, 0.0321, -0.1389, 0.0723, 133.4060, 28.9031, 501.6426, 0.0321, -0.1389, 0.0723, 1168
428453.9532, 130.0283, 28.8849, 500.2231, 0.0259, -0.1374, 0.0743, 130.0283, 28.8849, 500.2231, 0.0259, -0.1374, 0.0743, 1169
428453.9699, 127.4709, 29.0396, 500.1498, 0.0207, -0.1373, 0.0642, 127.4709, 29.0396, 500.1498, 0.0207, -0.1373, 0.0642, 1170
428453.9866, 124.7334, 28.8645, 501.3862, 0.0223, -0.1271, 0.0548, 124.7334, 28.8645, 501.3862, 0.0223, -0.1271, 0.0548, 1171
428454.0033, 121.3619, 28.9525, 501.1364, 0.0268, -0.1245, 0.0527, 121.3619, 28.9525, 501.1364, 0.0268, -0.1245, 0.0527, 1172
428454.0199, 116.7438, 28.9515, 497.5276, 0.0160, -0.1171, 0.0486, 116.7438, 28.9515, 497.5276, 0.0160, -0.1171, 0.0486, 1173
428454.0366, 113.1630, 29.1389, 496.5208, 0.0216, -0.1132, 0.0473, 113.1630, 29.1389, 496.5208, 0.0216, -0.1132, 0.0473, 1174
428454.0533, 109.2051, 29.2608, 495.1513, 0.0169, -0.0994, 0.0414, 109.2051, 29.2608, 495.1513, 0.0169, -0.0994, 0.0414, 1175
428454.0700, 106.5123, 29.3316, 498.2524, 0.0334, -0.0970, 0.0368, 106.5123, 29.3316, 498.2524, 0.0334, -0.0970, 0.0368, 1176
428454.0867, 102.6062, 29.3214, 496.8465, 0.0277, -0.0945, 0.0352, 102.6062, 29.3214, 496.8465, 0.0277, -0.0945, 0.0352, 1177
428454.1033, 98.9007, 29.3301, 496.0358, 0.0284, -0.0871, 0.0281, 98.9007, 29.3301, 496.0358, 0.0284, -0.0871, 0.0281, 1178
428454.1200, 95.5191, 29.2842, 495.8896, 0.0313, -0.0860, 0.0223, 95.5191, 29.2842, 495.8896, 0.0313, -0.0860, 0.0223, 1179
428454.1367, 92.2165, 29.4879, 497.8900, 0.0276, -0.0753, 0.0152, 92.2165, 29.4879, 497.8900, 0.0276, -0.0753, 0.0152, 1180
428454.1534, 89.2543, 29.7139, 500.7462, 0.0281, -0.0889, 0.0171, 89.2543, 29.7139, 500.7462, 0.0281, -0.0889, 0.0171, 1181
428454.1701, 85.8600, 30.2089, 500.9642, 0.0273, -0.0802, 0.0101, 85.8600, 30.2089, 500.9642, 0.0273, -0.0802, 0.0101, 1182
428454.1867, 82.8391, 30.5098, 504.4788, 0.0396, -0.0841, 0.0033, 82.8391, 30.5098, 504.4788, 0.0396, -0.0841, 0.0033, 1183
428454.2034, 79.5117, 30.8027, 505.4384, 0.0300, -0.0771, 0.0015, 79.5117, 30.8027, 505.4384, 0.0300, -0.0771, 0.0015, 1184
428454.2201, 75.8595, 31.3188, 504.5104, 0.0304, -0.0796, -0.0009, 75.8595, 31.3188, 504.5104, 0.0304, -0.0796, -0.0009, 1185
428454.2367, 73.2840, 31.1789, 508.0555, 0.0580, -0.0872, -0.0084, 73.2840, 31.1789, 508.0555, 0.0580, -0.0872, -0.0084, 1186
428454.2534, 70.3831, 31.2608, 510.0479, 0.0573, -0.0918, -0.0173, 70.3831, 31.2608, 510.0479, 0.0573, -0.0918, -0.0173, 1187
428454.2700, 67.5314, 31.3348, 508.2067, 0.0543, -0.0939, -0.0210, 67.5314, 31.3348, 508.2067, 0.0543, -0.0939, -0.0210, 1188
428454.2867, 64.7370, 31.2448, 509.0453, 0.0666, -0.0919, -0.0284, 64.7370, 31.2448, 509.0453, 0.0666, -0.0919, -0.0284, 1189
428454.3034, 62.6948, 31.2913, 509.8801, 0.0771, -0.1091, -0.0263, 62.6948, 31.2913, 509.8801, 0.0771, -0.1091, -0.0263, 1190
428454.3201, 59.9199, 31.5529, 508.0452, 0.0675, -0.0940, -0.0273, 59.9199, 31.5529, 508.0452, 0.0675, -0.0940, -0.0273, 1191
428454.3367, 58.1685, 31.4951, 511.8581, 0.0938, -0.1031, -0.0305, 58.1685, 31.4951, 511.8581, 0.0938, -0.1031, -0.0305, 1192
428454.3534, 55.7827, 31.8979, 507.8411, 0.0686, -0.0952, -0.0329, 55.7827, 31.8979, 507.8411, 0.0686, -0.0952, -0.0329, 1193
428454.3701, 53.8189, 32.2375, 506.3568, 0.0799, -0.0977, -0.0303, 53.8189, 32.2375, 506.3568, 0.0799, -0.0977, -0.0303, 1194
428454.3868, 52.5560, 32.3537, 507.0886, 0.0704, -0.1009, -0.0302, 52.5560, 32.3537, 507.0886, 0.0704, -0.1009, -0.0302, 1195
428454.4034, 51.0634, 32.6511, 508.5650, 0.0652, -0.0969, -0.0302, 51.0634, 32.6511, 508.5650, 0.0652, -0.0969, -0.0302, 1196
428454.4201, 49.5506, 32.8193, 506.7866, 0.0686, -0.0976, -0.0325, 49.5506, 32.8193, 506.7866, 0.0686, -0.0976, -0.0325, 1197
428454.4368, 48.5546, 32.7003, 508.8743, 0.0814, -0.0993, -0.0297, 48.5546, 32.7003, 508.8743, 0.0814, -0.0993, -0.0297, 1198
428454.4535, 47.9221, 32.6639, 510.7983, 0.0855, -0.1049, -0.0308, 47.9221, 32.6639, 510.7983, 0.0855, -0.1049, -0.0308, 1199
428454.4701, 47.2589, 32.4980, 508.5492, 0.0851, -0.1046, -0.0335, 47.2589, 32.4980, 508.5492, 0.0851, -0.1046, -0.0335, 1200
428454.4868, 46.5867, 32.4510, 508.1139, 0.0980, -0.0988, -0.0387, 46.5867, 32.4510, 508.1139, 0.0980, -0.0988, -0.0387, 1201
428454.5035, 45.8638, 32.7960, 507.9226, 0.0971, -0.1042, -0.0352, 45.8638, 32.7960, 507.9226, 0.0971, -0.1042, -0.0352, 1202
428454.5201, 45.4475, 32.9798, 507.4487, 0.0945, -0.1099, -0.0338, 45.4475, 32.9798, 507.4487, 0.0945, -0.1099, -0.0338, 1203
428454.5368, 45.3801, 33.2942, 508.8058, 0.1004, -0.1100, -0.0337, 45.3801, 33.2942, 508.8058, 0.1004, -0.1100, -0.0337, 1204
428454.5535, 44.7525, 33.3672, 507.4424, 0.0889, -0.1040, -0.0356, 44.7525, 33.3672, 507.4424, 0.0889, -0.1040, -0.0356, 1205
428454.5702, 44.5903, 33.4446, 508.2571, 0.1025, -0.1046, -0.0314, 44.5903, 33.4446, 508.2571, 0.1025, -0.1046, -0.0314, 1206
428454.5868, 44.5368, 33.4422, 506.3608, 0.0890, -0.0932, -0.0343, 44.5368, 33.4422, 506.3608, 0.0890, -0.0932, -0.0343, 1207
428454.6035, 44.2605, 33.3705, 506.5143, 0.0986, -0.0959, -0.0301, 44.2605, 33.3705, 506.5143, 0.0986, -0.0959, -0.0301, 1208
428454.6202, 44.9966, 32.9206, 509.6117, 0.1173, -0.0961, -0.0331, 44.9966, 32.9206, 509.6117, 0.1173, -0.0961, -0.0331, 1209
428454.6368, 44.4479, 33.1871, 506.5551, 0.1115, -0.0964, -0.0319, 44.4479, 33.1871, 506.5551, 0.1115, -0.0964, -0.0319, 1210
428454.6535, 44.8828, 33.1667, 508.0413, 0.1137, -0.0991, -0.0270, 44.8828, 33.1667, 508.0413, 0.1137, -0.0991, -0.0270, 1211
428454.6702, 45.3601, 33.0240, 509.5122, 0.1215, -0.0897, -0.0307, 45.3601, 33.0240, 509.5122, 0.1215, -0.0897, -0.0307, 1212
428454.6868, 45.2129, 33.1885, 506.6203, 0.1192, -0.0943, -0.0247, 45.2129, 33.1885, 506.6203, 0.1192, -0.0943, -0.0247, 1213
428454.7035, 45.8330, 33.3387, 505.1952, 0.1005, -0.0865, -0.0261, 45.8330, 33.3387, 505.1952, 0.1005, -0.0865, -0.0261, 1214
428454.7202, 46.0274, 33.3247, 506.5540, 0.1184, -0.0847, -0.0233, 46.0274, 33.3247, 506.5540, 0.1184, -0.0847, -0.0233, 1215
428454.7368, 46.7531, 33.2118, 505.9724, 0.0908, -0.0746, -0.0262, 46.7531, 33.2118, 505.9724, 0.0908, -0.0746, -0.0262, 1216
428454.7535, 47.2239, 32.9685, 507.1159, 0.1302, -0.0872, -0.0216, 47.2239, 32.9685, 507.1159, 0.1302, -0.0872, -0.0216, 1217
428454.7702, 47.4523, 33.0993, 505.6951, 0.1116, -0.0793, -0.0193, 47.4523, 33.0993, 505.6951, 0.1116, -0.0793, -0.0193, 1218
428454.7868, 48.0852, 32.9275, 505.0261, 0.1144, -0.0792, -0.0185, 48.0852, 32.9275, 505.0261, 0.1144, -0.0792, -0.0185, 1219
428454.8035, 49.0763, 32.7699, 507.8436, 0.1077, -0.0767, -0.0156, 49.0763, 32.7699, 507.8436, 0.1077, -0.0767, -0.0156, 1220
428454.8202, 49.9371, 32.7798, 508.2426, 0.1120, -0.0808, -0.0125, 49.9371, 32.7798, 508.2426, 0.1120, -0.0808, -0.0125, 1221
428454.8368, 50.6002, 32.7913, 507.6158, 0.1028, -0.0809, -0.0080, 50.6002, 32.7913, 507.6158, 0.1028, -0.0809, -0.0080, 1222
428454.8535, 51.5083, 32.7712, 507.7864, 0.1114, -0.0774, -0.0055, 51.5083, 32.7712, 507.7864, 0.1114, -0.0774, -0.0055, 1223
428454.8702, 51.8439, 33.0219, 506.7499, 0.1046, -0.0714, -0.0055, 51.8439, 33.0219, 506.7499, 0.1046, -0.0714, -0.0055, 1224
428454.8868, 52.7758, 32.9437, 506.3294, 0.1019, -0.0743, -0.0078, 52.7758, 32.9437, 506.3294, 0.1019, -0.0743, -0.0078, 1225
428454.9035, 53.7819, 32.9392, 511.5369, 0.1181, -0.0706, -0.0027, 53.7819, 32.9392, 511.5369, 0.1181, -0.0706, -0.0027, 1226
428454.9202, 54.4228, 33.0112, 509.6664, 0.1245, -0.0704, 0.0027, 54.4228, 33.0112, 509.6664, 0.1245, -0.0704, 0.0027, 1227
428454.9368, 55.4348, 32.6595, 509.4767, 0.1298, -0.0724, 0.0001, 55.4348, 32.6595, 509.4767, 0.1298, -0.0724, 0.0001, 1228
428454.9535, 56.1906, 32.7898, 509.6453, 0.1152, -0.0665, 0.0053, 56.1906, 32.7898, 509.6453, 0.1152, -0.0665, 0.0053, 1229
428454.9702, 57.3293, 32.7785, 510.5736, 0.1102, -0.0707, 0.0061, 57.3293, 32.7785, 510.5736, 0.1102, -0.0707, 0.0061, 1230
428454.9868, 58.0638, 32.7754, 510.9625, 0.1246, -0.0702, 0.0035, 58.0638, 32.7754, 510.9625, 0.1246, -0.0702, 0.0035, 1231
428455.0035, 58.9428, 33.0299, 512.6599, 0.1275, -0.0713, 0.0088, 58.9428, 33.0299, 512.6599, 0.1275, -0.0713, 0.0088, 1232
428455.0208, 59.5982, 33.2546, 512.6603, 0.1303, -0.0711, 0.0101, 59.5982, 33.2546, 512.6603, 0.1303, -0.0711, 0.0101, 1233
428455.0374, 60.4138, 33.7672, 510.8001, 0.1010, -0.0740, 0.0093, 60.4138, 33.7672, 510.8001, 0.1010, -0.0740, 0.0093, 1234
428455.0541, 61.1540, 33.7291, 510.9424, 0.1047, -0.0690, 0.0102, 61.1540, 33.7291, 510.9424, 0.1047, -0.0690, 0.0102, 1235
428455.0708, 61.6691, 33.7708, 508.7762, 0.1169, -0.0761, 0.0136, 61.6691, 33.7708, 508.7762, 0.1169, -0.0761, 0.0136, 1236
428455.0875, 62.6111, 33.6622, 511.1560, 0.1147, -0.0763, 0.0105, 62.6111, 33.6622, 511.1560, 0.1147, -0.0763, 0.0105, 1237
428455.1041, 63.4941, 33.4599, 510.4474, 0.1142, -0.0736, 0.0118, 63.4941, 33.4599, 510.4474, 0.1142, -0.0736, 0.0118, 1238
428455.1208, 64.1466, 33.4483, 510.8806, 0.1058, -0.0715, 0.0148, 64.1466, 33.4483, 510.8806, 0.1058, -0.0715, 0.0148, 1239
428455.1375, 64.5250, 33.4970, 511.0724, 0.1226, -0.0768, 0.0203, 64.5250, 33.4970, 511.0724, 0.1226, -0.0768, 0.0203, 1240
428455.1542, 65.0063, 33.5788, 509.6618, 0.1164, -0.0736, 0.0236, 65.0063, 33.5788, 509.6618, 0.1164, -0.0736, 0.0236, 1241
428455.1708, 65.6003, 33.6216, 511.9142, 0.1156, -0.0731, 0.0198, 65.6003, 33.6216, 511.9142, 0.1156, -0.0731, 0.0198, 1242
428455.1875, 65.9694, 33.7550, 510.1248, 0.1151, -0.0791, 0.0227, 65.9694, 33.7550, 510.1248, 0.1151, -0.0791, 0.0227, 1243
428455.2042, 66.7040, 33.7465, 512.2971, 0.1185, -0.0764, 0.0239, 66.7040, 33.7465, 512.2971, 0.1185, -0.0764, 0.0239, 1244
428455.2208, 67.2884, 33.8010, 514.2400, 0.1270, -0.0806, 0.0259, 67.2884, 33.8010, 514.2400, 0.1270, -0.0806, 0.0259, 1245
428455.2375, 67.3356, 34.0201, 512.1519, 0.1085, -0.0762, 0.0273, 67.3356, 34.0201, 512.1519, 0.1085, -0.0762, 0.0273, 1246
428455.2542, 68.3381, 33.7991, 515.2314, 0.1023, -0.0790, 0.0265, 68.3381, 33.7991, 515.2314, 0.1023, -0.0790, 0.0265, 1247
428455.2709, 68.5653, 33.6374, 513.1786, 0.0997, -0.0796, 0.0224, 68.5653, 33.6374, 513.1786, 0.0997, -0.0796, 0.0224, 1248
428455.2875, 68.8048, 33.4046, 513.6306, 0.1135, -0.0767, 0.0278, 68.8048, 33.4046, 513.6306, 0.1135, -0.0767, 0.0278, 1249
428455.3042, 69.1082, 33.2780, 514.7571, 0.1084, -0.0811, 0.0260, 69.1082, 33.2780, 514.7571, 0.1084, -0.0811, 0.0260, 1250
428455.3209, 69.0343, 33.2066, 514.2571, 0.1039, -0.0812, 0.0337, 69.0343, 33.2066, 514.2571, 0.1039, -0.0812, 0.0337, 1251
428455.3376, 68.8528, 33.2165, 512.8031, 0.0976, -0.0775, 0.0319, 68.8528, 33.2165, 512.8031, 0.0976, -0.0775, 0.0319, 1252
428455.3542, 68.5958, 33.3251, 510.7019, 0.1111, -0.0792, 0.0312, 68.5958, 33.3251, 510.7019, 0.1111, -0.0792, 0.0312, 1253
428455.3709, 68.7877, 33.3750, 510.9297, 0.1059, -0.0789, 0.0302, 68.7877, 33.3750, 510.9297, 0.1059, -0.0789, 0.0302, 1254
428455.3876, 69.1720, 33.4057, 511.5502, 0.1098, -0.0862, 0.0347, 69.1720, 33.4057, 511.5502, 0.1098, -0.0862, 0.0347, 1255
428455.4043, 69.2225, 33.5903, 511.9153, 0.0886, -0.0839, 0.0339, 69.2225, 33.5903, 511.9153, 0.0886, -0.0839, 0.0339, 1256
428455.4207, 69.2428, 33.3409, 511.5388, 0.0939, -0.0811, 0.0329, 69.2428, 33.3409, 511.5388, 0.0939, -0.0811, 0.0329, 1257
428455.4374, 69.5179, 33.3006, 512.9749, 0.0979, -0.0804, 0.0347, 69.5179, 33.3006, 512.9749, 0.0979, -0.0804, 0.0347, 1258
428455.4541, 69.4196, 33.1109, 512.7160, 0.1048, -0.0857, 0.0378, 69.4196, 33.1109, 512.7160, 0.1048, -0.0857, 0.0378, 1259
428455.4707, 69.1708, 33.0964, 511.7225, 0.0931, -0.0793, 0.0339, 69.1708, 33.0964, 511.7225, 0.0931, -0.0793, 0.0339, 1260
428455.4874, 69.5132, 33.2146, 512.5753, 0.0897, -0.0860, 0.0365, 69.5132, 33.2146, 512.5753, 0.0897, -0.0860, 0.0365, 1261
428455.5041, 69.5586, 33.0617, 512.4012, 0.0823, -0.0903, 0.0374, 69.5586, 33.0617, 512.4012, 0.0823, -0.0903, 0.0374, 1262
428455.5207, 68.8201, 32.9849, 510.3275, 0.1101, -0.0968, 0.0359, 68.8201, 32.9849, 510.3275, 0.1101, -0.0968, 0.0359, 1263
428455.5374, 69.1357, 33.2868, 510.5659, 0.0821, -0.0964, 0.0364, 69.1357, 33.2868, 510.5659, 0.0821, -0.0964, 0.0364, 1264
428455.5541, 68.8722, 33.1860, 511.4658, 0.0925, -0.0905, 0.0355, 68.8722, 33.1860, 511.4658, 0.0925, -0.0905, 0.0355, 1265
428455.5707, 68.6865, 33.1217, 509.9317, 0.0960, -0.0865, 0.0334, 68.6865, 33.1217, 509.9317, 0.0960, -0.0865, 0.0334, 1266
428455.5874, 68.7801, 33.2654, 510.7379, 0.0787, -0.0787, 0.0352, 68.7801, 33.2654, 510.7379, 0.0787, -0.0787, 0.0352, 1267
428455.6041, 68.9975, 32.9867, 513.9779, 0.0967, -0.0773, 0.0320, 68.9975, 32.9867, 513.9779, 0.0967, -0.0773, 0.0320, 1268
428455.6207, 68.6950, 33.0997, 512.3216, 0.0929, -0.0760, 0.0376, 68.6950, 33.0997, 512.3216, 0.0929, -0.0760, 0.0376, 1269
428455.6374, 68.3773, 33.1333, 512.1221, 0.0971, -0.0797, 0.0345, 68.3773, 33.1333, 512.1221, 0.0971, -0.0797, 0.0345, 1270
428455.6541, 68.3506, 32.8928, 511.7658, 0.1049, -0.0929, 0.0354, 68.3506, 32.8928, 511.7658, 0.1049, -0.0929, 0.0354, 1271
428455.6707, 68.2778, 32.9816, 510.6061, 0.1001, -0.0893, 0.0362, 68.2778, 32.9816, 510.6061, 0.1001, -0.0893, 0.0362, 1272
428455.6874, 68.5619, 32.9121, 513.0262, 0.1051, -0.0854, 0.0329, 68.5619, 32.9121, 513.0262, 0.1051, -0.0854, 0.0329, 1273
428455.7041, 68.0574, 33.3399, 509.2970, 0.0915, -0.0846, 0.0340, 68.0574, 33.3399, 509.2970, 0.0915, -0.0846, 0.0340, 1274
428455.7207, 67.8845, 33.3178, 509.2011, 0.1007, -0.0923, 0.0364, 67.8845, 33.3178, 509.2011, 0.1007, -0.0923, 0.0364, 1275
428455.7374, 68.1192, 33.0902, 510.0162, 0.1054, -0.0923, 0.0309, 68.1192, 33.0902, 510.0162, 0.1054, -0.0923, 0.0309, 1276
428455.7541, 68.2568, 33.1421, 511.1868, 0.0961, -0.0924, 0.0334, 68.2568, 33.1421, 511.1868, 0.0961, -0.0924, 0.0334, 1277
428455.7707, 68.1679, 33.1835, 511.4244, 0.1005, -0.0904, 0.0325, 68.1679, 33.1835, 511.4244, 0.1005, -0.0904, 0.0325, 1278
428455.7874, 68.5459, 32.5854, 513.9260, 0.1066, -0.0890, 0.0298, 68.5459, 32.5854, 513.9260, 0.1066, -0.0890, 0.0298, 1279
428455.8048, 68.5125, 31.5666, 514.3464, 0.1461, -0.0878, 0.0236, 68.5125, 31.5666, 514.3464, 0.1461, -0.0878, 0.0236, 1280
428455.8214, 68.3134, 30.8862, 514.8047, 0.1871, -0.0962, 0.0246, 68.3134, 30.8862, 514.8047, 0.1871, -0.0962, 0.0246, 1281
428455.8381, 68.3765, 30.1164, 515.0632, 0.2095, -0.0930, 0.0273, 68.3765, 30.1164, 515.0632, 0.2095, -0.0930, 0.0273, 1282
428455.8548, 68.0074, 29.8378, 512.5824, 0.2136, -0.0968, 0.0241, 68.0074, 29.8378, 512.5824, 0.2136, -0.0968, 0.0241, 1283
428455.8715, 68.0525, 29.4420, 513.0226, 0.2361, -0.1030, 0.0264, 68.0525, 29.4420, 513.0226, 0.2361, -0.1030, 0.0264, 1284
428455.8881, 68.0229, 29.3897, 513.4222, 0.2339, -0.1026, 0.0273, 68.0229, 29.3897, 513.4222, 0.2339, -0.1026, 0.0273, 1285
428455.9048, 67.7695, 29.5936, 510.6314, 0.2325, -0.1009, 0.0297, 67.7695, 29.5936, 510.6314, 0.2325, -0.1009, 0.0297, 1286
428455.9215, 67.7401, 29.3705, 510.4803, 0.2183, -0.1021, 0.0252, 67.7401, 29.3705, 510.4803, 0.2183, -0.1021, 0.0252, 1287
428455.9382, 68.0821, 29.1524, 510.2780, 0.2342, -0.1111, 0.0277, 68.0821, 29.1524, 510.2780, 0.2342, -0.1111, 0.0277, 1288
428455.9548, 68.0007, 28.9336, 510.2168, 0.2400, -0.1106, 0.0260, 68.0007, 28.9336, 510.2168, 0.2400, -0.1106, 0.0260, 1289
428455.9715, 68.3587, 29.0520, 510.8657, 0.2280, -0.1090, 0.0254, 68.3587, 29.0520, 510.8657, 0.2280, -0.1090, 0.0254, 1290
428455.9882, 68.5163, 28.8558, 512.5786, 0.2197, -0.1075, 0.0285, 68.5163, 28.8558, 512.5786, 0.2197, -0.1075, 0.0285, 1291
428456.0049, 68.4488, 28.8351, 511.4495, 0.2301, -0.1079, 0.0248, 68.4488, 28.8351, 511.4495, 0.2301, -0.1079, 0.0248, 1292
428456.0215, 68.2299, 28.9507, 511.1999, 0.2176, -0.1095, 0.0260, 68.2299, 28.9507, 511.1999, 0.2176, -0.1095, 0.0260, 1293
428456.0382, 68.2023, 29.0575, 510.0306, 0.2262, -0.1114, 0.0272, 68.2023, 29.0575, 510.0306, 0.2262, -0.1114, 0.0272, 1294
428456.0549, 68.3641, 28.8077, 510.8460, 0.2307, -0.1093, 0.0268, 68.3641, 28.8077, 510.8460, 0.2307, -0.1093, 0.0268, 1295
428456.0715, 68.8689, 28.7101, 513.2667, 0.2298, -0.1124, 0.0315, 68.8689, 28.7101, 513.2667, 0.2298, -0.1124, 0.0315, 1296
428456.0882, 68.9540, 28.3771, 512.1875, 0.2315, -0.1039, 0.0270, 68.9540, 28.3771, 512.1875, 0.2315, -0.1039, 0.0270, 1297
428456.1049, 69.0591, 28.4120, 513.0291, 0.2284, -0.1107, 0.0366, 69.0591, 28.4120, 513.0291, 0.2284, -0.1107, 0.0366, 1298
428456.1216, 69.0374, 28.2909, 511.8797, 0.2272, -0.1011, 0.0325, 69.0374, 28.2909, 511.8797, 0.2272, -0.1011, 0.0325, 1299
428456.1382, 68.6058, 28.3623, 509.7573, 0.2262, -0.1124, 0.0339, 68.6058, 28.3623, 509.7573, 0.2262, -0.1124, 0.0339, 1300
428456.1549, 68.8425, 28.4258, 510.0507, 0.2324, -0.1172, 0.0324, 68.8425, 28.4258, 510.0507, 0.2324, -0.1172, 0.0324, 1301
428456.1716, 68.7679, 28.4637, 508.2790, 0.2485, -0.1188, 0.0282, 68.7679, 28.4637, 508.2790, 0.2485, -0.1188, 0.0282, 1302
428456.1883, 69.0551, 29.1241, 509.6926, 0.2324, -0.1177, 0.0377, 69.0551, 29.1241, 509.6926, 0.2324, -0.1177, 0.0377, 1303
428456.2049, 69.8778, 28.7892, 511.7024, 0.2318, -0.1144, 0.0325, 69.8778, 28.7892, 511.7024, 0.2318, -0.1144, 0.0325, 1304
428456.2216, 69.7992, 28.7278, 512.0748, 0.2295, -0.1139, 0.0329, 69.7992, 28.7278, 512.0748, 0.2295, -0.1139, 0.0329, 1305
428456.2383, 69.9265, 28.5545, 510.9048, 0.2364, -0.1185, 0.0340, 69.9265, 28.5545, 510.9048, 0.2364, -0.1185, 0.0340, 1306
428456.2550, 70.0649, 28.6076, 509.9201, 0.2232, -0.1304, 0.0353, 70.0649, 28.6076, 509.9201, 0.2232, -0.1304, 0.0353, 1307
428456.2716, 70.5082, 28.4089, 511.3661, 0.2349, -0.1260, 0.0358, 70.5082, 28.4089, 511.3661, 0.2349, -0.1260, 0.0358, 1308
428456.2883, 70.9170, 28.6913, 512.3230, 0.2270, -0.1309, 0.0425, 70.9170, 28.6913, 512.3230, 0.2270, -0.1309, 0.0425, 1309
428456.3050, 71.0727, 28.5375, 511.4684, 0.2377, -0.1300, 0.0344, 71.0727, 28.5375, 511.4684, 0.2377, -0.1300, 0.0344, 1310
428456.3217, 70.8782, 28.9409, 508.6046, 0.2317, -0.1269, 0.0438, 70.8782, 28.9409, 508.6046, 0.2317, -0.1269, 0.0438, 1311
428456.3383, 71.6719, 28.9960, 512.9055, 0.2274, -0.1260, 0.0360, 71.6719, 28.9960, 512.9055, 0.2274, -0.1260, 0.0360, 1312
428456.3550, 71.9500, 29.3224, 511.2523, 0.2323, -0.1472, 0.0443, 71.9500, 29.3224, 511.2523, 0.2323, -0.1472, 0.0443, 1313
428456.3717, 72.2403, 29.2727, 511.6339, 0.2178, -0.1195, 0.0393, 72.2403, 29.2727, 511.6339, 0.2178, -0.1195, 0.0393, 1314
428456.3883, 72.0327, 29.2074, 512.2745, 0.2194, -0.1374, 0.0413, 72.0327, 29.2074, 512.2745, 0.2194, -0.1374, 0.0413, 1315
428456.4050, 72.2021, 29.0156, 510.2979, 0.2311, -0.1423, 0.0408, 72.2021, 29.0156, 510.2979, 0.2311, -0.1423, 0.0408, 1316
428456.4217, 72.0361, 28.8443, 510.2811, 0.2246, -0.1370, 0.0420, 72.0361, 28.8443, 510.2811, 0.2246, -0.1370, 0.0420, 1317
428456.4384, 71.9048, 29.0387, 508.3489, 0.2169, -0.1415, 0.0452, 71.9048, 29.0387, 508.3489, 0.2169, -0.1415, 0.0452, 1318
428456.4550, 71.9613, 28.8079, 508.8418, 0.2364, -0.1351, 0.0431, 71.9613, 28.8079, 508.8418, 0.2364, -0.1351, 0.0431, 1319
428456.4717, 72.2985, 29.0773, 511.2626, 0.2188, -0.1441, 0.0463, 72.2985, 29.0773, 511.2626, 0.2188, -0.1441, 0.0463, 1320
428456.4884, 72.1688, 29.1841, 508.5207, 0.2262, -0.1447, 0.0448, 72.1688, 29.1841, 508.5207, 0.2262, -0.1447, 0.0448, 1321
428456.5051, 72.1021, 29.1337, 509.2732, 0.2366, -0.1433, 0.0467, 72.1021, 29.1337, 509.2732, 0.2366, -0.1433, 0.0467, 1322
428456.5217, 72.2350, 29.2177, 508.4342, 0.2280, -0.1437, 0.0461, 72.2350, 29.2177, 508.4342, 0.2280, -0.1437, 0.0461, 1323
428456.5384, 72.2063, 29.2272, 508.8951, 0.2243, -0.1430, 0.0518, 72.2063, 29.2272, 508.8951, 0.2243, -0.1430, 0.0518, 1324
428456.5551, 72.4010, 29.0940, 508.2125, 0.2348, -0.1382, 0.0408, 72.4010, 29.0940, 508.2125, 0.2348, -0.1382, 0.0408, 1325
428456.5718, 72.3528, 29.1414, 510.1368, 0.2176, -0.1448, 0.0487, 72.3528, 29.1414, 510.1368, 0.2176, -0.1448, 0.0487, 1326
428456.5886, 72.3226, 28.9835, 508.9644, 0.2347, -0.1437, 0.0451, 72.3226, 28.9835, 508.9644, 0.2347, -0.1437, 0.0451, 1327
428456.6053, 73.0431, 28.8641, 511.6319, 0.2322, -0.1483, 0.0440, 73.0431, 28.8641, 511.6319, 0.2322, -0.1483, 0.0440, 1328
428456.6219, 72.0956, 29.0447, 506.4294, 0.2242, -0.1458, 0.0453, 72.0956, 29.0447, 506.4294, 0.2242, -0.1458, 0.0453, 1329
428456.6386, 72.3654, 28.9758, 509.1190, 0.2344, -0.1496, 0.0447, 72.3654, 28.9758, 509.1190, 0.2344, -0.1496, 0.0447, 1330
428456.6553, 72.5577, 29.4104, 509.8400, 0.2202, -0.1536, 0.0467, 72.5577, 29.4104, 509.8400, 0.2202, -0.1536, 0.0467, 1331
428456.6720, 72.3029, 29.2833, 507.1255, 0.2321, -0.1354, 0.0440, 72.3029, 29.2833, 507.1255, 0.2321, -0.1354, 0.0440, 1332
428456.6887, 72.6620, 29.3992, 509.6221, 0.2270, -0.1449, 0.0446, 72.6620, 29.3992, 509.6221, 0.2270, -0.1449, 0.0446, 1333
428456.7053, 72.4899, 29.4101, 509.6837, 0.2284, -0.1432, 0.0458, 72.4899, 29.4101, 509.6837, 0.2284, -0.1432, 0.0458, 1334
428456.7220, 72.7120, 29.5646, 508.6408, 0.2186, -0.1397, 0.0436, 72.7120, 29.5646, 508.6408, 0.2186, -0.1397, 0.0436, 1335
428456.7387, 72.6768, 29.9872, 510.2573, 0.2186, -0.1373, 0.0397, 72.6768, 29.9872, 510.2573, 0.2186, -0.1373, 0.0397, 1336
428456.7554, 72.0861, 31.0301, 508.1500, 0.1962, -0.1285, 0.0410, 72.0861, 31.0301, 508.1500, 0.1962, -0.1285, 0.0410, 1337
428456.7721, 71.4794, 32.1943, 504.7090, 0.1454, -0.1252, 0.0427, 71.4794, 32.1943, 504.7090, 0.1454, -0.1252, 0.0427, 1338
428456.7887, 71.7830, 33.0122, 506.0797, 0.1372, -0.1268, 0.0497, 71.7830, 33.0122, 506.0797, 0.1372, -0.1268, 0.0497, 1339
428456.8054, 71.4489, 33.6116, 504.5547, 0.0889, -0.1210, 0.0516, 71.4489, 33.6116, 504.5547, 0.0889, -0.1210, 0.0516, 1340
428456.8221, 71.6796, 33.8031, 506.2850, 0.1052, -0.1227, 0.0539, 71.6796, 33.8031, 506.2850, 0.1052, -0.1227, 0.0539, 1341
428456.8388, 71.6377, 33.9472, 506.3678, 0.1073, -0.1174, 0.0488, 71.6377, 33.9472, 506.3678, 0.1073, -0.1174, 0.0488, 1342
428456.8555, 71.3635, 34.2924, 502.9728, 0.0967, -0.1249, 0.0514, 71.3635, 34.2924, 502.9728, 0.0967, -0.1249, 0.0514, 1343
428456.8721, 71.5137, 33.8773, 504.7501, 0.0876, -0.1178, 0.0446, 71.5137, 33.8773, 504.7501, 0.0876, -0.1178, 0.0446, 1344
428456.8888, 71.1876, 34.0510, 503.0669, 0.0855, -0.1216, 0.0505, 71.1876, 34.0510, 503.0669, 0.0855, -0.1216, 0.0505, 1345
428456.9055, 71.2705, 33.8970, 504.5419, 0.0958, -0.1203, 0.0494, 71.2705, 33.8970, 504.5419, 0.0958, -0.1203, 0.0494, 1346
428456.9222, 71.4330, 33.4401, 506.5987, 0.0926, -0.1105, 0.0444, 71.4330, 33.4401, 506.5987, 0.0926, -0.1105, 0.0444, 1347
428456.9389, 70.9438, 33.4575, 502.9900, 0.0981, -0.1252, 0.0482, 70.9438, 33.4575, 502.9900, 0.0981, -0.1252, 0.0482, 1348
428456.9555, 70.6240, 33.5052, 503.6033, 0.0940, -0.1163, 0.0478, 70.6240, 33.5052, 503.6033, 0.0940, -0.1163, 0.0478, 1349
428456.9722, 71.1404, 33.6911, 505.0067, 0.0846, -0.1129, 0.0490, 71.1404, 33.6911, 505.0067, 0.0846, -0.1129, 0.0490, 1350
428456.9887, 70.9516, 33.7775, 504.6227, 0.0969, -0.1137, 0.0491, 70.9516, 33.7775, 504.6227, 0.0969, -0.1137, 0.0491, 1351
428457.0054, 71.4532, 34.0432, 507.3199, 0.0968, -0.1163, 0.0522, 71.4532, 34.0432, 507.3199, 0.0968, -0.1163, 0.0522, 1352
428457.0221, 71.3478, 33.9811, 507.2758, 0.0944, -0.1121, 0.0502, 71.3478, 33.9811, 507.2758, 0.0944, -0.1121, 0.0502, 1353
428457.0388, 71.4216, 33.8718, 506.9362, 0.0965, -0.1120, 0.0441, 71.4216, 33.8718, 506.9362, 0.0965, -0.1120, 0.0441, 1354
428457.0554, 70.6012, 33.8771, 503.7072, 0.0854, -0.1189, 0.0476, 70.6012, 33.8771, 503.7072, 0.0854, -0.1189, 0.0476, 1355
428457.0721, 70.8627, 33.6680, 504.8305, 0.0809, -0.1156, 0.0462, 70.8627, 33.6680, 504.8305, 0.0809, -0.1156, 0.0462, 1356
428457.0888, 71.0516, 33.3382, 506.4486, 0.0843, -0.1081, 0.0450, 71.0516, 33.3382, 506.4486, 0.0843, -0.1081, 0.0450, 1357
428457.1055, 70.6620, 33.3440, 503.3485, 0.0696, -0.1146, 0.0467, 70.6620, 33.3440, 503.3485, 0.0696, -0.1146, 0.0467, 1358
428457.1221, 70.7682, 33.3108, 504.2547, 0.0800, -0.1160, 0.0468, 70.7682, 33.3108, 504.2547, 0.0800, -0.1160, 0.0468, 1359
428457.1388, 71.0639, 33.2748, 507.2553, 0.0882, -0.1193, 0.0459, 71.0639, 33.2748, 507.2553, 0.0882, -0.1193, 0.0459, 1360
428457.1555, 70.9601, 33.4660, 505.6816, 0.0935, -0.1199, 0.0457, 70.9601, 33.4660, 505.6816, 0.0935, -0.1199, 0.0457, 1361
428457.1721, 70.4401, 33.8617, 504.0245, 0.0716, -0.1158, 0.0483, 70.4401, 33.8617, 504.0245, 0.0716, -0.1158, 0.0483, 1362
428457.1888, 70.8666, 33.9418, 505.8209, 0.0924, -0.1207, 0.0474, 70.8666, 33.9418, 505.8209, 0.0924, -0.1207, 0.0474, 1363
428457.2055, 70.7714, 34.0098, 505.7246, 0.0912, -0.1118, 0.0446, 70.7714, 34.0098, 505.7246, 0.0912, -0.1118, 0.0446, 1364
428457.2222, 70.6543, 33.8326, 505.2537, 0.0905, -0.1121, 0.0429, 70.6543, 33.8326, 505.2537, 0.0905, -0.1121, 0.0429, 1365
428457.2388, 70.2587, 33.6762, 503.8245, 0.0809, -0.1074, 0.0487, 70.2587, 33.6762, 503.8245, 0.0809, -0.1074, 0.0487, 1366
428457.2555, 70.6659, 33.4690, 506.4825, 0.0846, -0.1089, 0.0446, 70.6659, 33.4690, 506.4825, 0.0846, -0.1089, 0.0446, 1367
428457.2722, 70.6684, 33.5560, 504.6161, 0.0767, -0.1078, 0.0418, 70.6684, 33.5560, 504.6161, 0.0767, -0.1078, 0.0418, 1368
428457.2889, 70.5927, 33.4804, 505.2613, 0.1033, -0.1178, 0.0456, 70.5927, 33.4804, 505.2613, 0.1033, -0.1178, 0.0456, 1369
428457.3055, 70.6316, 33.5662, 505.3287, 0.1050, -0.1215, 0.0470, 70.6316, 33.5662, 505.3287, 0.1050, -0.1215, 0.0470, 1370
428457.3222, 70.3849, 33.7631, 504.1966, 0.0925, -0.1110, 0.0465, 70.3849, 33.7631, 504.1966, 0.0925, -0.1110, 0.0465, 1371
428457.3389, 70.5360, 33.9761, 504.1770, 0.0897, -0.1167, 0.0445, 70.5360, 33.9761, 504.1770, 0.0897, -0.1167, 0.0445, 1372
428457.3556, 70.3665, 33.8679, 502.7804, 0.0951, -0.1166, 0.0449, 70.3665, 33.8679, 502.7804, 0.0951, -0.1166, 0.0449, 1373
428457.3725, 70.7924, 33.8309, 504.7117, 0.0943, -0.1099, 0.0454, 70.7924, 33.8309, 504.7117, 0.0943, -0.1099, 0.0454, 1374
428457.3892, 70.6453, 33.8919, 504.1628, 0.0883, -0.1145, 0.0455, 70.6453, 33.8919, 504.1628, 0.0883, -0.1145, 0.0455, 1375
428457.4059, 70.4800, 33.8660, 503.0904, 0.0949, -0.1193, 0.0448, 70.4800, 33.8660, 503.0904, 0.0949, -0.1193, 0.0448, 1376
428457.4226, 70.2414, 33.6254, 503.4506, 0.0886, -0.1113, 0.0474, 70.2414, 33.6254, 503.4506, 0.0886, -0.1113, 0.0474, 1377
428457.4393, 70.4611, 33.5117, 502.6861, 0.0876, -0.1138, 0.0437, 70.4611, 33.5117, 502.6861, 0.0876, -0.1138, 0.0437, 1378
428457.4559, 70.6608, 33.4117, 505.1348, 0.0936, -0.1195, 0.0458, 70.6608, 33.4117, 505.1348, 0.0936, -0.1195, 0.0458, 1379
428457.4726, 70.1962, 33.6218, 502.3507, 0.0822, -0.1077, 0.0430, 70.1962, 33.6218, 502.3507, 0.0822, -0.1077, 0.0430, 1380
428457.4893, 70.4963, 33.6182, 503.9381, 0.0889, -0.1239, 0.0421, 70.4963, 33.6182, 503.9381, 0.0889, -0.1239, 0.0421, 1381
428457.5060, 69.6160, 33.8263, 500.1469, 0.0846, -0.1132, 0.0429, 69.6160, 33.8263, 500.1469, 0.0846, -0.1132, 0.0429, 1382
428457.5227, 70.1676, 33.8701, 502.5982, 0.0863, -0.1148, 0.0460, 70.1676, 33.8701, 502.5982, 0.0863, -0.1148, 0.0460, 1383
428457.5393, 70.7400, 33.6814, 504.6308, 0.0848, -0.1128, 0.0440, 70.7400, 33.6814, 504.6308, 0.0848, -0.1128, 0.0440, 1384
428457.5560, 70.6874, 33.6592, 504.9055, 0.0883, -0.1118, 0.0460, 70.6874, 33.6592, 504.9055, 0.0883, -0.1118, 0.0460, 1385
428457.5727, 70.5779, 33.1651, 503.9777, 0.1027, -0.1110, 0.0411, 70.5779, 33.1651, 503.9777, 0.1027, -0.1110, 0.0411, 1386
428457.5894, 71.2117, 32.1647, 506.7010, 0.1411, -0.1204, 0.0377, 71.2117, 32.1647, 506.7010, 0.1411, -0.1204, 0.0377, 1387
428457.6061, 71.7587, 31.1350, 510.6984, 0.1757, -0.1179, 0.0431, 71.7587, 31.1350, 510.6984, 0.1757, -0.1179, 0.0431, 1388
