CaptureTime, LeftLM1.x, LeftLM1.y, LeftLM2.x, LeftLM2.y, LeftLM3.x, LeftLM3.y, LeftLM4.x, LeftLM4.y, LeftLM5.x, LeftLM5.y, LeftLM6.x, LeftLM6.y, RightLM1.x, RightLM1.y, RightLM2.x, RightLM2.y, RightLM3.x, RightLM3.y, RightLM4.x, RightLM4.y, RightLM5.x, RightLM5.y, RightLM6.x, RightLM6.y, frameNumber
1214878.8188, 241.1432, 178.6104,239.6433, 181.2085,236.6434, 181.2086,235.1432, 178.6107,236.6429, 176.0125,239.6429, 176.0121,297.0669, 182.2451,294.0670, 182.2452,292.5668, 179.6473,294.0665, 177.0491,297.0664, 177.0487,298.5668, 179.6465,368.9144, 194.9689,367.4145, 197.5669,364.4146, 197.5671,362.9145, 194.9692,364.4141, 192.3710,367.4140, 192.3706,424.3369, 197.8363,421.3370, 197.8365,419.8369, 195.2386,421.3365, 192.6404,424.3365, 192.6400,425.8369, 195.2377,1924
1214878.8355, 242.0172, 178.0523,240.5172, 180.6503,237.5173, 180.6505,236.0172, 178.0526,237.5168, 175.4544,240.5168, 175.4540,298.2817, 181.8506,295.2817, 181.8508,293.7816, 179.2529,295.2812, 176.6547,298.2812, 176.6543,299.7816, 179.2520,369.9691, 194.4059,368.4691, 197.0039,365.4692, 197.0041,363.9691, 194.4062,365.4687, 191.8080,368.4686, 191.8076,424.9063, 197.8236,421.9063, 197.8237,420.4062, 195.2259,421.9059, 192.6277,424.9058, 192.6273,426.4062, 195.2250,1925
1214878.8522, 243.0319, 177.8443,241.5320, 180.4423,238.5321, 180.4425,237.0319, 177.8446,238.5316, 175.2464,241.5315, 175.2460,299.2493, 181.6054,296.2494, 181.6055,294.7493, 179.0076,296.2489, 176.4095,299.2488, 176.4090,300.7492, 179.0068,371.1762, 194.5147,369.6763, 197.1128,366.6764, 197.1129,365.1762, 194.5150,366.6759, 191.9169,369.6758, 191.9164,426.4037, 197.3474,423.4037, 197.3476,421.9036, 194.7497,423.4033, 192.1515,426.4032, 192.1511,427.9036, 194.7489,1926
1214878.8689, 244.6348, 177.1927,243.1349, 179.7907,240.1350, 179.7908,238.6348, 177.1929,240.1345, 174.5948,243.1344, 174.5943,300.9316, 181.0554,297.9317, 181.0556,296.4315, 178.4577,297.9312, 175.8595,300.9312, 175.8591,302.4315, 178.4568,373.0493, 193.6945,371.5494, 196.2926,368.5495, 196.2927,367.0493, 193.6948,368.5490, 191.0966,371.5489, 191.0962,427.8854, 197.3293,424.8854, 197.3294,423.3853, 194.7315,424.8849, 192.1334,427.8849, 192.1329,429.3853, 194.7307,1927
1214878.8856, 246.1849, 177.1103,244.6850, 179.7083,241.6851, 179.7084,240.1849, 177.1105,241.6846, 174.5124,244.6845, 174.5119,302.6350, 181.3139,299.6350, 181.3140,298.1349, 178.7161,299.6346, 176.1180,302.6345, 176.1176,304.1349, 178.7153,374.5200, 193.9909,373.0201, 196.5889,370.0202, 196.5891,368.5200, 193.9912,370.0197, 191.3930,373.0196, 191.3926,429.8855, 197.5394,426.8856, 197.5396,425.3855, 194.9417,426.8851, 192.3435,429.8850, 192.3431,431.3854, 194.9408,1928
1214878.9023, 248.0663, 177.2896,246.5664, 179.8876,243.5664, 179.8877,242.0663, 177.2898,243.5659, 174.6917,246.5659, 174.6913,304.3842, 181.4935,301.3843, 181.4936,299.8841, 178.8958,301.3838, 176.2976,304.3837, 176.2972,305.8841, 178.8949,376.2691, 194.0585,374.7692, 196.6565,371.7692, 196.6567,370.2691, 194.0588,371.7687, 191.4606,374.7687, 191.4602,431.8936, 197.6196,428.8936, 197.6198,427.3935, 195.0219,428.8932, 192.4237,431.8931, 192.4233,433.3935, 195.0211,1929
1214878.9190, 249.8070, 177.4479,248.3070, 180.0459,245.3071, 180.0460,243.8070, 177.4481,245.3066, 174.8500,248.3066, 174.8495,305.8196, 181.7157,302.8197, 181.7159,301.3195, 179.1180,302.8192, 176.5198,305.8191, 176.5194,307.3195, 179.1172,377.9408, 193.9329,376.4409, 196.5309,373.4409, 196.5310,371.9408, 193.9331,373.4405, 191.3350,376.4404, 191.3345,433.3238, 197.3593,430.3239, 197.3595,428.8237, 194.7616,430.3234, 192.1634,433.3233, 192.1630,434.8237, 194.7608,1930
1214878.9357, 251.8467, 177.5878,250.3468, 180.1858,247.3469, 180.1860,245.8467, 177.5881,247.3464, 174.9899,250.3463, 174.9895,307.7303, 181.8909,304.7304, 181.8910,303.2303, 179.2931,304.7299, 176.6949,307.7299, 176.6945,309.2303, 179.2923,379.7545, 194.4213,378.2545, 197.0193,375.2546, 197.0194,373.7545, 194.4216,375.2542, 191.8234,378.2541, 191.8230,435.0447, 197.7926,432.0448, 197.7927,430.5446, 195.1948,432.0443, 192.5967,435.0443, 192.5962,436.5446, 195.1940,1931
1214878.9524, 253.7582, 177.3289,252.2583, 179.9269,249.2584, 179.9271,247.7582, 177.3292,249.2579, 174.7310,252.2578, 174.7306,309.6623, 181.9507,306.6624, 181.9509,305.1622, 179.3530,306.6619, 176.7548,309.6618, 176.7544,311.1622, 179.3521,381.5544, 194.4856,380.0545, 197.0836,377.0545, 197.0838,375.5544, 194.4859,377.0540, 191.8877,380.0540, 191.8873,436.9724, 198.0211,433.9724, 198.0212,432.4723, 195.4233,433.9720, 192.8252,436.9719, 192.8248,438.4723, 195.4225,1932
1214878.9691, 255.6264, 177.7258,254.1265, 180.3239,251.1266, 180.3240,249.6264, 177.7261,251.1261, 175.1279,254.1261, 175.1275,311.8607, 182.4268,308.8607, 182.4270,307.3606, 179.8291,308.8603, 177.2309,311.8602, 177.2305,313.3606, 179.8283,383.7169, 194.6440,382.2170, 197.2421,379.2171, 197.2422,377.7169, 194.6443,379.2166, 192.0462,382.2165, 192.0457,439.4535, 198.4674,436.4536, 198.4676,434.9534, 195.8697,436.4531, 193.2715,439.4530, 193.2711,440.9534, 195.8689,1933
1214878.9858, 258.1179, 177.3584,256.6180, 179.9564,253.6180, 179.9566,252.1179, 177.3587,253.6176, 174.7605,256.6175, 174.7601,313.9373, 182.3039,310.9374, 182.3040,309.4373, 179.7061,310.9369, 177.1080,313.9369, 177.1075,315.4373, 179.7053,385.9976, 194.3716,384.4977, 196.9697,381.4978, 196.9698,379.9977, 194.3719,381.4973, 191.7737,384.4972, 191.7733,441.5016, 198.2400,438.5017, 198.2401,437.0015, 195.6422,438.5012, 193.0441,441.5011, 193.0436,443.0015, 195.6414,1934
1214879.0025, 260.1770, 176.9925,258.6771, 179.5905,255.6771, 179.5907,254.1770, 176.9928,255.6767, 174.3946,258.6766, 174.3942,316.0625, 181.9049,313.0626, 181.9051,311.5625, 179.3072,313.0621, 176.7090,316.0620, 176.7086,317.5624, 179.3064,388.3449, 193.7299,386.8450, 196.3279,383.8450, 196.3281,382.3449, 193.7302,383.8445, 191.1320,386.8445, 191.1316,444.0081, 197.9507,441.0082, 197.9508,439.5081, 195.3529,441.0077, 192.7547,444.0077, 192.7543,445.5081, 195.3521,1935
1214879.0191, 262.2954, 176.5278,260.7955, 179.1259,257.7956, 179.1260,256.2954, 176.5281,257.7951, 173.9299,260.7950, 173.9295,318.2710, 181.6664,315.2711, 181.6665,313.7709, 179.0686,315.2706, 176.4705,318.2705, 176.4700,319.7709, 179.0678,390.2782, 193.3179,388.7783, 195.9159,385.7784, 195.9161,384.2782, 193.3182,385.7779, 190.7200,388.7778, 190.7196,446.2696, 197.6997,443.2697, 197.6998,441.7695, 195.1019,443.2692, 192.5037,446.2691, 192.5033,447.7695, 195.1011,1936
1214879.0358, 264.0416, 175.8480,262.5417, 178.4460,259.5418, 178.4462,258.0416, 175.8483,259.5413, 173.2501,262.5412, 173.2497,320.5818, 181.2257,317.5819, 181.2258,316.0818, 178.6279,317.5814, 176.0298,320.5814, 176.0293,322.0818, 178.6271,392.6552, 192.9278,391.1553, 195.5258,388.1554, 195.5260,386.6552, 192.9281,388.1549, 190.3299,391.1548, 190.3295,448.7750, 197.4049,445.7751, 197.4050,444.2749, 194.8071,445.7746, 192.2089,448.7745, 192.2085,450.2749, 194.8063,1937
1214879.0525, 266.1373, 175.7623,264.6374, 178.3603,261.6375, 178.3604,260.1374, 175.7625,261.6370, 173.1644,264.6369, 173.1640,322.6738, 181.0910,319.6739, 181.0911,318.1737, 178.4933,319.6734, 175.8951,322.6733, 175.8947,324.1737, 178.4924,395.0682, 192.4348,393.5683, 195.0328,390.5684, 195.0330,389.0682, 192.4351,390.5679, 189.8369,393.5678, 189.8365,451.1364, 197.1207,448.1365, 197.1208,446.6363, 194.5229,448.1360, 191.9247,451.1359, 191.9243,452.6363, 194.5221,1938
1214879.0692, 268.1870, 175.9285,266.6870, 178.5265,263.6871, 178.5267,262.1870, 175.9288,263.6866, 173.3306,266.6866, 173.3302,324.6460, 181.1114,321.6461, 181.1115,320.1459, 178.5136,321.6456, 175.9155,324.6455, 175.9150,326.1459, 178.5128,397.0945, 192.4002,395.5946, 194.9983,392.5947, 194.9984,391.0945, 192.4005,392.5942, 189.8024,395.5941, 189.8019,453.2693, 197.1477,450.2694, 197.1478,448.7692, 194.5499,450.2689, 191.9518,453.2688, 191.9514,454.7692, 194.5491,1939
1214879.0859, 270.5572, 176.0288,269.0573, 178.6269,266.0573, 178.6270,264.5572, 176.0291,266.0569, 173.4309,269.0568, 173.4305,327.1956, 181.1399,324.1956, 181.1401,322.6955, 178.5422,324.1952, 175.9440,327.1951, 175.9436,328.6955, 178.5414,399.3172, 192.6745,397.8173, 195.2725,394.8174, 195.2727,393.3172, 192.6748,394.8169, 190.0766,397.8168, 190.0762,455.5474, 197.2812,452.5475, 197.2814,451.0474, 194.6835,452.5470, 192.0853,455.5469, 192.0849,457.0473, 194.6827,1940
1214879.1026, 272.3921, 175.7830,270.8922, 178.3810,267.8923, 178.3812,266.3921, 175.7833,267.8918, 173.1851,270.8917, 173.1847,329.0919, 181.2360,326.0920, 181.2362,324.5919, 178.6383,326.0915, 176.0401,329.0915, 176.0397,330.5919, 178.6374,401.5225, 192.4668,400.0226, 195.0648,397.0226, 195.0649,395.5225, 192.4670,397.0222, 189.8689,400.0221, 189.8685,457.7149, 197.1520,454.7150, 197.1521,453.2148, 194.5542,454.7145, 191.9561,457.7144, 191.9557,459.2148, 194.5534,1941
1214879.1193, 274.7963, 175.9428,273.2964, 178.5408,270.2965, 178.5410,268.7963, 175.9431,270.2960, 173.3449,273.2959, 173.3445,331.2498, 181.4060,328.2499, 181.4061,326.7497, 178.8082,328.2494, 176.2100,331.2493, 176.2096,332.7497, 178.8074,403.6438, 192.7826,402.1439, 195.3806,399.1440, 195.3807,397.6438, 192.7828,399.1435, 190.1847,402.1434, 190.1842,460.1013, 197.3816,457.1014, 197.3817,455.6012, 194.7838,457.1009, 192.1856,460.1008, 192.1852,461.6012, 194.7830,1942
1214879.1360, 276.5253, 175.5400,275.0254, 178.1380,272.0255, 178.1382,270.5253, 175.5403,272.0250, 172.9421,275.0249, 172.9417,333.0140, 181.4424,330.0140, 181.4425,328.5139, 178.8446,330.0135, 176.2464,333.0135, 176.2460,334.5139, 178.8438,405.7768, 192.6247,404.2769, 195.2227,401.2770, 195.2229,399.7768, 192.6250,401.2765, 190.0268,404.2764, 190.0264,461.9123, 197.4462,458.9123, 197.4463,457.4122, 194.8484,458.9118, 192.2502,461.9118, 192.2498,463.4122, 194.8476,1943
1214879.1527, 278.4935, 176.1428,276.9936, 178.7408,273.9937, 178.7410,272.4936, 176.1431,273.9932, 173.5449,276.9931, 173.5445,335.3405, 181.4384,332.3406, 181.4385,330.8405, 178.8406,332.3401, 176.2424,335.3401, 176.2420,336.8405, 178.8398,407.5131, 192.7331,406.0132, 195.3311,403.0132, 195.3313,401.5131, 192.7334,403.0128, 190.1352,406.0127, 190.1348,464.2854, 197.7843,461.2855, 197.7844,459.7853, 195.1865,461.2850, 192.5884,464.2849, 192.5879,465.7853, 195.1857,1944
1214879.1694, 280.7686, 175.4791,279.2687, 178.0771,276.2688, 178.0772,274.7686, 175.4794,276.2683, 172.8812,279.2682, 172.8808,336.9319, 181.5209,333.9319, 181.5210,332.4318, 178.9231,333.9314, 176.3250,336.9314, 176.3246,338.4318, 178.9223,409.3840, 192.2381,407.8841, 194.8361,404.8842, 194.8363,403.3840, 192.2384,404.8837, 189.6402,407.8836, 189.6398,465.9038, 197.5780,462.9038, 197.5781,461.4037, 194.9802,462.9034, 192.3820,465.9033, 192.3816,467.4037, 194.9794,1945
1214879.1861, 282.1339, 175.7491,280.6339, 178.3471,277.6340, 178.3472,276.1339, 175.7493,277.6335, 173.1512,280.6334, 173.1508,338.2603, 181.8758,335.2604, 181.8760,333.7602, 179.2781,335.2599, 176.6799,338.2598, 176.6795,339.7602, 179.2773,410.9185, 192.3913,409.4185, 194.9893,406.4186, 194.9895,404.9185, 192.3916,406.4181, 189.7934,409.4180, 189.7930,467.3979, 197.5627,464.3980, 197.5628,462.8979, 194.9649,464.3976, 192.3668,467.3975, 192.3663,468.8979, 194.9641,1946
1214879.2028, 283.4152, 176.4015,281.9153, 178.9995,278.9153, 178.9997,277.4152, 176.4018,278.9149, 173.8036,281.9148, 173.8032,340.0349, 182.4443,337.0350, 182.4444,335.5348, 179.8466,337.0345, 177.2484,340.0344, 177.2480,341.5348, 179.8457,412.6147, 192.8498,411.1147, 195.4478,408.1148, 195.4479,406.6147, 192.8501,408.1143, 190.2519,411.1143, 190.2515,469.1345, 198.4579,466.1346, 198.4581,464.6344, 195.8602,466.1341, 193.2620,469.1340, 193.2616,470.6344, 195.8593,1947
1214879.2195, 285.2606, 177.2168,283.7607, 179.8148,280.7607, 179.8150,279.2606, 177.2171,280.7602, 174.6189,283.7602, 174.6185,341.8362, 183.6450,338.8363, 183.6451,337.3361, 181.0472,338.8358, 178.4491,341.8357, 178.4486,343.3361, 181.0464,413.6140, 193.2320,412.1140, 195.8300,409.1141, 195.8302,407.6140, 193.2323,409.1136, 190.6341,412.1135, 190.6337,470.4710, 199.2044,467.4711, 199.2045,465.9710, 196.6066,467.4706, 194.0084,470.4706, 194.0080,471.9709, 196.6058,1948
1214879.2362, 285.9149, 177.5243,284.4150, 180.1223,281.4151, 180.1225,279.9149, 177.5246,281.4146, 174.9264,284.4146, 174.9260,343.0845, 184.1400,340.0846, 184.1402,338.5844, 181.5423,340.0841, 178.9441,343.0840, 178.9437,344.5844, 181.5415,414.9283, 193.6205,413.4284, 196.2185,410.4285, 196.2186,408.9283, 193.6207,410.4280, 191.0226,413.4279, 191.0222,471.5421, 200.2499,468.5422, 200.2500,467.0420, 197.6521,468.5417, 195.0540,471.5416, 195.0535,473.0420, 197.6513,1949
1214879.2529, 287.3030, 177.9365,285.8031, 180.5346,282.8031, 180.5347,281.3030, 177.9368,282.8026, 175.3386,285.8026, 175.3382,344.0855, 184.4420,341.0856, 184.4421,339.5855, 181.8442,341.0851, 179.2460,344.0851, 179.2456,345.5854, 181.8434,415.9962, 193.8897,414.4963, 196.4877,411.4964, 196.4878,409.9962, 193.8900,411.4959, 191.2918,414.4958, 191.2914,472.5718, 200.2843,469.5719, 200.2844,468.0717, 197.6865,469.5714, 195.0883,472.5713, 195.0879,474.0717, 197.6857,1950
1214879.2696, 287.7427, 177.8343,286.2428, 180.4323,283.2428, 180.4325,281.7427, 177.8346,283.2423, 175.2364,286.2423, 175.2360,344.7206, 184.5295,341.7206, 184.5296,340.2205, 181.9317,341.7201, 179.3336,344.7201, 179.3331,346.2205, 181.9309,416.3709, 194.0275,414.8710, 196.6255,411.8711, 196.6256,410.3709, 194.0277,411.8706, 191.4296,414.8705, 191.4292,473.5663, 200.6430,470.5663, 200.6432,469.0662, 198.0453,470.5659, 195.4471,473.5658, 195.4467,475.0662, 198.0444,1951
1214879.2862, 288.0540, 178.0714,286.5541, 180.6694,283.5542, 180.6696,282.0540, 178.0717,283.5537, 175.4735,286.5536, 175.4731,345.4067, 184.7080,342.4068, 184.7082,340.9066, 182.1103,342.4063, 179.5121,345.4062, 179.5117,346.9066, 182.1095,416.8992, 194.1153,415.3993, 196.7134,412.3993, 196.7135,410.8992, 194.1156,412.3988, 191.5175,415.3988, 191.5170,474.0378, 200.8327,471.0378, 200.8329,469.5377, 198.2350,471.0374, 195.6368,474.0373, 195.6364,475.5377, 198.2341,1952
1214879.3028, 288.5124, 178.0586,287.0125, 180.6566,284.0125, 180.6567,282.5124, 178.0589,284.0120, 175.4607,287.0120, 175.4603,345.2518, 184.5990,342.2519, 184.5992,340.7518, 182.0013,342.2514, 179.4031,345.2513, 179.4027,346.7517, 182.0004,416.8687, 194.1954,415.3687, 196.7934,412.3688, 196.7935,410.8687, 194.1956,412.3683, 191.5975,415.3682, 191.5971,473.7872, 200.9353,470.7873, 200.9355,469.2871, 198.3376,470.7868, 195.7394,473.7867, 195.7390,475.2871, 198.3368,1953
1214879.3195, 288.4452, 178.1819,286.9453, 180.7800,283.9453, 180.7801,282.4452, 178.1822,283.9449, 175.5840,286.9448, 175.5836,345.4864, 184.7876,342.4864, 184.7877,340.9863, 182.1898,342.4859, 179.5917,345.4859, 179.5912,346.9863, 182.1890,416.7432, 194.1360,415.2433, 196.7340,412.2433, 196.7341,410.7432, 194.1362,412.2429, 191.5381,415.2428, 191.5377,473.6266, 200.8270,470.6267, 200.8272,469.1265, 198.2293,470.6262, 195.6311,473.6261, 195.6307,475.1265, 198.2285,1954
1214879.3362, 287.4720, 177.8978,285.9721, 180.4958,282.9722, 180.4959,281.4720, 177.8980,282.9717, 175.2999,285.9716, 175.2995,345.0593, 184.6676,342.0594, 184.6677,340.5592, 182.0698,342.0589, 179.4717,345.0588, 179.4713,346.5592, 182.0690,415.9880, 194.0773,414.4881, 196.6754,411.4882, 196.6755,409.9880, 194.0776,411.4877, 191.4794,414.4876, 191.4790,473.5912, 200.5914,470.5912, 200.5915,469.0911, 197.9936,470.5907, 195.3955,473.5907, 195.3951,475.0911, 197.9928,1955
1214879.3529, 287.1349, 177.6500,285.6349, 180.2480,282.6350, 180.2481,281.1349, 177.6502,282.6345, 175.0521,285.6345, 175.0517,344.1325, 184.3450,341.1326, 184.3452,339.6324, 181.7473,341.1321, 179.1491,344.1320, 179.1487,345.6324, 181.7465,415.2704, 193.7570,413.7705, 196.3551,410.7706, 196.3552,409.2704, 193.7573,410.7701, 191.1592,413.7700, 191.1588,472.3264, 200.0891,469.3264, 200.0892,467.8263, 197.4913,469.3260, 194.8932,472.3259, 194.8927,473.8263, 197.4905,1956
1214879.3696, 286.3746, 177.8129,284.8747, 180.4109,281.8747, 180.4111,280.3746, 177.8132,281.8742, 175.2150,284.8742, 175.2146,343.4188, 184.2302,340.4189, 184.2304,338.9187, 181.6325,340.4184, 179.0343,343.4183, 179.0339,344.9187, 181.6317,414.8017, 193.7613,413.3018, 196.3593,410.3018, 196.3595,408.8017, 193.7616,410.3014, 191.1634,413.3013, 191.1630,471.8819, 200.1738,468.8820, 200.1739,467.3818, 197.5760,468.8815, 194.9778,471.8814, 194.9774,473.3818, 197.5752,1957
1214879.3863, 284.6666, 177.8677,283.1667, 180.4657,280.1667, 180.4659,278.6666, 177.8680,280.1662, 175.2698,283.1662, 175.2694,342.1111, 183.8942,339.1111, 183.8943,337.6110, 181.2964,339.1106, 178.6983,342.1106, 178.6979,343.6110, 181.2956,413.6182, 193.6614,412.1183, 196.2594,409.1183, 196.2595,407.6182, 193.6617,409.1179, 191.0635,412.1178, 191.0631,470.2935, 199.7223,467.2935, 199.7224,465.7934, 197.1245,467.2931, 194.5264,470.2930, 194.5260,471.7934, 197.1237,1958
1214879.4030, 283.2520, 177.7006,281.7521, 180.2986,278.7522, 180.2988,277.2520, 177.7009,278.7517, 175.1027,281.7516, 175.1023,340.6472, 184.3506,337.6473, 184.3507,336.1472, 181.7528,337.6469, 179.1547,340.6468, 179.1543,342.1472, 181.7520,411.3796, 193.7328,409.8797, 196.3308,406.8797, 196.3309,405.3796, 193.7331,406.8792, 191.1349,409.8792, 191.1345,469.1011, 199.7810,466.1012, 199.7811,464.6010, 197.1832,466.1007, 194.5851,469.1006, 194.5847,470.6010, 197.1824,1959
1214879.4197, 281.1329, 178.1003,279.6330, 180.6983,276.6330, 180.6985,275.1329, 178.1006,276.6325, 175.5024,279.6325, 175.5020,338.5979, 183.4548,335.5980, 183.4549,334.0978, 180.8571,335.5975, 178.2589,338.5974, 178.2585,340.0978, 180.8562,410.0515, 194.0001,408.5516, 196.5981,405.5517, 196.5982,404.0515, 194.0004,405.5512, 191.4022,408.5511, 191.4018,467.1749, 199.9101,464.1750, 199.9103,462.6749, 197.3124,464.1745, 194.7142,467.1744, 194.7138,468.6748, 197.3116,1960
1214879.4363, 279.1980, 178.1089,277.6981, 180.7069,274.6981, 180.7071,273.1980, 178.1092,274.6976, 175.5110,277.6976, 175.5106,336.2953, 183.4060,333.2953, 183.4061,331.7952, 180.8083,333.2949, 178.2101,336.2948, 178.2097,337.7952, 180.8074,407.8888, 194.3716,406.3889, 196.9696,403.3890, 196.9698,401.8888, 194.3719,403.3885, 191.7737,406.3884, 191.7733,464.5739, 200.1006,461.5740, 200.1007,460.0739, 197.5028,461.5735, 194.9047,464.5735, 194.9043,466.0739, 197.5020,1961
1214879.4530, 277.1528, 178.2913,275.6529, 180.8893,272.6530, 180.8895,271.1529, 178.2915,272.6525, 175.6934,275.6524, 175.6930,333.7925, 183.5590,330.7925, 183.5592,329.2924, 180.9613,330.7921, 178.3631,333.7920, 178.3627,335.2924, 180.9604,404.8978, 194.4569,403.3979, 197.0549,400.3980, 197.0551,398.8978, 194.4572,400.3975, 191.8590,403.3974, 191.8586,462.2725, 199.9584,459.2726, 199.9585,457.7724, 197.3606,459.2721, 194.7625,462.2720, 194.7620,463.7724, 197.3598,1962
1214879.4697, 274.3928, 178.0565,272.8929, 180.6545,269.8930, 180.6546,268.3929, 178.0567,269.8925, 175.4586,272.8924, 175.4581,331.7075, 183.5084,328.7076, 183.5085,327.2074, 180.9106,328.7071, 178.3125,331.7070, 178.3120,333.2074, 180.9098,402.3735, 194.5359,400.8736, 197.1339,397.8737, 197.1340,396.3735, 194.5361,397.8732, 191.9380,400.8731, 191.9375,459.9970, 199.9657,456.9970, 199.9659,455.4969, 197.3680,456.9966, 194.7698,459.9965, 194.7694,461.4969, 197.3672,1963
1214879.4864, 271.9455, 178.3901,270.4456, 180.9882,267.4456, 180.9883,265.9455, 178.3904,267.4451, 175.7922,270.4451, 175.7918,328.5680, 183.2643,325.5681, 183.2644,324.0679, 180.6665,325.5676, 178.0684,328.5675, 178.0679,330.0679, 180.6657,400.1633, 194.4830,398.6634, 197.0810,395.6635, 197.0812,394.1633, 194.4833,395.6630, 191.8851,398.6629, 191.8847,456.6992, 199.5896,453.6993, 199.5897,452.1991, 196.9918,453.6988, 194.3936,456.6987, 194.3932,458.1991, 196.9910,1964
1214879.5031, 269.5085, 178.3745,268.0086, 180.9725,265.0087, 180.9726,263.5085, 178.3747,265.0082, 175.7766,268.0081, 175.7762,325.5377, 183.1919,322.5378, 183.1920,321.0376, 180.5941,322.5373, 177.9960,325.5372, 177.9956,327.0376, 180.5933,396.8989, 194.5285,395.3990, 197.1266,392.3990, 197.1267,390.8989, 194.5288,392.3986, 191.9307,395.3985, 191.9302,453.9441, 199.1982,450.9441, 199.1983,449.4440, 196.6004,450.9436, 194.0023,453.9436, 194.0018,455.4440, 196.5996,1965
1214879.5198, 266.2937, 178.5948,264.7938, 181.1928,261.7939, 181.1929,260.2937, 178.5950,261.7934, 175.9969,264.7933, 175.9964,322.5939, 182.7067,319.5940, 182.7069,318.0938, 180.1090,319.5935, 177.5108,322.5934, 177.5104,324.0938, 180.1082,394.0153, 194.4077,392.5154, 197.0057,389.5154, 197.0059,388.0153, 194.4080,389.5150, 191.8098,392.5149, 191.8094,451.0769, 199.3200,448.0770, 199.3201,446.5768, 196.7222,448.0765, 194.1240,451.0764, 194.1236,452.5768, 196.7214,1966
1214879.5365, 263.1019, 178.0488,261.6020, 180.6468,258.6021, 180.6469,257.1019, 178.0491,258.6016, 175.4509,261.6015, 175.4505,319.3124, 182.4783,316.3124, 182.4784,314.8123, 179.8806,316.3120, 177.2824,319.3119, 177.2820,320.8123, 179.8797,390.6956, 194.3173,389.1956, 196.9153,386.1957, 196.9154,384.6956, 194.3175,386.1952, 191.7194,389.1952, 191.7189,447.9997, 199.0941,444.9997, 199.0942,443.4996, 196.4963,444.9992, 193.8981,447.9992, 193.8977,449.4996, 196.4955,1967
1214879.5532, 260.0575, 178.1209,258.5576, 180.7189,255.5576, 180.7191,254.0575, 178.1212,255.5571, 175.5230,258.5571, 175.5226,316.2122, 182.5866,313.2123, 182.5867,311.7122, 179.9888,313.2119, 177.3907,316.2118, 177.3902,317.7122, 179.9880,387.5941, 194.3094,386.0942, 196.9074,383.0943, 196.9076,381.5941, 194.3097,383.0938, 191.7115,386.0938, 191.7111,443.7244, 199.3070,440.7245, 199.3072,439.2243, 196.7093,440.7240, 194.1111,443.7239, 194.1107,445.2243, 196.7085,1968
1214879.5698, 256.4566, 178.4443,254.9567, 181.0424,251.9568, 181.0425,250.4566, 178.4446,251.9563, 175.8465,254.9562, 175.8460,313.0028, 182.7469,310.0029, 182.7470,308.5027, 180.1491,310.0024, 177.5510,313.0023, 177.5506,314.5027, 180.1483,384.4216, 194.3174,382.9217, 196.9154,379.9218, 196.9155,378.4216, 194.3176,379.9213, 191.7195,382.9212, 191.7190,440.4889, 198.5878,437.4890, 198.5879,435.9889, 195.9900,437.4885, 193.3918,440.4884, 193.3914,441.9888, 195.9892,1969
1214879.5865, 253.1674, 178.4375,251.6675, 181.0355,248.6676, 181.0357,247.1674, 178.4378,248.6671, 175.8396,251.6671, 175.8392,309.6141, 182.9094,306.6142, 182.9096,305.1141, 180.3117,306.6137, 177.7135,309.6136, 177.7131,311.1140, 180.3108,380.7684, 194.6426,379.2685, 197.2406,376.2686, 197.2408,374.7684, 194.6429,376.2681, 192.0447,379.2680, 192.0443,437.2830, 198.9585,434.2831, 198.9587,432.7829, 196.3608,434.2826, 193.7626,437.2825, 193.7622,438.7829, 196.3599,1970
1214879.6032, 249.6788, 178.6767,248.1789, 181.2747,245.1790, 181.2749,243.6788, 178.6770,245.1785, 176.0788,248.1785, 176.0784,306.3015, 182.8075,303.3016, 182.8076,301.8015, 180.2098,303.3011, 177.6116,306.3010, 177.6112,307.8014, 180.2089,377.5234, 194.9919,376.0235, 197.5899,373.0236, 197.5900,371.5235, 194.9921,373.0231, 192.3940,376.0230, 192.3935,433.4317, 198.8184,430.4318, 198.8185,428.9316, 196.2206,430.4313, 193.6225,433.4312, 193.6221,434.9316, 196.2198,1971
1214879.6199, 246.2679, 179.0526,244.7680, 181.6506,241.7681, 181.6507,240.2679, 179.0528,241.7676, 176.4547,244.7675, 176.4543,302.4669, 182.9650,299.4670, 182.9651,297.9669, 180.3672,299.4666, 177.7690,302.4665, 177.7686,303.9669, 180.3664,373.7760, 195.2357,372.2761, 197.8337,369.2762, 197.8338,367.7760, 195.2359,369.2757, 192.6378,372.2756, 192.6373,429.8257, 199.0951,426.8257, 199.0953,425.3256, 196.4974,426.8253, 193.8992,429.8252, 193.8988,431.3256, 196.4966,1972
1214879.6366, 242.0925, 179.2782,240.5926, 181.8762,237.5927, 181.8764,236.0925, 179.2785,237.5922, 176.6803,240.5921, 176.6799,299.1454, 182.7997,296.1455, 182.7999,294.6453, 180.2020,296.1450, 177.6038,299.1449, 177.6034,300.6453, 180.2011,370.0093, 195.3895,368.5094, 197.9875,365.5095, 197.9877,364.0093, 195.3898,365.5090, 192.7916,368.5089, 192.7912,425.9786, 199.1679,422.9787, 199.1681,421.4785, 196.5702,422.9782, 193.9720,425.9781, 193.9716,427.4785, 196.5694,1973
1214879.6533, 238.7407, 179.9316,237.2408, 182.5296,234.2409, 182.5298,232.7407, 179.9319,234.2404, 177.3337,237.2403, 177.3333,295.6762, 183.1888,292.6763, 183.1889,291.1761, 180.5910,292.6758, 177.9929,295.6757, 177.9925,297.1761, 180.5902,365.7263, 195.7509,364.2264, 198.3490,361.2265, 198.3491,359.7263, 195.7512,361.2260, 193.1530,364.2259, 193.1526,421.9015, 199.1190,418.9015, 199.1192,417.4014, 196.5213,418.9010, 193.9231,421.9010, 193.9227,423.4014, 196.5204,1974
1214879.6699, 234.6203, 180.0712,233.1204, 182.6693,230.1205, 182.6694,228.6203, 180.0715,230.1200, 177.4734,233.1199, 177.4729,291.7002, 183.0963,288.7002, 183.0964,287.2001, 180.4985,288.6997, 177.9004,291.6997, 177.8999,293.2001, 180.4977,362.3257, 196.1326,360.8258, 198.7307,357.8259, 198.7308,356.3258, 196.1329,357.8254, 193.5347,360.8253, 193.5343,417.9853, 198.9210,414.9854, 198.9211,413.4852, 196.3232,414.9849, 193.7251,417.9848, 193.7247,419.4852, 196.3224,1975
1214879.6866, 230.5000, 180.6782,229.0001, 183.2762,226.0002, 183.2764,224.5000, 180.6785,225.9997, 178.0803,228.9996, 178.0799,287.6551, 183.0200,284.6552, 183.0202,283.1550, 180.4223,284.6547, 177.8241,287.6546, 177.8237,289.1550, 180.4214,358.4733, 196.4159,356.9734, 199.0139,353.9734, 199.0141,352.4733, 196.4162,353.9730, 193.8180,356.9729, 193.8176,414.2191, 198.9402,411.2192, 198.9403,409.7191, 196.3424,411.2188, 193.7442,414.2187, 193.7438,415.7191, 196.3416,1976
1214879.7033, 226.5943, 180.6640,225.0944, 183.2620,222.0945, 183.2622,220.5943, 180.6643,222.0940, 178.0661,225.0939, 178.0657,283.8168, 182.9062,280.8169, 182.9064,279.3167, 180.3085,280.8164, 177.7103,283.8163, 177.7099,285.3167, 180.3076,354.7705, 196.8706,353.2706, 199.4686,350.2707, 199.4688,348.7705, 196.8709,350.2702, 194.2727,353.2701, 194.2723,410.4500, 199.0616,407.4501, 199.0617,405.9499, 196.4639,407.4496, 193.8657,410.4495, 193.8653,411.9499, 196.4630,1977
1214879.7200, 222.7301, 180.7116,221.2302, 183.3097,218.2303, 183.3098,216.7301, 180.7119,218.2298, 178.1138,221.2297, 178.1133,280.1316, 182.6505,277.1317, 182.6506,275.6315, 180.0527,277.1312, 177.4545,280.1311, 177.4541,281.6315, 180.0519,350.7720, 197.1717,349.2721, 199.7697,346.2722, 199.7699,344.7720, 197.1720,346.2717, 194.5738,349.2716, 194.5734,406.5417, 198.6886,403.5417, 198.6888,402.0416, 196.0909,403.5413, 193.4927,406.5412, 193.4923,408.0416, 196.0900,1978
1214879.7367, 219.5464, 181.3715,218.0465, 183.9695,215.0466, 183.9696,213.5465, 181.3717,215.0461, 178.7736,218.0461, 178.7731,276.7159, 182.9264,273.7159, 182.9265,272.2158, 180.3286,273.7155, 177.7304,276.7154, 177.7300,278.2158, 180.3278,347.6241, 197.4235,346.1242, 200.0215,343.1243, 200.0217,341.6241, 197.4238,343.1238, 194.8256,346.1237, 194.8252,402.5139, 198.9781,399.5139, 198.9783,398.0138, 196.3804,399.5135, 193.7822,402.5134, 193.7818,404.0138, 196.3796,1979
1214879.7534, 215.8895, 181.5781,214.3895, 184.1761,211.3896, 184.1762,209.8895, 181.5783,211.3891, 178.9802,214.3891, 178.9798,273.5579, 183.1358,270.5580, 183.1360,269.0578, 180.5381,270.5575, 177.9399,273.5574, 177.9395,275.0578, 180.5373,344.2881, 197.9395,342.7882, 200.5375,339.7883, 200.5377,338.2881, 197.9398,339.7878, 195.3416,342.7877, 195.3412,399.3658, 199.1324,396.3659, 199.1326,394.8658, 196.5347,396.3654, 193.9365,399.3653, 193.9361,400.8657, 196.5339,1980
1214879.7700, 213.4724, 181.6200,211.9724, 184.2180,208.9725, 184.2182,207.4724, 181.6203,208.9720, 179.0221,211.9720, 179.0217,270.0134, 182.8830,267.0135, 182.8832,265.5133, 180.2853,267.0130, 177.6871,270.0129, 177.6867,271.5133, 180.2844,341.5444, 198.3379,340.0444, 200.9359,337.0445, 200.9361,335.5444, 198.3382,337.0440, 195.7400,340.0439, 195.7396,396.2301, 199.1501,393.2302, 199.1502,391.7300, 196.5523,393.2297, 193.9542,396.2296, 193.9538,397.7300, 196.5515,1981
1214879.7867, 210.0484, 182.1552,208.5485, 184.7532,205.5486, 184.7533,204.0484, 182.1554,205.5481, 179.5573,208.5480, 179.5568,266.3204, 183.3379,263.3204, 183.3380,261.8203, 180.7401,263.3199, 178.1420,266.3199, 178.1415,267.8203, 180.7393,337.8719, 198.5783,336.3720, 201.1763,333.3721, 201.1764,331.8719, 198.5786,333.3716, 195.9804,336.3715, 195.9800,393.4205, 199.2909,390.4206, 199.2910,388.9205, 196.6932,390.4201, 194.0950,393.4200, 194.0946,394.9204, 196.6923,1982
1214879.8034, 207.0016, 182.7332,205.5017, 185.3312,202.5017, 185.3313,201.0016, 182.7334,202.5013, 180.1353,205.5012, 180.1349,263.5381, 183.5761,260.5381, 183.5762,259.0380, 180.9784,260.5376, 178.3802,263.5376, 178.3798,265.0380, 180.9775,334.8969, 199.0976,333.3970, 201.6956,330.3971, 201.6957,328.8969, 199.0978,330.3966, 196.4997,333.3965, 196.4993,390.4252, 199.5748,387.4253, 199.5750,385.9251, 196.9771,387.4248, 194.3789,390.4247, 194.3785,391.9251, 196.9762,1983
1214879.8201, 203.9503, 183.3181,202.4504, 185.9161,199.4505, 185.9163,197.9503, 183.3184,199.4500, 180.7202,202.4500, 180.7198,260.5753, 183.6692,257.5753, 183.6693,256.0752, 181.0714,257.5749, 178.4733,260.5748, 178.4728,262.0752, 181.0706,332.4377, 199.2674,330.9378, 201.8655,327.9379, 201.8656,326.4377, 199.2677,327.9374, 196.6696,330.9373, 196.6691,386.9312, 199.5731,383.9312, 199.5732,382.4311, 196.9753,383.9307, 194.3772,386.9307, 194.3768,388.4311, 196.9745,1984
1214879.8368, 201.4042, 183.0922,199.9043, 185.6902,196.9044, 185.6904,195.4043, 183.0925,196.9039, 180.4943,199.9038, 180.4939,258.0150, 183.5861,255.0150, 183.5862,253.5149, 180.9883,255.0146, 178.3902,258.0145, 178.3898,259.5149, 180.9875,329.4745, 199.5944,327.9746, 202.1924,324.9747, 202.1926,323.4745, 199.5947,324.9742, 196.9965,327.9742, 196.9961,384.2957, 199.2443,381.2958, 199.2444,379.7957, 196.6465,381.2953, 194.0484,384.2953, 194.0480,385.7957, 196.6457,1985
1214879.8534, 199.3118, 183.8610,197.8118, 186.4590,194.8119, 186.4592,193.3118, 183.8613,194.8114, 181.2631,197.8114, 181.2627,255.6842, 183.8764,252.6843, 183.8765,251.1842, 181.2786,252.6838, 178.6805,255.6838, 178.6800,257.1841, 181.2778,327.0433, 199.7540,325.5434, 202.3520,322.5435, 202.3522,321.0433, 199.7543,322.5430, 197.1561,325.5429, 197.1557,381.9400, 199.4272,378.9401, 199.4274,377.4399, 196.8295,378.9396, 194.2313,381.9395, 194.2309,383.4399, 196.8286,1986
1214879.8701, 197.0472, 183.4943,195.5472, 186.0923,192.5473, 186.0924,191.0472, 183.4946,192.5468, 180.8964,195.5468, 180.8960,252.8714, 183.0168,249.8715, 183.0170,248.3713, 180.4191,249.8710, 177.8209,252.8709, 177.8205,254.3713, 180.4183,324.9709, 199.6214,323.4709, 202.2194,320.4710, 202.2196,318.9709, 199.6217,320.4705, 197.0235,323.4705, 197.0231,379.7390, 199.0389,376.7390, 199.0390,375.2389, 196.4411,376.7386, 193.8430,379.7385, 193.8425,381.2389, 196.4403,1987
1214879.8868, 195.1164, 183.7382,193.6165, 186.3363,190.6166, 186.3364,189.1164, 183.7385,190.6161, 181.1404,193.6160, 181.1399,251.5765, 183.1776,248.5766, 183.1777,247.0764, 180.5798,248.5761, 177.9817,251.5760, 177.9813,253.0764, 180.5790,322.7239, 200.0335,321.2239, 202.6315,318.2240, 202.6317,316.7239, 200.0338,318.2235, 197.4356,321.2234, 197.4352,377.7800, 199.6053,374.7800, 199.6055,373.2799, 197.0076,374.7795, 194.4094,377.7795, 194.4090,379.2799, 197.0067,1988
1214879.9035, 193.3338, 184.0546,191.8339, 186.6526,188.8340, 186.6528,187.3338, 184.0549,188.8335, 181.4567,191.8334, 181.4563,249.4982, 183.7130,246.4983, 183.7131,244.9981, 181.1152,246.4978, 178.5171,249.4977, 178.5167,250.9981, 181.1144,321.4611, 200.0328,319.9612, 202.6309,316.9612, 202.6310,315.4611, 200.0331,316.9607, 197.4350,319.9607, 197.4345,376.4644, 199.4122,373.4644, 199.4123,371.9643, 196.8144,373.4640, 194.2163,376.4639, 194.2159,377.9643, 196.8136,1989
1214879.9202, 192.2774, 184.0525,190.7775, 186.6505,187.7775, 186.6507,186.2774, 184.0528,187.7771, 181.4546,190.7770, 181.4542,248.2523, 183.5678,245.2524, 183.5680,243.7523, 180.9701,245.2520, 178.3719,248.2519, 178.3715,249.7523, 180.9692,319.9028, 200.1787,318.4029, 202.7767,315.4030, 202.7769,313.9028, 200.1790,315.4025, 197.5808,318.4024, 197.5804,375.0733, 199.4292,372.0734, 199.4294,370.5732, 196.8315,372.0729, 194.2333,375.0728, 194.2329,376.5732, 196.8307,1990
1214879.9368, 191.5924, 183.9949,190.0924, 186.5930,187.0925, 186.5931,185.5924, 183.9952,187.0920, 181.3971,190.0920, 181.3966,247.3429, 183.4474,244.3430, 183.4475,242.8429, 180.8496,244.3425, 178.2514,247.3425, 178.2510,248.8428, 180.8488,318.4488, 200.4366,316.9489, 203.0347,313.9489, 203.0348,312.4488, 200.4369,313.9485, 197.8387,316.9484, 197.8383,373.8687, 199.5195,370.8688, 199.5196,369.3686, 196.9217,370.8683, 194.3235,373.8682, 194.3231,375.3686, 196.9209,1991
1214879.9535, 190.8197, 183.7001,189.3198, 186.2981,186.3199, 186.2983,184.8197, 183.7004,186.3194, 181.1022,189.3193, 181.1018,247.1761, 183.5268,244.1762, 183.5269,242.6761, 180.9290,244.1757, 178.3309,247.1756, 178.3305,248.6760, 180.9282,318.1781, 200.3293,316.6782, 202.9274,313.6783, 202.9275,312.1781, 200.3296,313.6778, 197.7314,316.6777, 197.7310,372.9995, 199.4235,369.9995, 199.4237,368.4994, 196.8258,369.9991, 194.2276,372.9990, 194.2272,374.4994, 196.8249,1992
1214879.9702, 189.8079, 184.2211,188.3080, 186.8192,185.3081, 186.8193,183.8079, 184.2214,185.3076, 181.6233,188.3075, 181.6228,246.3084, 183.5997,243.3085, 183.5998,241.8083, 181.0019,243.3080, 178.4037,246.3080, 178.4033,247.8083, 181.0011,317.5876, 200.2774,316.0877, 202.8754,313.0877, 202.8755,311.5876, 200.2776,313.0872, 197.6795,316.0872, 197.6790,372.3189, 199.2555,369.3190, 199.2557,367.8188, 196.6578,369.3185, 194.0596,372.3184, 194.0592,373.8188, 196.6570,1993
1214879.9869, 189.7694, 184.1992,188.2695, 186.7972,185.2696, 186.7973,183.7694, 184.1995,185.2691, 181.6013,188.2690, 181.6009,246.1370, 183.5489,243.1371, 183.5490,241.6369, 180.9511,243.1366, 178.3530,246.1365, 178.3525,247.6369, 180.9503,317.2538, 200.2309,315.7539, 202.8289,312.7540, 202.8291,311.2538, 200.2312,312.7535, 197.6330,315.7534, 197.6326,372.2993, 199.5313,369.2994, 199.5314,367.7992, 196.9335,369.2989, 194.3353,372.2988, 194.3349,373.7992, 196.9327,1994
1214880.0036, 190.2598, 183.9705,188.7599, 186.5686,185.7600, 186.5687,184.2598, 183.9708,185.7595, 181.3727,188.7594, 181.3722,246.9805, 183.7821,243.9806, 183.7822,242.4805, 181.1843,243.9801, 178.5862,246.9801, 178.5857,248.4805, 181.1835,317.4427, 200.0576,315.9428, 202.6557,312.9429, 202.6558,311.4427, 200.0579,312.9424, 197.4597,315.9423, 197.4593,372.5614, 199.1674,369.5615, 199.1675,368.0613, 196.5697,369.5610, 193.9715,372.5609, 193.9711,374.0613, 196.5688,1995
1214880.0202, 190.7863, 184.1816,189.2864, 186.7797,186.2865, 186.7798,184.7863, 184.1819,186.2860, 181.5838,189.2859, 181.5833,246.6078, 183.4974,243.6078, 183.4976,242.1077, 180.8997,243.6073, 178.3015,246.6073, 178.3011,248.1077, 180.8988,318.0079, 199.9310,316.5080, 202.5291,313.5080, 202.5292,312.0079, 199.9313,313.5075, 197.3332,316.5075, 197.3327,372.8973, 199.2799,369.8974, 199.2801,368.3972, 196.6822,369.8969, 194.0840,372.8969, 194.0836,374.3972, 196.6814,1996
1214880.0369, 191.5027, 183.8714,190.0028, 186.4694,187.0029, 186.4696,185.5027, 183.8717,187.0024, 181.2735,190.0023, 181.2731,247.5468, 183.2825,244.5469, 183.2826,243.0467, 180.6847,244.5464, 178.0866,247.5463, 178.0861,249.0467, 180.6839,319.0149, 200.0263,317.5150, 202.6244,314.5151, 202.6245,313.0149, 200.0266,314.5146, 197.4285,317.5145, 197.4280,373.5253, 199.1578,370.5254, 199.1579,369.0253, 196.5600,370.5249, 193.9619,373.5248, 193.9614,375.0252, 196.5592,1997
1214880.0536, 192.5555, 183.6940,191.0556, 186.2921,188.0557, 186.2922,186.5555, 183.6943,188.0552, 181.0961,191.0551, 181.0957,248.8876, 183.3593,245.8877, 183.3595,244.3875, 180.7616,245.8872, 178.1634,248.8871, 178.1630,250.3875, 180.7607,319.7861, 199.3827,318.2862, 201.9807,315.2863, 201.9808,313.7861, 199.3829,315.2858, 196.7848,318.2857, 196.7843,374.7340, 199.2394,371.7341, 199.2395,370.2339, 196.6416,371.7336, 194.0435,374.7335, 194.0431,376.2339, 196.6408,1998
1214880.0702, 193.9850, 183.6773,192.4851, 186.2753,189.4852, 186.2755,187.9850, 183.6776,189.4847, 181.0794,192.4846, 181.0790,250.0967, 183.1978,247.0968, 183.1980,245.5966, 180.6001,247.0963, 178.0019,250.0962, 178.0015,251.5966, 180.5992,321.2254, 199.5725,319.7255, 202.1706,316.7256, 202.1707,315.2254, 199.5728,316.7251, 196.9746,319.7250, 196.9742,375.7442, 198.8980,372.7443, 198.8981,371.2441, 196.3002,372.7438, 193.7020,375.7437, 193.7016,377.2441, 196.2994,1999
1214880.0868, 195.1128, 183.0676,193.6129, 185.6656,190.6130, 185.6658,189.1128, 183.0679,190.6125, 180.4697,193.6124, 180.4693,251.9420, 182.7209,248.9420, 182.7210,247.4419, 180.1232,248.9415, 177.5250,251.9415, 177.5246,253.4419, 180.1223,322.6410, 199.1835,321.1411, 201.7816,318.1411, 201.7817,316.6410, 199.1838,318.1407, 196.5856,321.1406, 196.5852,377.4917, 199.0664,374.4918, 199.0666,372.9917, 196.4687,374.4913, 193.8705,377.4912, 193.8701,378.9916, 196.4678,2000
1214880.1035, 197.1155, 182.6768,195.6156, 185.2748,192.6156, 185.2750,191.1155, 182.6771,192.6152, 180.0789,195.6151, 180.0785,254.0751, 183.0536,251.0752, 183.0537,249.5750, 180.4558,251.0747, 177.8576,254.0746, 177.8572,255.5750, 180.4550,324.6903, 198.9571,323.1904, 201.5551,320.1905, 201.5552,318.6903, 198.9574,320.1900, 196.3592,323.1899, 196.3588,379.3255, 198.7995,376.3255, 198.7997,374.8254, 196.2018,376.3250, 193.6036,379.3250, 193.6032,380.8254, 196.2010,2001
1214880.1202, 199.3749, 182.6648,197.8750, 185.2628,194.8751, 185.2630,193.3749, 182.6651,194.8746, 180.0669,197.8745, 180.0665,255.7895, 182.9970,252.7896, 182.9971,251.2894, 180.3992,252.7891, 177.8010,255.7890, 177.8006,257.2894, 180.3984,326.5853, 198.9218,325.0854, 201.5199,322.0855, 201.5200,320.5853, 198.9221,322.0850, 196.3239,325.0849, 196.3235,381.4960, 198.8630,378.4960, 198.8631,376.9959, 196.2653,378.4955, 193.6671,381.4955, 193.6667,382.9959, 196.2644,2002
1214880.1535, 203.4414, 182.7540,201.9415, 185.3520,198.9416, 185.3522,197.4414, 182.7543,198.9411, 180.1561,201.9410, 180.1557,260.6845, 183.3899,257.6846, 183.3900,256.1844, 180.7922,257.6841, 178.1940,260.6841, 178.1936,262.1844, 180.7913,331.4746, 198.7669,329.9747, 201.3649,326.9748, 201.3651,325.4746, 198.7672,326.9743, 196.1690,329.9742, 196.1686,386.5614, 199.3151,383.5615, 199.3152,382.0614, 196.7174,383.5610, 194.1192,386.5609, 194.1188,388.0613, 196.7165,2004
1214880.1702, 207.3055, 182.1417,205.8055, 184.7397,202.8056, 184.7399,201.3055, 182.1420,202.8051, 179.5438,205.8051, 179.5434,263.7898, 183.2500,260.7899, 183.2502,259.2897, 180.6523,260.7894, 178.0541,263.7893, 178.0537,265.2897, 180.6514,334.4481, 198.5470,332.9482, 201.1451,329.9482, 201.1452,328.4481, 198.5473,329.9478, 195.9491,332.9477, 195.9487,389.3643, 198.9526,386.3644, 198.9528,384.8643, 196.3549,386.3639, 193.7567,389.3639, 193.7563,390.8643, 196.3541,2005
1214880.1869, 210.1675, 182.0965,208.6676, 184.6945,205.6677, 184.6946,204.1676, 182.0967,205.6672, 179.4986,208.6671, 179.4982,266.5149, 183.2220,263.5150, 183.2221,262.0148, 180.6242,263.5145, 178.0261,266.5144, 178.0256,268.0148, 180.6234,337.1651, 198.5108,335.6652, 201.1088,332.6653, 201.1089,331.1651, 198.5110,332.6648, 195.9129,335.6647, 195.9125,392.2088, 199.0189,389.2089, 199.0191,387.7087, 196.4212,389.2084, 193.8230,392.2083, 193.8226,393.7087, 196.4203,2006
1214880.2036, 212.9948, 181.9030,211.4949, 184.5011,208.4950, 184.5012,206.9948, 181.9033,208.4945, 179.3051,211.4944, 179.3047,269.2119, 183.4703,266.2120, 183.4705,264.7119, 180.8726,266.2115, 178.2744,269.2115, 178.2740,270.7119, 180.8717,340.1058, 198.6407,338.6059, 201.2387,335.6060, 201.2388,334.1058, 198.6409,335.6055, 196.0428,338.6054, 196.0423,394.7790, 199.4545,391.7791, 199.4546,390.2790, 196.8567,391.7786, 194.2585,394.7785, 194.2581,396.2789, 196.8559,2007
1214880.2202, 216.2849, 181.8241,214.7850, 184.4221,211.7851, 184.4223,210.2849, 181.8244,211.7846, 179.2262,214.7845, 179.2258,272.5275, 183.3110,269.5276, 183.3111,268.0275, 180.7132,269.5271, 178.1151,272.5270, 178.1146,274.0274, 180.7124,343.1994, 198.3101,341.6995, 200.9081,338.6996, 200.9082,337.1994, 198.3103,338.6991, 195.7122,341.6990, 195.7118,398.1536, 199.5268,395.1537, 199.5270,393.6535, 196.9291,395.1532, 194.3309,398.1531, 194.3305,399.6535, 196.9282,2008
1214880.2369, 219.8925, 181.8120,218.3925, 184.4101,215.3926, 184.4102,213.8925, 181.8123,215.3921, 179.2142,218.3921, 179.2137,276.1671, 183.6175,273.1671, 183.6176,271.6670, 181.0197,273.1667, 178.4216,276.1666, 178.4212,277.6670, 181.0189,346.5802, 198.2362,345.0803, 200.8342,342.0803, 200.8344,340.5802, 198.2365,342.0798, 195.6383,345.0798, 195.6379,401.4532, 199.7609,398.4532, 199.7611,396.9531, 197.1632,398.4528, 194.5650,401.4527, 194.5646,402.9531, 197.1624,2009
1214880.2536, 222.7126, 181.2760,221.2126, 183.8740,218.2127, 183.8742,216.7126, 181.2763,218.2122, 178.6781,221.2122, 178.6777,279.7122, 183.5253,276.7123, 183.5255,275.2122, 180.9276,276.7119, 178.3294,279.7118, 178.3290,281.2122, 180.9267,350.1827, 197.8106,348.6828, 200.4086,345.6829, 200.4088,344.1827, 197.8109,345.6824, 195.2127,348.6823, 195.2123,405.0746, 199.6821,402.0747, 199.6823,400.5746, 197.0844,402.0742, 194.4862,405.0742, 194.4858,406.5746, 197.0836,2010
1214880.2703, 226.0511, 180.9722,224.5511, 183.5702,221.5512, 183.5704,220.0511, 180.9725,221.5507, 178.3743,224.5507, 178.3739,282.6277, 183.2397,279.6277, 183.2398,278.1276, 180.6419,279.6273, 178.0437,282.6272, 178.0433,284.1276, 180.6411,353.4629, 197.4621,351.9630, 200.0602,348.9630, 200.0603,347.4629, 197.4624,348.9625, 194.8642,351.9625, 194.8638,408.6138, 199.3793,405.6139, 199.3794,404.1137, 196.7816,405.6134, 194.1834,408.6133, 194.1830,410.1137, 196.7807,2011
1214880.2869, 229.1370, 181.0785,227.6371, 183.6765,224.6372, 183.6766,223.1370, 181.0787,224.6367, 178.4806,227.6366, 178.4801,286.3749, 183.7083,283.3750, 183.7085,281.8748, 181.1106,283.3745, 178.5124,286.3744, 178.5120,287.8748, 181.1097,357.3109, 197.2890,355.8110, 199.8870,352.8110, 199.8872,351.3109, 197.2893,352.8105, 194.6911,355.8105, 194.6907,411.8018, 199.3954,408.8018, 199.3955,407.3017, 196.7976,408.8014, 194.1994,411.8013, 194.1990,413.3017, 196.7968,2012
1214880.3036, 233.8960, 181.0940,232.3961, 183.6920,229.3961, 183.6922,227.8960, 181.0943,229.3957, 178.4961,232.3956, 178.4957,290.2802, 183.8563,287.2803, 183.8565,285.7802, 181.2586,287.2798, 178.6604,290.2798, 178.6600,291.7802, 181.2577,360.6655, 197.3841,359.1656, 199.9821,356.1657, 199.9822,354.6655, 197.3844,356.1652, 194.7862,359.1651, 194.7858,415.9167, 199.7791,412.9168, 199.7792,411.4166, 197.1813,412.9163, 194.5832,415.9162, 194.5827,417.4166, 197.1805,2013
1214880.3203, 238.0359, 181.1873,236.5360, 183.7853,233.5361, 183.7855,232.0359, 181.1876,233.5356, 178.5894,236.5355, 178.5890,294.2536, 184.2757,291.2537, 184.2758,289.7536, 181.6779,291.2532, 179.0797,294.2531, 179.0793,295.7535, 181.6771,364.2045, 197.2643,362.7046, 199.8623,359.7047, 199.8624,358.2045, 197.2645,359.7042, 194.6664,362.7041, 194.6659,419.9633, 199.9187,416.9634, 199.9188,415.4633, 197.3209,416.9630, 194.7228,419.9629, 194.7223,421.4633, 197.3201,2014
1214880.3369, 241.7250, 180.7169,240.2251, 183.3149,237.2252, 183.3150,235.7250, 180.7171,237.2247, 178.1190,240.2246, 178.1185,297.6513, 184.1732,294.6514, 184.1733,293.1512, 181.5754,294.6509, 178.9773,297.6508, 178.9768,299.1512, 181.5746,367.8868, 197.3171,366.3869, 199.9151,363.3870, 199.9153,361.8868, 197.3174,363.3865, 194.7192,366.3864, 194.7188,424.1831, 200.2813,421.1832, 200.2814,419.6830, 197.6835,421.1827, 195.0853,424.1826, 195.0849,425.6830, 197.6827,2015
1214880.3536, 245.9090, 180.6773,244.4091, 183.2753,241.4092, 183.2755,239.9090, 180.6776,241.4087, 178.0794,244.4086, 178.0790,301.5127, 184.3291,298.5128, 184.3292,297.0127, 181.7313,298.5123, 179.1331,301.5122, 179.1327,303.0126, 181.7305,372.3295, 196.9522,370.8296, 199.5502,367.8297, 199.5504,366.3295, 196.9525,367.8292, 194.3543,370.8291, 194.3539,427.9554, 200.0615,424.9555, 200.0617,423.4553, 197.4638,424.9550, 194.8656,427.9549, 194.8652,429.4553, 197.4630,2016
1214880.3703, 249.6423, 180.1819,248.1424, 182.7800,245.1425, 182.7801,243.6423, 180.1822,245.1420, 177.5840,248.1419, 177.5836,305.5770, 184.5072,302.5771, 184.5074,301.0769, 181.9095,302.5766, 179.3113,305.5765, 179.3109,307.0769, 181.9086,375.5371, 196.7689,374.0372, 199.3669,371.0373, 199.3670,369.5371, 196.7691,371.0368, 194.1710,374.0367, 194.1706,431.9045, 200.4020,428.9046, 200.4021,427.4044, 197.8042,428.9041, 195.2061,431.9040, 195.2056,433.4044, 197.8034,2017
1214880.3870, 253.4840, 180.0249,251.9840, 182.6230,248.9841, 182.6231,247.4840, 180.0252,248.9836, 177.4270,251.9836, 177.4266,309.2048, 184.5233,306.2049, 184.5234,304.7048, 181.9255,306.2044, 179.3274,309.2043, 179.3270,310.7047, 181.9247,379.4608, 196.4905,377.9609, 199.0885,374.9610, 199.0887,373.4608, 196.4908,374.9605, 193.8926,377.9604, 193.8922,436.1896, 200.2058,433.1897, 200.2059,431.6896, 197.6080,433.1892, 195.0099,436.1891, 195.0094,437.6895, 197.6072,2018
1214880.4036, 257.5778, 179.4884,256.0779, 182.0864,253.0779, 182.0865,251.5778, 179.4886,253.0775, 176.8905,256.0774, 176.8901,313.3917, 184.2597,310.3918, 184.2598,308.8916, 181.6619,310.3913, 179.0638,313.3912, 179.0633,314.8916, 181.6611,383.4235, 196.0311,381.9236, 198.6292,378.9236, 198.6293,377.4235, 196.0314,378.9232, 193.4332,381.9231, 193.4328,439.8896, 200.1588,436.8897, 200.1590,435.3895, 197.5611,436.8892, 194.9629,439.8891, 194.9625,441.3895, 197.5602,2019
1214880.4203, 261.0500, 179.2837,259.5500, 181.8817,256.5501, 181.8819,255.0500, 179.2840,256.5496, 176.6858,259.5496, 176.6854,317.2736, 184.5624,314.2737, 184.5625,312.7735, 181.9646,314.2732, 179.3664,317.2731, 179.3660,318.7735, 181.9638,387.5718, 195.8366,386.0718, 198.4346,383.0719, 198.4348,381.5718, 195.8369,383.0714, 193.2387,386.0714, 193.2383,443.4206, 200.1182,440.4207, 200.1183,438.9205, 197.5204,440.4202, 194.9223,443.4201, 194.9218,444.9205, 197.5196,2020
1214880.4370, 264.6527, 178.8181,263.1528, 181.4161,260.1529, 181.4162,258.6527, 178.8183,260.1524, 176.2202,263.1523, 176.2197,321.0761, 184.2264,318.0762, 184.2265,316.5760, 181.6286,318.0757, 179.0305,321.0757, 179.0300,322.5760, 181.6278,390.7948, 195.5349,389.2949, 198.1329,386.2949, 198.1331,384.7948, 195.5352,386.2944, 192.9370,389.2944, 192.9366,447.6320, 199.8685,444.6321, 199.8687,443.1319, 197.2708,444.6316, 194.6726,447.6315, 194.6722,449.1319, 197.2700,2021
1214880.4537, 268.1218, 178.3002,266.6219, 180.8982,263.6219, 180.8983,262.1218, 178.3005,263.6214, 175.7023,266.6214, 175.7019,324.0331, 183.6787,321.0331, 183.6789,319.5330, 181.0810,321.0327, 178.4828,324.0326, 178.4824,325.5330, 181.0802,394.9387, 195.0331,393.4388, 197.6311,390.4388, 197.6312,388.9387, 195.0333,390.4384, 192.4352,393.4383, 192.4347,450.8874, 199.7764,447.8875, 199.7766,446.3874, 197.1786,447.8870, 194.5805,450.8869, 194.5801,452.3873, 197.1778,2022
1214880.4704, 271.5781, 178.1727,270.0782, 180.7707,267.0783, 180.7708,265.5781, 178.1729,267.0778, 175.5748,270.0777, 175.5743,327.3336, 183.9716,324.3336, 183.9718,322.8335, 181.3739,324.3332, 178.7757,327.3331, 178.7753,328.8335, 181.3731,397.7375, 194.6006,396.2376, 197.1986,393.2377, 197.1987,391.7376, 194.6008,393.2372, 192.0027,396.2372, 192.0022,454.4097, 199.6528,451.4098, 199.6530,449.9096, 197.0551,451.4093, 194.4569,454.4092, 194.4565,455.9096, 197.0543,2023
1214880.4870, 274.3685, 178.0783,272.8686, 180.6763,269.8687, 180.6765,268.3685, 178.0786,269.8682, 175.4804,272.8681, 175.4800,330.4396, 183.8919,327.4396, 183.8920,325.9395, 181.2941,327.4391, 178.6960,330.4391, 178.6956,331.9395, 181.2933,401.5043, 194.2921,400.0044, 196.8901,397.0045, 196.8903,395.5043, 194.2924,397.0040, 191.6942,400.0039, 191.6938,457.6501, 199.9456,454.6501, 199.9458,453.1500, 197.3479,454.6497, 194.7497,457.6496, 194.7493,459.1500, 197.3470,2024
1214880.5037, 277.4160, 177.8354,275.9161, 180.4335,272.9162, 180.4336,271.4160, 177.8357,272.9157, 175.2376,275.9156, 175.2371,334.2463, 184.3413,331.2464, 184.3414,329.7462, 181.7435,331.2459, 179.1454,334.2458, 179.1449,335.7462, 181.7427,404.9471, 194.4660,403.4471, 197.0640,400.4472, 197.0641,398.9471, 194.4662,400.4467, 191.8681,403.4467, 191.8677,460.2877, 200.1135,457.2878, 200.1136,455.7876, 197.5157,457.2873, 194.9176,460.2872, 194.9171,461.7876, 197.5149,2025
1214880.5204, 280.5334, 178.1272,279.0335, 180.7252,276.0336, 180.7253,274.5334, 178.1274,276.0331, 175.5293,279.0330, 175.5289,336.4070, 184.1238,333.4071, 184.1240,331.9070, 181.5261,333.4066, 178.9279,336.4065, 178.9275,337.9069, 181.5253,407.5219, 194.2979,406.0220, 196.8959,403.0221, 196.8960,401.5219, 194.2981,403.0216, 191.7000,406.0215, 191.6996,463.4041, 199.9772,460.4041, 199.9773,458.9040, 197.3794,460.4037, 194.7812,463.4036, 194.7808,464.9040, 197.3786,2026
1214880.5371, 283.1090, 178.1571,281.6091, 180.7552,278.6092, 180.7553,277.1090, 178.1574,278.6087, 175.5592,281.6086, 175.5588,339.2150, 184.7729,336.2151, 184.7730,334.7149, 182.1751,336.2146, 179.5770,339.2145, 179.5765,340.7149, 182.1743,410.0203, 194.6465,408.5204, 197.2446,405.5204, 197.2447,404.0203, 194.6468,405.5199, 192.0487,408.5199, 192.0482,465.7778, 200.4384,462.7779, 200.4386,461.2777, 197.8407,462.7774, 195.2425,465.7773, 195.2421,467.2777, 197.8399,2027
1214880.5538, 285.3090, 178.4954,283.8091, 181.0935,280.8091, 181.0936,279.3090, 178.4957,280.8087, 175.8976,283.8086, 175.8971,342.1728, 185.2229,339.1729, 185.2230,337.6727, 182.6251,339.1724, 180.0269,342.1723, 180.0265,343.6727, 182.6243,411.9756, 194.5891,410.4757, 197.1871,407.4758, 197.1872,405.9757, 194.5893,407.4753, 191.9911,410.4753, 191.9907,468.2459, 200.6772,465.2460, 200.6773,463.7458, 198.0794,465.2455, 195.4813,468.2455, 195.4808,469.7458, 198.0786,2028
1214880.5704, 287.2880, 178.2988,285.7881, 180.8968,282.7881, 180.8969,281.2880, 178.2990,282.7877, 175.7009,285.7876, 175.7005,343.6224, 184.8039,340.6225, 184.8040,339.1223, 182.2061,340.6220, 179.6080,343.6219, 179.6076,345.1223, 182.2053,413.8929, 194.6440,412.3930, 197.2421,409.3931, 197.2422,407.8930, 194.6443,409.3926, 192.0462,412.3925, 192.0457,470.3220, 200.9848,467.3221, 200.9850,465.8219, 198.3871,467.3216, 195.7889,470.3215, 195.7885,471.8219, 198.3862,2029
1214880.5871, 289.5837, 177.8875,288.0838, 180.4855,285.0838, 180.4856,283.5837, 177.8877,285.0833, 175.2896,288.0833, 175.2891,345.8358, 184.9565,342.8359, 184.9567,341.3358, 182.3588,342.8354, 179.7606,345.8353, 179.7602,347.3357, 182.3579,416.0557, 194.1753,414.5558, 196.7733,411.5558, 196.7734,410.0557, 194.1755,411.5553, 191.5774,414.5553, 191.5770,472.1572, 200.9195,469.1573, 200.9196,467.6571, 198.3217,469.1568, 195.7236,472.1567, 195.7232,473.6571, 198.3209,2030
1214880.6038, 290.8367, 177.8173,289.3368, 180.4153,286.3368, 180.4155,284.8367, 177.8176,286.3363, 175.2194,289.3363, 175.2190,347.2652, 184.8902,344.2653, 184.8903,342.7651, 182.2924,344.2648, 179.6943,347.2647, 179.6938,348.7651, 182.2916,417.5260, 193.8864,416.0261, 196.4845,413.0262, 196.4846,411.5260, 193.8867,413.0257, 191.2885,416.0256, 191.2881,474.4379, 200.6310,471.4380, 200.6311,469.9378, 198.0332,471.4375, 195.4350,474.4374, 195.4346,475.9378, 198.0324,2031
1214880.6205, 292.2912, 177.7132,290.7913, 180.3112,287.7914, 180.3114,286.2912, 177.7135,287.7909, 175.1153,290.7908, 175.1149,348.3039, 184.4825,345.3040, 184.4826,343.8038, 181.8847,345.3035, 179.2865,348.3034, 179.2861,349.8038, 181.8839,418.9949, 193.6989,417.4950, 196.2969,414.4950, 196.2970,412.9949, 193.6991,414.4945, 191.1010,417.4945, 191.1005,475.0977, 200.5216,472.0977, 200.5218,470.5976, 197.9239,472.0973, 195.3257,475.0972, 195.3253,476.5976, 197.9230,2032
1214880.6372, 293.5593, 177.3140,292.0594, 179.9120,289.0594, 179.9122,287.5593, 177.3143,289.0590, 174.7161,292.0589, 174.7157,349.5602, 184.3311,346.5603, 184.3313,345.0602, 181.7334,346.5598, 179.1352,349.5598, 179.1348,351.0602, 181.7325,420.1552, 193.3264,418.6553, 195.9244,415.6554, 195.9245,414.1552, 193.3266,415.6549, 190.7285,418.6548, 190.7281,476.2972, 200.1015,473.2973, 200.1016,471.7971, 197.5037,473.2968, 194.9056,476.2967, 194.9052,477.7971, 197.5029,2033
1214880.6538, 294.1394, 177.5350,292.6395, 180.1331,289.6396, 180.1332,288.1394, 177.5353,289.6391, 174.9371,292.6390, 174.9367,350.1592, 184.4767,347.1593, 184.4768,345.6592, 181.8789,347.1588, 179.2808,350.1588, 179.2803,351.6591, 181.8781,420.7535, 193.5471,419.2536, 196.1451,416.2537, 196.1453,414.7535, 193.5474,416.2532, 190.9492,419.2531, 190.9488,476.8675, 200.5762,473.8676, 200.5764,472.3674, 197.9785,473.8671, 195.3803,476.8670, 195.3799,478.3674, 197.9776,2034
1214880.6705, 294.5240, 177.4015,293.0241, 179.9996,290.0242, 179.9997,288.5240, 177.4018,290.0237, 174.8036,293.0236, 174.8032,350.6855, 184.5016,347.6856, 184.5018,346.1855, 181.9039,347.6851, 179.3057,350.6851, 179.3053,352.1855, 181.9030,421.6149, 193.3064,420.1150, 195.9044,417.1151, 195.9046,415.6150, 193.3067,417.1146, 190.7085,420.1145, 190.7081,477.1563, 200.3087,474.1564, 200.3088,472.6562, 197.7109,474.1559, 195.1127,477.1558, 195.1123,478.6562, 197.7101,2035
1214880.6872, 294.7978, 177.3619,293.2979, 179.9599,290.2979, 179.9601,288.7978, 177.3622,290.2974, 174.7640,293.2974, 174.7636,351.0198, 185.1602,348.0199, 185.1603,346.5197, 182.5624,348.0194, 179.9643,351.0193, 179.9639,352.5197, 182.5616,421.7225, 193.2590,420.2226, 195.8570,417.2227, 195.8571,415.7225, 193.2593,417.2222, 190.6611,420.2221, 190.6607,477.0194, 200.5509,474.0195, 200.5511,472.5193, 197.9532,474.0190, 195.3550,477.0190, 195.3546,478.5193, 197.9524,2036
1214880.7039, 294.3842, 177.3229,292.8843, 179.9210,289.8844, 179.9211,288.3842, 177.3232,289.8839, 174.7251,292.8838, 174.7246,351.1906, 185.2554,348.1906, 185.2556,346.6905, 182.6577,348.1901, 180.0595,351.1901, 180.0591,352.6905, 182.6569,421.5699, 193.5026,420.0700, 196.1006,417.0700, 196.1008,415.5699, 193.5029,417.0695, 190.9047,420.0695, 190.9043,477.3606, 201.0325,474.3607, 201.0327,472.8605, 198.4348,474.3602, 195.8366,477.3601, 195.8362,478.8605, 198.4339,2037
1214880.7206, 294.6514, 177.7663,293.1515, 180.3643,290.1516, 180.3644,288.6514, 177.7665,290.1511, 175.1684,293.1510, 175.1680,350.8178, 185.4984,347.8179, 185.4985,346.3177, 182.9006,347.8174, 180.3024,350.8173, 180.3020,352.3177, 182.8998,420.3417, 193.5665,418.8418, 196.1645,415.8419, 196.1646,414.3417, 193.5667,415.8414, 190.9686,418.8413, 190.9681,476.2518, 201.0108,473.2519, 201.0110,471.7517, 198.4131,473.2514, 195.8149,476.2513, 195.8145,477.7517, 198.4122,2038
1214880.7372, 293.1318, 177.7114,291.6319, 180.3094,288.6320, 180.3096,287.1319, 177.7117,288.6315, 175.1135,291.6314, 175.1131,349.5853, 185.3633,346.5853, 185.3634,345.0852, 182.7655,346.5848, 180.1674,349.5848, 180.1669,351.0852, 182.7647,419.5540, 193.4757,418.0541, 196.0737,415.0542, 196.0739,413.5540, 193.4760,415.0537, 190.8778,418.0536, 190.8774,475.8342, 201.0813,472.8343, 201.0814,471.3342, 198.4835,472.8338, 195.8854,475.8337, 195.8849,477.3341, 198.4827,2039
1214880.7539, 291.8627, 177.5327,290.3628, 180.1307,287.3629, 180.1308,285.8627, 177.5330,287.3624, 174.9348,290.3623, 174.9344,348.7675, 185.0079,345.7676, 185.0080,344.2675, 182.4101,345.7671, 179.8120,348.7671, 179.8115,350.2675, 182.4093,419.0017, 193.1059,417.5018, 195.7039,414.5019, 195.7040,413.0017, 193.1061,414.5014, 190.5080,417.5013, 190.5075,474.5352, 200.5742,471.5353, 200.5743,470.0352, 197.9764,471.5348, 195.3783,474.5348, 195.3778,476.0352, 197.9756,2040
1214880.7706, 290.5140, 177.1095,289.0141, 179.7076,286.0142, 179.7077,284.5140, 177.1098,286.0137, 174.5117,289.0136, 174.5112,346.8484, 184.3662,343.8484, 184.3663,342.3483, 181.7684,343.8480, 179.1703,346.8479, 179.1698,348.3483, 181.7676,417.5643, 193.0343,416.0644, 195.6323,413.0645, 195.6324,411.5643, 193.0345,413.0640, 190.4364,416.0639, 190.4359,472.7410, 200.2823,469.7411, 200.2824,468.2409, 197.6845,469.7406, 195.0864,472.7405, 195.0860,474.2409, 197.6837,2041
1214880.7873, 288.4814, 176.9996,286.9815, 179.5976,283.9816, 179.5977,282.4814, 176.9998,283.9811, 174.4017,286.9810, 174.4013,345.1277, 184.3834,342.1278, 184.3836,340.6277, 181.7857,342.1273, 179.1875,345.1273, 179.1871,346.6277, 181.7848,415.0100, 193.1076,413.5101, 195.7056,410.5102, 195.7057,409.0100, 193.1079,410.5097, 190.5097,413.5096, 190.5093,471.0056, 200.1461,468.0057, 200.1462,466.5056, 197.5484,468.0052, 194.9502,471.0052, 194.9498,472.5056, 197.5475,2042
1214880.8040, 286.4797, 177.0466,284.9798, 179.6446,281.9799, 179.6448,280.4798, 177.0469,281.9794, 174.4487,284.9793, 174.4483,342.9250, 184.5630,339.9251, 184.5631,338.4249, 181.9653,339.9246, 179.3671,342.9245, 179.3667,344.4249, 181.9644,413.2308, 193.1689,411.7309, 195.7670,408.7309, 195.7671,407.2308, 193.1692,408.7304, 190.5710,411.7304, 190.5706,468.9931, 200.0220,465.9932, 200.0222,464.4931, 197.4243,465.9927, 194.8261,468.9926, 194.8257,470.4930, 197.4234,2043
1214880.8206, 284.0203, 177.5752,282.5204, 180.1732,279.5205, 180.1734,278.0204, 177.5755,279.5200, 174.9773,282.5199, 174.9769,340.2254, 184.5918,337.2255, 184.5919,335.7253, 181.9940,337.2250, 179.3959,340.2249, 179.3955,341.7253, 181.9932,410.8514, 193.2709,409.3515, 195.8689,406.3516, 195.8690,404.8514, 193.2711,406.3511, 190.6730,409.3510, 190.6726,466.1522, 200.0370,463.1523, 200.0371,461.6521, 197.4392,463.1518, 194.8411,466.1517, 194.8407,467.6521, 197.4384,2044
1214880.8373, 281.9484, 177.4872,280.4485, 180.0852,277.4486, 180.0853,275.9484, 177.4874,277.4481, 174.8893,280.4480, 174.8888,337.6130, 184.2527,334.6131, 184.2528,333.1129, 181.6550,334.6126, 179.0568,337.6125, 179.0564,339.1129, 181.6541,408.3967, 193.5154,406.8968, 196.1134,403.8968, 196.1136,402.3967, 193.5157,403.8963, 190.9175,406.8963, 190.9171,463.5222, 200.0882,460.5223, 200.0883,459.0222, 197.4904,460.5218, 194.8923,463.5218, 194.8919,465.0222, 197.4896,2045
1214880.8540, 278.2911, 177.4082,276.7912, 180.0062,273.7913, 180.0064,272.2911, 177.4085,273.7908, 174.8103,276.7907, 174.8099,334.8429, 184.1871,331.8430, 184.1872,330.3428, 181.5894,331.8425, 178.9912,334.8424, 178.9908,336.3428, 181.5885,405.3265, 194.0051,403.8266, 196.6031,400.8267, 196.6032,399.3265, 194.0053,400.8262, 191.4072,403.8261, 191.4068,461.0056, 200.1821,458.0056, 200.1823,456.5055, 197.5844,458.0051, 194.9862,461.0051, 194.9858,462.5055, 197.5836,2046
1214880.8707, 275.4277, 177.7556,273.9277, 180.3536,270.9278, 180.3538,269.4277, 177.7559,270.9273, 175.1577,273.9272, 175.1573,331.5841, 184.2741,328.5842, 184.2742,327.0840, 181.6763,328.5837, 179.0782,331.5836, 179.0778,333.0840, 181.6755,402.7940, 193.7116,401.2941, 196.3096,398.2941, 196.3098,396.7940, 193.7119,398.2936, 191.1137,401.2936, 191.1133,457.5172, 200.0915,454.5173, 200.0916,453.0171, 197.4937,454.5168, 194.8956,457.5167, 194.8951,459.0171, 197.4929,2047
1214880.8874, 272.4801, 177.6756,270.9802, 180.2737,267.9802, 180.2738,266.4801, 177.6759,267.9797, 175.0777,270.9797, 175.0773,328.4181, 183.5994,325.4182, 183.5995,323.9180, 181.0017,325.4177, 178.4035,328.4176, 178.4031,329.9180, 181.0008,398.2833, 194.1791,396.7834, 196.7771,393.7834, 196.7773,392.2833, 194.1794,393.7829, 191.5812,396.7829, 191.5808,454.5217, 200.1210,451.5218, 200.1211,450.0217, 197.5232,451.5213, 194.9251,454.5212, 194.9246,456.0216, 197.5224,2048
1214880.9041, 269.2640, 177.9709,267.7641, 180.5689,264.7642, 180.5691,263.2640, 177.9712,264.7637, 175.3730,267.7636, 175.3726,324.5600, 183.4572,321.5601, 183.4573,320.0599, 180.8595,321.5596, 178.2613,324.5595, 178.2609,326.0599, 180.8586,395.3990, 194.2772,393.8991, 196.8753,390.8991, 196.8754,389.3990, 194.2775,390.8987, 191.6794,393.8986, 191.6789,451.3652, 200.1624,448.3653, 200.1625,446.8651, 197.5646,448.3648, 194.9664,451.3647, 194.9660,452.8651, 197.5638,2049
1214880.9208, 265.1567, 178.0111,263.6568, 180.6091,260.6569, 180.6092,259.1567, 178.0114,260.6564, 175.4132,263.6563, 175.4128,321.3946, 183.2334,318.3947, 183.2336,316.8945, 180.6357,318.3942, 178.0375,321.3941, 178.0371,322.8945, 180.6348,391.7141, 194.2191,390.2141, 196.8172,387.2142, 196.8173,385.7141, 194.2194,387.2137, 191.6213,390.2137, 191.6208,447.2402, 200.2899,444.2403, 200.2900,442.7401, 197.6921,444.2398, 195.0940,447.2397, 195.0936,448.7401, 197.6913,2050
1214880.9375, 261.9803, 177.8884,260.4803, 180.4864,257.4804, 180.4866,255.9803, 177.8887,257.4799, 175.2905,260.4799, 175.2901,318.0190, 183.5454,315.0190, 183.5456,313.5189, 180.9477,315.0186, 178.3495,318.0185, 178.3491,319.5189, 180.9468,388.8036, 194.3107,387.3037, 196.9087,384.3038, 196.9089,382.8037, 194.3110,384.3033, 191.7128,387.3033, 191.7124,443.6022, 199.8935,440.6023, 199.8936,439.1021, 197.2958,440.6018, 194.6976,443.6017, 194.6972,445.1021, 197.2949,2051
1214880.9542, 258.2424, 177.9073,256.7425, 180.5053,253.7426, 180.5055,252.2424, 177.9076,253.7421, 175.3094,256.7420, 175.3090,314.3558, 183.2711,311.3559, 183.2713,309.8557, 180.6734,311.3554, 178.0752,314.3553, 178.0748,315.8557, 180.6726,384.5970, 194.2091,383.0971, 196.8072,380.0972, 196.8073,378.5970, 194.2094,380.0967, 191.6113,383.0966, 191.6108,440.1809, 199.4677,437.1810, 199.4678,435.6808, 196.8699,437.1805, 194.2718,440.1804, 194.2713,441.6808, 196.8691,2052
1214880.9709, 254.8965, 178.3236,253.3966, 180.9216,250.3967, 180.9218,248.8965, 178.3239,250.3962, 175.7257,253.3961, 175.7253,310.6072, 183.6331,307.6073, 183.6333,306.1072, 181.0354,307.6068, 178.4372,310.6068, 178.4368,312.1071, 181.0346,381.1622, 194.6149,379.6623, 197.2130,376.6624, 197.2131,375.1622, 194.6152,376.6619, 192.0170,379.6618, 192.0166,436.6981, 199.5555,433.6982, 199.5556,432.1980, 196.9577,433.6977, 194.3596,436.6976, 194.3591,438.1980, 196.9569,2053
1214880.9876, 251.3912, 178.5080,249.8913, 181.1060,246.8914, 181.1062,245.3913, 178.5083,246.8909, 175.9101,249.8908, 175.9097,306.5904, 183.5804,303.5905, 183.5806,302.0903, 180.9827,303.5900, 178.3845,306.5899, 178.3841,308.0903, 180.9818,377.1093, 194.8187,375.6093, 197.4167,372.6094, 197.4168,371.1093, 194.8189,372.6089, 192.2208,375.6089, 192.2204,432.9349, 199.3925,429.9350, 199.3927,428.4349, 196.7948,429.9345, 194.1966,432.9344, 194.1962,434.4348, 196.7940,2054
1214881.0042, 247.1132, 178.7783,245.6132, 181.3763,242.6133, 181.3765,241.1132, 178.7786,242.6128, 176.1804,245.6127, 176.1800,303.1847, 183.3878,300.1847, 183.3880,298.6846, 180.7901,300.1842, 178.1919,303.1842, 178.1915,304.6846, 180.7892,373.0792, 195.2991,371.5793, 197.8972,368.5794, 197.8973,367.0792, 195.2994,368.5789, 192.7012,371.5788, 192.7008,429.0785, 199.5502,426.0786, 199.5503,424.5784, 196.9524,426.0781, 194.3543,429.0780, 194.3539,430.5784, 196.9516,2055
1214881.0209, 243.0968, 179.1873,241.5969, 181.7853,238.5970, 181.7854,237.0968, 179.1875,238.5965, 176.5894,241.5964, 176.5889,299.1744, 183.4198,296.1745, 183.4199,294.6744, 180.8220,296.1740, 178.2238,299.1740, 178.2234,300.6743, 180.8212,369.2139, 195.6881,367.7140, 198.2861,364.7140, 198.2863,363.2139, 195.6884,364.7135, 193.0902,367.7135, 193.0898,424.6532, 199.4283,421.6533, 199.4284,420.1531, 196.8305,421.6528, 194.2323,424.6527, 194.2319,426.1531, 196.8297,2056
1214881.0376, 238.9465, 179.7154,237.4465, 182.3134,234.4466, 182.3135,232.9465, 179.7157,234.4461, 177.1175,237.4461, 177.1171,295.2728, 183.4032,292.2729, 183.4034,290.7727, 180.8055,292.2724, 178.2073,295.2723, 178.2069,296.7727, 180.8046,365.3547, 195.9694,363.8548, 198.5675,360.8549, 198.5676,359.3547, 195.9697,360.8544, 193.3716,363.8543, 193.3711,421.3449, 199.5091,418.3450, 199.5093,416.8449, 196.9114,418.3445, 194.3132,421.3445, 194.3128,422.8448, 196.9105,2057
1214881.0543, 235.2665, 179.6945,233.7666, 182.2925,230.7666, 182.2926,229.2665, 179.6947,230.7662, 177.0966,233.7661, 177.0961,291.7543, 183.3690,288.7544, 183.3692,287.2542, 180.7713,288.7539, 178.1731,291.7538, 178.1727,293.2542, 180.7704,361.2305, 196.3509,359.7306, 198.9489,356.7307, 198.9491,355.2306, 196.3512,356.7302, 193.7530,359.7301, 193.7526,416.7094, 199.2704,413.7094, 199.2706,412.2093, 196.6727,413.7090, 194.0745,416.7089, 194.0741,418.2093, 196.6719,2058
1214881.0710, 231.4676, 179.9677,229.9677, 182.5657,226.9678, 182.5659,225.4676, 179.9680,226.9673, 177.3698,229.9672, 177.3694,287.7189, 183.1943,284.7190, 183.1944,283.2188, 180.5965,284.7185, 177.9984,287.7184, 177.9979,289.2188, 180.5957,358.4363, 196.5037,356.9364, 199.1017,353.9365, 199.1019,352.4363, 196.5040,353.9360, 193.9058,356.9359, 193.9054,413.7213, 199.5473,410.7213, 199.5474,409.2212, 196.9495,410.7208, 194.3513,413.7208, 194.3509,415.2212, 196.9487,2059
1214881.0877, 227.6342, 180.3822,226.1343, 182.9802,223.1344, 182.9804,221.6342, 180.3825,223.1339, 177.7843,226.1339, 177.7839,284.2574, 183.2107,281.2574, 183.2108,279.7573, 180.6129,281.2570, 178.0148,284.2569, 178.0144,285.7573, 180.6121,354.6886, 196.8266,353.1887, 199.4246,350.1888, 199.4247,348.6886, 196.8268,350.1883, 194.2287,353.1882, 194.2283,410.5109, 199.4071,407.5109, 199.4073,406.0108, 196.8094,407.5104, 194.2112,410.5104, 194.2108,412.0108, 196.8085,2060
1214881.1044, 224.3892, 180.4545,222.8892, 183.0526,219.8893, 183.0527,218.3892, 180.4548,219.8888, 177.8567,222.8888, 177.8562,280.5895, 183.0684,277.5896, 183.0685,276.0894, 180.4706,277.5891, 177.8725,280.5890, 177.8721,282.0894, 180.4698,351.3066, 197.0404,349.8067, 199.6384,346.8068, 199.6385,345.3066, 197.0407,346.8063, 194.4425,349.8062, 194.4421,406.4948, 199.2488,403.4948, 199.2489,401.9947, 196.6510,403.4944, 194.0529,406.4943, 194.0524,407.9947, 196.6502,2061
1214881.1211, 220.6574, 180.6829,219.1575, 183.2809,216.1576, 183.2811,214.6574, 180.6832,216.1571, 178.0850,219.1570, 178.0846,277.2805, 182.9447,274.2806, 182.9449,272.7804, 180.3470,274.2801, 177.7488,277.2800, 177.7484,278.7804, 180.3461,347.8594, 197.1246,346.3595, 199.7227,343.3596, 199.7228,341.8595, 197.1249,343.3591, 194.5267,346.3590, 194.5263,403.3049, 199.0868,400.3050, 199.0870,398.8048, 196.4891,400.3045, 193.8909,403.3044, 193.8905,404.8048, 196.4883,2062
1214881.1377, 217.5400, 181.0367,216.0401, 183.6347,213.0402, 183.6348,211.5400, 181.0370,213.0397, 178.4388,216.0396, 178.4384,274.1858, 182.8951,271.1859, 182.8952,269.6857, 180.2973,271.1854, 177.6992,274.1853, 177.6987,275.6857, 180.2965,344.8958, 197.4352,343.3959, 200.0332,340.3960, 200.0334,338.8958, 197.4355,340.3955, 194.8373,343.3954, 194.8369,399.5055, 198.6812,396.5055, 198.6814,395.0054, 196.0835,396.5050, 193.4853,399.5050, 193.4849,401.0054, 196.0827,2063
1214881.1544, 214.6702, 181.1702,213.1703, 183.7682,210.1703, 183.7683,208.6702, 181.1704,210.1699, 178.5723,213.1698, 178.5718,270.6517, 182.7162,267.6518, 182.7163,266.1517, 180.1184,267.6513, 177.5202,270.6512, 177.5198,272.1516, 180.1176,342.2427, 197.6640,340.7428, 200.2620,337.7429, 200.2621,336.2427, 197.6642,337.7424, 195.0661,340.7423, 195.0656,396.9517, 198.7691,393.9517, 198.7693,392.4516, 196.1714,393.9512, 193.5732,396.9512, 193.5728,398.4516, 196.1705,2064
1214881.1711, 211.0921, 181.4639,209.5922, 184.0619,206.5923, 184.0621,205.0921, 181.4642,206.5918, 178.8660,209.5918, 178.8656,268.2065, 182.8083,265.2066, 182.8084,263.7065, 180.2105,265.2061, 177.6124,268.2061, 177.6119,269.7065, 180.2097,339.1511, 197.7656,337.6512, 200.3636,334.6513, 200.3637,333.1511, 197.7658,334.6508, 195.1677,337.6507, 195.1673,394.4467, 199.0113,391.4468, 199.0114,389.9467, 196.4135,391.4463, 193.8154,394.4462, 193.8149,395.9466, 196.4127,2065
1214881.1878, 208.7885, 181.6183,207.2886, 184.2163,204.2887, 184.2165,202.7885, 181.6186,204.2882, 179.0204,207.2881, 179.0200,265.8008, 182.7529,262.8008, 182.7531,261.3007, 180.1552,262.8004, 177.5570,265.8003, 177.5566,267.3007, 180.1543,336.6052, 197.7966,335.1052, 200.3946,332.1053, 200.3948,330.6052, 197.7969,332.1048, 195.1987,335.1047, 195.1983,391.5165, 198.4089,388.5166, 198.4090,387.0164, 195.8111,388.5161, 193.2130,391.5161, 193.2125,393.0164, 195.8103,2066
1214881.2045, 206.7224, 181.6574,205.2224, 184.2555,202.2225, 184.2556,200.7224, 181.6577,202.2220, 179.0596,205.2219, 179.0591,263.1093, 182.7135,260.1094, 182.7137,258.6092, 180.1158,260.1089, 177.5176,263.1088, 177.5172,264.6092, 180.1149,334.0948, 197.8358,332.5948, 200.4339,329.5949, 200.4340,328.0948, 197.8361,329.5945, 195.2380,332.5944, 195.2375,389.4214, 198.1070,386.4215, 198.1072,384.9213, 195.5093,386.4210, 192.9111,389.4209, 192.9107,390.9213, 195.5085,2067
1214881.2212, 203.8716, 181.7719,202.3717, 184.3699,199.3718, 184.3700,197.8716, 181.7721,199.3713, 179.1740,202.3712, 179.1735,260.6310, 182.7015,257.6311, 182.7016,256.1309, 180.1037,257.6306, 177.5056,260.6305, 177.5051,262.1309, 180.1029,331.8511, 197.8637,330.3512, 200.4617,327.3513, 200.4619,325.8512, 197.8640,327.3508, 195.2658,330.3507, 195.2654,387.1273, 197.9053,384.1274, 197.9055,382.6273, 195.3076,384.1269, 192.7094,387.1269, 192.7090,388.6273, 195.3068,2068
1214881.2378, 201.7212, 182.0321,200.2212, 184.6301,197.2213, 184.6303,195.7212, 182.0324,197.2208, 179.4342,200.2208, 179.4338,258.8798, 182.6502,255.8799, 182.6504,254.3797, 180.0525,255.8794, 177.4543,258.8793, 177.4539,260.3797, 180.0517,329.8161, 198.2247,328.3162, 200.8227,325.3163, 200.8228,323.8161, 198.2250,325.3158, 195.6268,328.3157, 195.6264,385.0295, 198.1361,382.0296, 198.1362,380.5294, 195.5383,382.0291, 192.9401,385.0290, 192.9397,386.5294, 195.5375,2069
1214881.2545, 200.0719, 181.8043,198.5719, 184.4023,195.5720, 184.4025,194.0719, 181.8046,195.5715, 179.2064,198.5715, 179.2060,257.0304, 182.1170,254.0305, 182.1172,252.5303, 179.5193,254.0300, 176.9211,257.0299, 176.9207,258.5303, 179.5184,328.2418, 197.9500,326.7418, 200.5480,323.7419, 200.5482,322.2418, 197.9503,323.7414, 195.3521,326.7413, 195.3517,383.0256, 198.1947,380.0257, 198.1949,378.5256, 195.5970,380.0252, 192.9988,383.0251, 192.9984,384.5255, 195.5962,2070
1214881.2712, 198.7038, 181.7895,197.2039, 184.3875,194.2040, 184.3877,192.7038, 181.7898,194.2035, 179.1916,197.2034, 179.1912,254.7100, 182.2468,251.7100, 182.2470,250.2099, 179.6491,251.7095, 177.0509,254.7095, 177.0505,256.2099, 179.6482,326.4130, 198.2470,324.9130, 200.8450,321.9131, 200.8451,320.4130, 198.2473,321.9126, 195.6491,324.9125, 195.6487,381.1959, 198.0514,378.1959, 198.0515,376.6958, 195.4536,378.1954, 192.8555,381.1954, 192.8550,382.6958, 195.4528,2071
1214881.2879, 197.0704, 181.6621,195.5705, 184.2601,192.5706, 184.2603,191.0704, 181.6624,192.5701, 179.0642,195.5700, 179.0638,253.4763, 182.0707,250.4764, 182.0709,248.9762, 179.4730,250.4759, 176.8748,253.4758, 176.8744,254.9762, 179.4722,324.9419, 198.1932,323.4420, 200.7913,320.4420, 200.7914,318.9419, 198.1935,320.4416, 195.5954,323.4415, 195.5949,379.3423, 197.9549,376.3423, 197.9550,374.8422, 195.3571,376.3419, 192.7590,379.3418, 192.7585,380.8422, 195.3563,2072
1214881.3046, 195.8633, 182.0855,194.3634, 184.6836,191.3634, 184.6837,189.8633, 182.0858,191.3630, 179.4877,194.3629, 179.4872,252.2862, 182.5543,249.2863, 182.5544,247.7862, 179.9565,249.2858, 177.3584,252.2858, 177.3580,253.7861, 179.9557,323.3660, 198.0213,321.8661, 200.6193,318.8662, 200.6195,317.3661, 198.0216,318.8657, 195.4234,321.8656, 195.4230,378.2114, 197.6568,375.2115, 197.6570,373.7113, 195.0591,375.2110, 192.4609,378.2109, 192.4605,379.7113, 195.0583,2073
1214881.3212, 194.4409, 181.8831,192.9409, 184.4811,189.9410, 184.4813,188.4409, 181.8834,189.9405, 179.2852,192.9404, 179.2848,250.8603, 182.2017,247.8604, 182.2018,246.3602, 179.6039,247.8599, 177.0058,250.8598, 177.0053,252.3602, 179.6031,322.2426, 198.2598,320.7427, 200.8578,317.7428, 200.8579,316.2426, 198.2601,317.7423, 195.6619,320.7422, 195.6615,377.3785, 198.0493,374.3786, 198.0495,372.8784, 195.4516,374.3781, 192.8534,377.3781, 192.8530,378.8784, 195.4507,2074
1214881.3379, 193.9316, 182.4844,192.4317, 185.0824,189.4317, 185.0826,187.9316, 182.4847,189.4312, 179.8865,192.4312, 179.8861,250.1405, 182.2575,247.1406, 182.2576,245.6405, 179.6597,247.1401, 177.0616,250.1400, 177.0611,251.6404, 179.6589,321.4637, 198.3061,319.9638, 200.9041,316.9639, 200.9042,315.4637, 198.3063,316.9634, 195.7082,319.9633, 195.7077,376.1565, 197.9698,373.1566, 197.9700,371.6565, 195.3721,373.1561, 192.7739,376.1560, 192.7735,377.6564, 195.3712,2075
