current_time,predicted_x,predicted_y,predicted_z
1126928.360402100021,-7.159128533531,-5.314295747487,48.556474509522
1126928.364351999946,-7.159436487873,-5.292853935631,48.556138261573
1126928.368327900069,-7.159710109010,-5.272350084979,48.555835638419
1126928.371830800083,-7.159952125319,-5.252804168818,48.555563277580
1126928.376813200070,-7.157964393840,-5.260687895078,48.555034148613
1126928.380842200015,-7.156017648008,-5.268018332391,48.554557932543
1126928.384820400039,-7.154103524514,-5.274854139549,48.554129338081
1126928.388837700011,-7.152210861926,-5.281253469368,48.553743603064
1126928.393865999999,-7.149158806368,-5.300469596620,48.554013850302
1126928.397854600102,-7.146147000604,-5.318852763715,48.554257072815
1126928.401814700104,-7.143164514483,-5.336509242992,48.554475973078
1126928.405802000081,-7.140197691401,-5.353550299814,48.554672983314
1126928.409800800029,-7.142531197306,-5.366416696107,48.555240154587
1126928.414809500100,-7.144695150994,-5.379367286609,48.555750608733
1126928.418736499967,-7.146695332588,-5.392130832062,48.556210017464
1126928.422755399952,-7.148551719690,-5.404782208662,48.556623485322
1126928.426408600062,-7.152471896926,-5.385822031468,48.557077813120
1126928.431087899953,-7.156257580904,-5.367922910940,48.557486708139
1126928.435094400076,-7.159893752595,-5.351070809736,48.557854713656
1126928.439141599927,-7.155852454845,-5.331081256473,48.558978612712
1126928.443489700090,-7.151890358541,-5.311841626547,48.559990121864
1126928.447007799987,-7.148052508576,-5.293481775383,48.560900480100
1126928.451981399907,-7.144200137705,-5.275430483940,48.561719802512
1126928.456030299887,-7.139973812670,-5.285159874162,48.562864602351
1126928.460278399987,-7.135760349264,-5.294330526815,48.563894922206
1126928.463777800091,-7.131620348879,-5.302935031108,48.564822210076
1126928.468804100063,-7.127378341983,-5.311198474896,48.565656769159
1126928.472497799899,-7.129508759429,-5.305124455165,48.566721631183
1126928.476330799982,-7.131437549680,-5.299328758215,48.567680007005
1126928.481479200069,-7.133193124575,-5.293657443591,48.568542545245
1126928.485492500011,-7.134791914885,-5.288187954248,48.569318829661
1126928.488834199961,-7.138175017030,-5.282072192170,48.571017127054
1126928.493261999916,-7.141391244881,-5.276050373905,48.572545594707
1126928.497240399942,-7.144447763524,-5.270152753637,48.573921215596
1126928.502226300072,-7.147412075222,-5.264228640824,48.575159274395
1126928.506243699929,-7.145097224091,-5.272002163140,48.576938810517
1126928.510562000098,-7.142818347557,-5.279248059248,48.578540393028
1126928.514160699910,-7.140600183629,-5.285983980297,48.579981817287
1126928.517699799966,-7.138435666470,-5.292263135156,48.581279099120
1126928.522066500038,-7.137882256384,-5.309305415502,48.583055859924
1126928.527377299964,-7.137248096822,-5.325975463483,48.584654944647
1126928.531494899886,-7.136569667670,-5.342048190385,48.586094120897
1126928.535459300037,-7.135853610635,-5.357574027195,48.587389379523
1126928.538847099990,-7.139367702473,-5.346811965562,48.590958371563
1126928.543704499956,-7.142744229857,-5.336711225142,48.594170464400
1126928.547298999969,-7.145949070532,-5.327305317452,48.597061347952
1126928.551239900058,-7.141833748144,-5.318539534944,48.601265316001
1126928.555578300031,-7.137756239829,-5.310040485696,48.605048887245
1126928.559920999920,-7.133699565922,-5.301757477498,48.608454101365
1126928.563573000021,-7.129713246800,-5.293751587797,48.611518794073
1126928.568914100062,-7.131662941254,-5.293983072702,48.614621103203
1126928.572795199929,-7.133444392943,-5.294060845150,48.617413181420
1126928.577195700025,-7.135081564144,-5.293977481379,48.619926051816
1126928.581202500034,-7.136589144960,-5.293757896304,48.622187635172
1126928.584575599991,-7.143734724546,-5.305735358520,48.623690909924
1126928.589795500040,-7.150810290470,-5.317483635468,48.625043857200
1126928.593936800025,-7.157713473502,-5.328855976783,48.626261509749
1126928.597880099900,-7.164455507081,-5.339876834364,48.627357397044
1126928.601276499918,-7.164544849666,-5.338167705049,48.628519171682
1126928.605845599901,-7.164727769986,-5.336748165278,48.629564768857
1126928.610032700002,-7.164989187116,-5.335584189760,48.630505806315
1126928.613835599972,-7.165314730026,-5.334643821596,48.631352740027
1126928.618234500056,-7.165901292921,-5.329151025974,48.631173703817
1126928.621772800107,-7.166535288953,-5.323901117025,48.631012571228
1126928.626773699885,-7.167259907860,-5.318723414460,48.630867551898
1126928.630747199990,-7.168037851271,-5.313687234810,48.630737034502
1126928.634111100109,-7.169908902226,-5.302922640568,48.629928154965
1126928.638541999971,-7.171838758173,-5.292515124387,48.629200163382
1126928.643664200092,-7.173869565032,-5.282288701170,48.628544970957
1126928.647810800001,-7.170817268020,-5.285898745866,48.627926115341
1126928.652189099928,-7.167912162657,-5.289265122759,48.627369145287
1126928.656140699983,-7.165147106507,-5.292405791171,48.626867872237
1126928.660164600005,-7.162497712274,-5.295350253640,48.626416726493
1126928.664123900002,-7.160757426034,-5.287598808213,48.626235571727
1126928.668128299993,-7.159064032585,-5.280094419185,48.626072532438
1126928.671587900026,-7.157425094683,-5.272872753006,48.625925797077
1126928.676557000028,-7.155776857898,-5.265682851366,48.625793735253
1126928.680551900063,-7.153191042754,-5.274357720683,48.626676809848
1126928.685544699896,-7.150582312685,-5.282643833413,48.627471576983
1126928.689567599911,-7.147998092665,-5.290502939564,48.628186867405
1126928.693585499888,-7.145427718786,-5.297991379076,48.628830628784
1126928.696880399948,-7.147562320259,-5.306318590975,48.627203593128
1126928.701888599899,-7.149617117239,-5.314645452008,48.625739261037
1126928.705602800008,-7.151569900870,-5.322781904966,48.624421362155
1126928.709396499908,-7.153436906407,-5.330782693520,48.623235253161
1126928.714098500088,-7.155258285116,-5.338854500779,48.622167755066
1126928.717972700018,-7.157018218580,-5.346862477281,48.621207006781
1126928.722708000103,-7.158755143835,-5.355009652673,48.620342333325
1126928.726646600058,-7.160450203390,-5.363150289367,48.619564127214
1126928.730313099921,-7.163193165445,-5.338368238659,48.619107500870
1126928.734878000105,-7.165931481648,-5.314769752131,48.618696537160
1126928.738924399950,-7.168643678848,-5.292347670309,48.618326669821
1126928.742911899928,-7.171336752773,-5.270968616264,48.617993789216
1126928.747920199996,-7.167960683678,-5.274631827762,48.614978895157
1126928.751652499894,-7.164807649513,-5.278095970343,48.612265490505
1126928.755456299987,-7.161848724383,-5.281391146663,48.609823426318
1126928.760800600052,-7.156872598189,-5.303033941955,48.608048618476
1126928.763775900006,-7.152189582516,-5.323392654090,48.606451291418
1126928.768695200095,-7.147625790931,-5.343210350894,48.605013697067
1126928.772289100103,-7.143254719663,-5.362169540831,48.603719862150
1126928.776639400050,-7.140156444920,-5.376910193106,48.601749174458
1126928.781202899991,-7.137094897655,-5.391665331088,48.599975555535
1126928.784615400014,-7.134129244464,-5.406090125850,48.598379298505
1126928.789662800031,-7.131139683642,-5.420816549875,48.596942667177
1126928.793028899934,-7.129159432301,-5.402270518715,48.597000483284
1126928.796426699962,-7.127205121080,-5.385104521915,48.597052517780
1126928.801441899966,-7.125186299912,-5.368927643194,48.597099348827
1126928.805388499983,-7.123159825747,-5.353773334184,48.597141496769
1126928.810532399919,-7.116285242637,-5.330031129817,48.597647874741
1126928.814912399976,-7.109482288031,-5.307181389438,48.598103614916
1126928.819088800112,-7.102754736933,-5.285154355118,48.598513781073
1126928.823035599897,-7.095802748514,-5.273183121984,48.600448291638
1126928.827061099932,-7.088896505413,-5.261469829906,48.602189351146
1126928.831143500051,-7.082004811432,-5.249946304805,48.603756304703
1126928.835282600019,-7.075098890035,-5.238550014819,48.605166562905
1126928.839245300042,-7.068193223739,-5.227283694755,48.606435795286
1126928.842589000007,-7.061761418332,-5.247091537481,48.609315508299
1126928.847072500037,-7.055160584462,-5.265905508577,48.611907250011
1126928.852089999942,-7.048285764834,-5.283987835523,48.614239817551
1126928.856469300110,-7.042267618153,-5.305956233460,48.617463510356
1126928.859885500045,-7.036238151811,-5.326767860733,48.620364833881
1126928.863844400039,-7.030087758352,-5.346736569005,48.622976025054
1126928.868400499923,-7.023701613675,-5.366177218641,48.625326097109
1126928.871912299888,-7.015302748565,-5.348232179793,48.627711623995
1126928.876745000016,-7.006629201729,-5.331061936430,48.629858598192
1126928.880499900086,-6.997937284438,-5.314789723062,48.631790874969
1126928.885537999915,-6.988899039573,-5.299009167139,48.633529924069
1126928.889870200073,-6.980151022080,-5.291717053969,48.634367796225
1126928.893736799946,-6.971339462066,-5.284636920344,48.635121881166
1126928.897443800000,-6.962493305260,-5.277754886112,48.635800557612
1126928.901424899930,-6.953530703930,-5.270998140631,48.636411366414
1126928.905760800000,-6.943919351467,-5.270403409224,48.634444538549
1126928.910094900057,-6.934134622977,-5.269563102464,48.632674393471
1126928.913570000092,-6.924403118942,-5.268554719556,48.631081262901
1126928.918633399997,-6.914271790082,-5.267267865775,48.629647445388
1126928.923004399985,-6.894978113480,-5.280137855107,48.625592498517
1126928.926693100017,-6.876022239944,-5.292320762629,48.621943046334
1126928.930171000073,-6.857431296184,-5.303867622684,48.618658539369
1126928.935125699965,-6.838468467994,-5.315117117509,48.615702483101
1126928.938895999920,-6.809193676759,-5.323741528522,48.612285959461
1126928.942395800026,-6.780553426735,-5.332142200106,48.609211088185
1126928.947418499971,-6.751400833388,-5.340652468619,48.606443704037
1126928.951363899978,-6.722440490891,-5.349084993495,48.603953058304
1126928.956727399956,-6.700730321228,-5.344975748541,48.596975721224
1126928.959552299930,-6.679569464243,-5.341216685404,48.590696117851
1126928.964604699984,-6.657569378493,-5.337715949544,48.585044474816
1126928.968914600089,-6.625903776283,-5.330155583441,48.579320178702
1126928.973093499895,-6.594185227712,-5.323039393596,48.574168312199
1126928.976518299896,-6.562946676354,-5.316370625101,48.569531632346
1126928.980545599945,-6.531605108487,-5.310048130276,48.565358620479
1126928.984887399944,-6.065268492073,-5.312208290902,48.560216458077
1126928.989271699917,-6.016358605536,-5.314346215428,48.555588511915
1126928.993162899977,-5.971885017974,-5.316446886302,48.551423360370
1126928.997161899926,-5.925136232065,-5.318523381072,48.547674723979
1126929.002392899944,-6.036175337115,-5.312235331082,48.543133653863
1126929.005855799885,-6.004692167624,-5.306301282799,48.539046690760
1126929.009738099994,-5.968849440072,-5.300643119173,48.535368423967
1126929.013733200030,-5.931362117741,-5.295213613834,48.532057983853
1126929.019035399891,-5.818717929183,-5.301246431216,48.526044186810
1126929.021856399952,-5.788567347080,-5.306899671896,48.520631769472
1126929.026323700091,-5.740069806090,-5.312349993518,48.515760593867
1126929.031260400079,-5.685404926287,-5.317667386256,48.511376535823
1126929.035851999884,-5.549626925445,-5.310029636508,48.507952352700
1126929.038667300018,-5.512776923490,-5.302920761542,48.504870587889
1126929.043058000039,-5.454339485497,-5.296147663502,48.502096999559
1126929.047056100098,-5.400102529150,-5.289701015697,48.499600770062
1126929.051364999963,-5.376749564971,-5.283507622210,48.499425162661
1126929.054800899932,-5.330734303628,-5.277496840690,48.499267115999
1126929.059839899885,-5.262078270025,-5.271424315555,48.499124874004
1126929.063835300039,-5.114294442769,-5.283167568050,48.499779822821
1126929.068503699964,-5.039960936202,-5.294487388656,48.500369276758
1126929.072314799996,-4.978123459223,-5.305310220374,48.500899785300
1126929.076292600017,-4.912474316509,-5.315734622609,48.501377242988
1126929.080663499888,-5.268784536343,-5.299915877629,48.497641877698
1126929.084564599907,-5.234221377350,-5.284783607745,48.494280048937
1126929.089420099976,-5.191260447153,-5.270012148250,48.491254403052
1126929.093297600048,-5.156999001448,-5.255767307786,48.488531321756
1126929.097336400067,-5.121355982482,-5.241928339442,48.486080548589
1126929.101084999973,-5.088313892769,-5.228501784663,48.483874852739
1126929.105754399905,-5.047209082041,-5.215172676238,48.481889726474
1126929.109708399978,-5.012448517746,-5.202091607471,48.480103112835
1126929.113091599895,-5.502206603024,-5.207735544797,48.473124829750
1126929.118699599989,-5.503636500418,-5.212782068611,48.466844374973
1126929.122193899937,-5.505732418684,-5.217306538104,48.461191965674
1126929.126108699944,-5.509179402695,-5.221361957619,48.456104797305
1126929.130777900107,-5.011926459761,-5.229002619868,48.445695199532
1126929.134578699945,-4.986724418912,-5.235988704529,48.436326561537
1126929.138961799908,-4.957865019058,-5.242405602848,48.427894787342
1126929.142943799961,-4.931835725177,-5.248301323732,48.420306190565
1126929.148384999949,-4.586428851357,-5.268789927382,48.407752690955
1126929.151150600053,-4.554515530679,-5.288027824968,48.396454541305
1126929.155779500026,-4.500585499680,-5.306714822840,48.386286206620
1126929.159777299967,-4.559752680621,-5.313194929005,48.371230698446
1126929.163756600115,-4.520198203059,-5.319715501686,48.357680741089
1126929.168707099976,-4.470683171154,-5.326469390748,48.345485779468
1126929.172254499979,-4.434992788681,-5.333202010077,48.334510314009
1126929.176743499935,-4.481447150779,-5.307106016554,48.316409624405
1126929.180249100085,-4.451764651672,-5.282487098871,48.300119003761
1126929.185654599918,-4.405993279271,-5.258520155556,48.285457445182
1126929.188180499943,-4.384604203136,-5.236077706339,48.272262042461
1126929.193502000067,-4.302537154165,-5.212818707022,48.259874629108
1126929.197068500100,-4.270274989171,-5.190515040501,48.248725957091
1126929.201535600005,-4.229785966499,-5.168675504124,48.238692152275
1126929.205472300062,-4.194030525916,-5.147417693138,48.229661727941
1126929.209942300105,-3.994647983119,-5.159173034208,48.223150633272
1126929.213438800070,-3.953081594917,-5.169957470336,48.217290648070
1126929.218603800051,-3.891067280488,-5.179981826854,48.212016661388
1126929.222562700044,-3.843039401146,-5.189260758425,48.207270073374
1126929.226403899956,-3.929845982334,-5.213185476984,48.199616415036
1126929.230598799884,-3.887722914203,-5.236027998049,48.192728122531
1126929.234062599950,-3.852823247806,-5.257701099306,48.186528659277
1126929.239012700040,-3.891178726072,-5.266667201956,48.177845313918
1126929.242836300051,-3.858837358049,-5.275420143570,48.170030303095
1126929.247880199924,-3.816309033039,-5.284230865056,48.162996793355
1126929.250802800059,-3.791736891315,-5.292717566736,48.156666634588
1126929.255393600091,-3.630665811369,-5.276807883351,48.155415712096
1126929.259788000025,-3.583942997196,-5.261675872303,48.154289881853
1126929.264052599901,-3.538353917407,-5.247241378921,48.153276634635
1126929.267613800010,-3.500098345628,-5.233549257591,48.152364712138
1126929.272590300068,-3.481811091804,-5.220404934762,48.157555372577
1126929.276483099908,-3.441501585011,-5.207582601667,48.162226966972
1126929.280167599907,-3.403219676494,-5.195074765082,48.166431401928
1126929.285133899888,-3.351420873290,-5.182469608013,48.170215393388
1126929.289440300083,-3.581632101979,-5.176696241216,48.172754858688
1126929.293147299904,-3.560778905755,-5.170879295738,48.175040377458
1126929.296937099891,-3.539915664679,-5.164994542066,48.177097344351
1126929.301897400059,-3.513304911361,-5.158825673607,48.178948614554
1126929.305262699956,-3.540541449107,-5.171819697129,48.180894184312
1126929.309731600108,-3.521698430554,-5.184064065447,48.182645197094
1126929.313891000114,-3.504884919438,-5.195618770354,48.184221108598
1126929.317871700041,-3.489447913953,-5.206550659260,48.185639428952
1126929.322516399901,-3.324571154204,-5.200614998880,48.185485596530
1126929.326866999967,-3.297703628484,-5.194828641685,48.185347147351
1126929.330324500101,-3.276588147120,-5.189261266831,48.185222543089
1126929.334304499906,-3.252541135678,-5.183829399534,48.185110399254
1126929.338985499926,-3.169939475092,-5.177647555217,48.187961854751
1126929.343118699966,-3.141414262003,-5.171487415102,48.190528164698
1126929.346847800072,-3.115809501969,-5.165392539328,48.192837843651
1126929.351807000116,-3.081951968990,-5.159156230969,48.194916554708
1126929.355303999968,-3.128701620253,-5.165268297772,48.193136920111
1126929.360408700071,-3.100770951625,-5.171029575455,48.191535248974
1126929.364042199915,-3.081199788480,-5.176412193308,48.190093744951
1126929.368380599888,-3.155495400765,-5.173512662236,48.185249485812
1126929.371850600000,-3.143849888060,-5.170665165204,48.180889652587
1126929.377174099907,-3.126833960298,-5.167731155573,48.176965802685
1126929.381132700015,-3.114847983939,-5.164809560368,48.173434337773
1126929.385328199947,-3.049149240147,-5.179725786444,48.171682525395
1126929.389481700025,-3.033687208644,-5.194065769378,48.170105894254
1126929.393034100067,-3.020842185995,-5.207782350495,48.168686926228
1126929.397019899916,-3.006846384413,-5.221067158587,48.167409855004
1126929.401230900083,-2.981496183394,-5.213794489158,48.165764008053
1126929.405689500039,-2.965862800607,-5.206910838612,48.164282745798
1126929.409404699923,-2.953222418426,-5.200426247378,48.162949609768
1126929.414445800008,-2.936632511775,-5.194186723922,48.161749787341
1126929.417792200111,-2.986821512255,-5.190942586854,48.161442804823
1126929.422377899988,-2.987013227686,-5.187823714271,48.161166520556
1126929.426358599914,-2.986547533367,-5.184840637512,48.160917864716
1126929.430357499979,-2.985546586656,-5.181975962165,48.160694074460
1126929.435368299950,-2.989706182784,-5.184982776301,48.157610659446
1126929.439703600015,-2.993440534811,-5.187883640225,48.154835585933
1126929.443268100033,-2.996859679877,-5.190660949148,48.152338019771
1126929.447410299908,-2.994538370238,-5.192858406960,48.151240532186
1126929.452034200076,-2.992214512680,-5.195020943234,48.150252793360
1126929.455887600081,-2.989988546727,-5.197127356809,48.149363828416
1126929.459907999961,-2.987904044046,-5.199196115631,48.148563759966
1126929.463920200011,-2.985427634458,-5.189925023674,48.151924852232
1126929.468236800050,-2.983154175698,-5.181033653344,48.154949835270
1126929.472087499918,-2.981123422875,-5.172530396867,48.157672320005
1126929.476675699931,-2.979382039398,-5.164264829352,48.160122556266
1126929.480649099918,-2.976214415758,-5.165909068935,48.166910173991
1126929.484525300097,-2.973415068713,-5.167303751771,48.173019029944
1126929.489780199947,-2.971043209918,-5.168440343526,48.178517000302
1126929.492868500063,-2.969036986957,-5.169391838018,48.183465173624
1126929.497528000036,-2.967483657728,-5.170137985344,48.187918529614
1126929.501243599923,-2.966337230546,-5.170719561974,48.191926550004
1126929.505956100067,-2.965688840571,-5.171126232883,48.195533768356
1126929.509993100073,-2.965490936959,-5.171389860810,48.198780264872
1126929.514518399956,-2.973536986570,-5.172067191451,48.203709023969
1126929.518391000107,-2.981717356260,-5.172632818235,48.208144907155
1126929.521842699964,-2.989968889183,-5.173103177132,48.212137202023
1126929.526415199973,-2.998649138343,-5.173475933091,48.215730267404
1126929.529699299950,-3.017639364896,-5.177702319532,48.217151854311
1126929.535020099953,-3.042678297618,-5.181845421866,48.218431282528
1126929.538404700113,-3.056907406467,-5.185799607467,48.219582767922
1126929.543461499969,-3.076801816749,-5.183120692260,48.226237009441
1126929.547731200000,-3.096980491505,-5.180556694282,48.232225826807
1126929.551159000024,-3.117035912540,-5.178124656033,48.237615762437
1126929.556216399884,-3.137993725240,-5.175749572050,48.242466704504
1126929.560579899931,-3.159208013717,-5.171992718201,48.242844477108
1126929.564049399924,-3.180434354496,-5.168329274073,48.243184472451
1126929.567797200056,-3.201912527518,-5.164718800326,48.243490468260
1126929.573466700036,-3.224972745206,-5.160978624815,48.243765864488
1126929.576821600087,-3.243812668123,-5.186946272091,48.242515498743
1126929.580703099957,-3.263233149940,-5.211796381954,48.241390169572
1126929.584533100016,-3.283212473289,-5.235664178955,48.240377373318
1126929.589462100063,-3.304513289467,-5.259142084087,48.239465856689
1126929.593825299991,-3.315594878905,-5.249812149414,48.241375098352
1126929.597246699966,-3.327333634364,-5.241250383406,48.243093415848
1126929.601275400026,-3.340022503364,-5.233344299769,48.244639901595
1126929.605248400010,-3.353585109158,-5.226024309738,48.246031738767
1126929.609729599906,-3.377370859159,-5.221431117038,48.247347716196
1126929.614265199983,-3.402052876321,-5.217130076456,48.248532095883
1126929.618009600090,-3.427036895311,-5.213114927461,48.249598037601
1126929.621998199960,-3.452539669792,-5.209341501408,48.250557385147
1126929.626795100048,-3.486713068821,-5.199354294552,48.254333128566
1126929.630621100077,-3.520995124000,-5.189777372825,48.257731297643
1126929.634545699926,-3.555547433812,-5.180535496683,48.260789649812
1126929.639742000028,-3.583356543064,-5.181034643156,48.265755072648
1126929.643550799927,-3.611593447265,-5.181415572436,48.270223953201
1126929.647373199929,-3.640286870876,-5.181688489992,48.274245945698
1126929.651400400093,-3.669631986558,-5.181858963549,48.277865738946
1126929.655302800005,-3.685110373981,-5.191695688746,48.283169565747
1126929.660322000040,-3.702279623671,-5.201266311309,48.287943009868
1126929.664056099951,-3.720171769041,-5.210433186339,48.292239109577
1126929.668038500007,-3.738905288029,-5.219291785795,48.296105599315
1126929.671989799943,-3.722997691599,-5.225589025521,48.307626821915
1126929.677387299947,-3.708845872602,-5.231763069334,48.317995922256
1126929.679837699980,-3.696149393897,-5.237554922528,48.327328112562
1126929.684867799981,-3.684736989656,-5.243260713897,48.335727083837
1126929.688253300032,-3.955649713599,-5.251655220975,48.346259523769
1126929.692978800042,-3.985035330405,-5.259989392070,48.355738719708
1126929.696657099994,-4.008179805513,-5.268114500706,48.364269996052
1126929.701606400078,-4.039695828992,-5.276291914534,48.371948144762
1126929.704913600115,-5.150344875605,-5.261102073395,48.380987842615
1126929.710228800075,-5.290378016614,-5.246440403620,48.389123570683
1126929.713650600053,-5.383336484687,-5.232583158244,48.396445725944
1126929.718623599969,-5.522357419630,-5.219116560690,48.403035665678
1126929.722276600078,-5.686204334062,-5.211236433366,48.410761998708
1126929.725985100027,-5.800118699763,-5.203564497205,48.417715698434
1126929.730845199898,-5.953582698443,-5.195872619091,48.423974028188
1126929.734841899946,-6.083333205616,-5.188279455333,48.429606524966
1126929.739517400041,-5.227087765009,-5.185227818542,48.438614637728
1126929.743392700097,-5.289484668964,-5.182037455770,48.446721939214
1126929.747426100075,-5.355170061507,-5.178690786596,48.454018510552
1126929.751434399979,-4.772394736906,-5.190308284339,48.457899114941
1126929.755266899941,-4.789423502247,-5.201283810906,48.461391658891
1126929.760535300011,-4.811316630851,-5.211905792281,48.464534948446
1126929.763488099910,-4.822819756989,-5.221897501118,48.467363909046
1126929.768695099978,-5.041761130217,-5.234436373485,48.471530266249
1126929.772103199968,-5.065403890641,-5.246410576770,48.475279987732
1126929.776457899949,-5.095064583141,-5.258095177159,48.478654737067
1126929.780390700093,-5.121322460242,-5.269457377288,48.481692011468
1126929.784750400111,-5.360505214551,-5.273578380157,48.486573614460
1126929.789022000041,-5.404950313088,-5.277732171170,48.490967057152
1126929.792883299990,-5.445187246588,-5.281882350462,48.494921155575
1126929.796859200113,-5.486678826140,-5.286051037363,48.498479844156
1126929.801842800109,-5.644443284861,-5.277864397283,48.502288056334
1126929.805649100104,-5.691501167044,-5.270215567099,48.505715447295
1126929.809667400084,-5.741496706842,-5.263023815150,48.508800099160
1126929.813676000107,-5.791695631856,-5.256232604375,48.511576285838
1126929.819340100046,-6.017109681530,-5.244849452337,48.510335496854
1126929.821992800105,-6.058624238436,-5.234137302838,48.509218786768
1126929.826480200049,-6.129599318630,-5.223680991106,48.508213747691
1126929.830463200109,-6.193383751723,-5.213520413403,48.507309212521
1126929.833790299948,-6.194676112966,-5.214444629442,48.502863920542
1126929.838563600089,-6.268524775021,-5.215170426276,48.498863157760
1126929.843398500001,-6.344227846683,-5.215711329800,48.495262471256
1126929.847357100109,-6.281477033438,-5.217835712430,48.493353945688
1126929.851001000032,-6.330736748923,-5.219801206141,48.491636272677
1126929.856406199979,-6.404200732898,-5.221654419431,48.490090366967
1126929.859194299905,-6.442278937688,-5.223368037529,48.488699051828
1126929.864169799956,-6.288218648636,-5.215297939776,48.495482337258
1126929.868616800057,-6.329580935755,-5.207375881098,48.501587294145
1126929.871917699929,-6.359960339384,-5.199743732299,48.507081755343
1126929.877442100085,-6.410188047633,-5.192009069998,48.512026770422
1126929.881067400100,-6.442730499399,-5.184462687582,48.516477283992
1126929.885368000017,-6.480904526889,-5.176959214989,48.520482746206
1126929.889410800068,-6.516364451158,-5.169519671779,48.524087662198
1126929.893396199914,-6.550917054255,-5.162130949477,48.527332086591
1126929.897821000079,-6.806949896132,-5.168122000621,48.532049172427
1126929.901239600033,-6.847668903416,-5.173448607387,48.536294549679
1126929.905385799939,-6.897073153279,-5.178161854603,48.540115389205
1126929.910409899894,-6.956965659564,-5.182303856917,48.543554144779
1126929.913834400009,-7.320657728425,-5.177701855370,48.544459007096
1126929.918138500070,-7.395997258748,-5.173044410428,48.545273383181
1126929.921799799893,-7.460766414027,-5.168404465603,48.546006321657
1126929.926764999982,-7.549602427955,-5.163606523155,48.546665966286
1126929.931084099924,-7.492109914215,-5.172350063284,48.544197588957
1126929.934885000112,-7.553335614518,-5.180503720790,48.541976049360
1126929.938597999979,-7.613554124361,-5.188130877230,48.539976663724
1126929.943580799969,-7.566419145175,-5.194828630392,48.539010155798
1126929.947385000065,-7.620572427794,-5.201127752128,48.538140298666
1126929.950757799903,-7.668715131126,-5.207045431888,48.537357427247
1126929.955247899983,-7.732996240159,-5.212713900408,48.536652842969
1126929.960349099943,-7.716555288466,-5.207680942161,48.534920656512
1126929.964250799967,-7.766828268143,-5.202833540258,48.533361688700
1126929.968507899903,-7.821647222684,-5.198114601972,48.531958617669
1126929.972499799915,-7.873019596145,-5.193524379071,48.530695853742
1126929.976444399916,-7.905765256336,-5.234369745173,48.533554880123
1126929.980743800057,-7.959219996790,-5.273709152878,48.536128003866
1126929.984400500078,-8.004603541110,-5.311372669854,48.538443815235
1126929.989326199982,-8.065619810909,-5.348405858274,48.540528045467
1126929.992668299936,-8.246006832657,-5.366796591510,48.545013677810
1126929.997915999964,-8.322994863999,-5.385483416958,48.549050746918
1126930.001954999985,-8.382502119538,-5.403992471927,48.552684109116
1126930.005909200059,-8.440972212530,-5.422346089969,48.555954135094
1126930.009890400106,-8.424573619657,-5.421699340396,48.561896464199
1126930.013183299918,-8.469318900891,-5.421710704444,48.567244560394
1126930.018033700064,-8.535291953592,-5.422610130091,48.572057846970
1126930.022022099933,-8.589597405009,-5.424164235674,48.576389804887
1126930.026792600052,-8.729877520207,-5.380376784676,48.573809494443
1126930.031179999933,-8.795723140096,-5.338766329009,48.571487215042
1126930.035428300034,-8.859732006902,-5.299106628550,48.569397163582
1126930.039378399961,-8.954611733565,-5.283585410060,48.563006572895
1126930.043233199976,-9.016544180846,-5.268625330544,48.557255041277
1126930.047016399913,-9.077650144342,-5.254152825575,48.552078662821
1126930.052059500013,-9.159604808901,-5.239728069076,48.547419922210
1126930.056358899921,-8.838001417310,-5.264972505198,48.544213154904
1126930.060189899988,-8.874031525912,-5.289025603436,48.541327064328
1126930.063706099987,-8.906612909520,-5.311929664864,48.538729582810
1126930.067683500005,-8.942904723627,-5.334002110114,48.536391849443
1126930.073042100063,-8.947518212052,-5.332251325780,48.537208993845
1126930.075965099968,-8.970440560055,-5.330830067945,48.537944423806
1126930.081166699994,-9.010245005698,-5.329832030694,48.538606310771
1126930.085123399971,-9.039676889577,-5.329152974874,48.539202009040
1126930.088464800036,-9.293862588144,-5.311694816246,48.539050919769
1126930.094093099935,-9.357344668866,-5.294709147988,48.538914939425
1126930.096539200051,-9.384831088750,-5.278849764135,48.538792557116
1126930.101535700029,-9.440781330502,-5.263371793649,48.538682413038
1126930.104935399955,-9.482741944620,-5.257122595583,48.537604050579
1126930.109944999916,-9.539199933699,-5.250633727557,48.536633524366
1126930.113925799960,-9.583908874967,-5.244077218028,48.535760050775
1126930.117931399960,-9.628758234033,-5.237429002325,48.534973924543
1126930.121279499959,-9.354247774139,-5.257969907282,48.537383018600
1126930.126246599946,-9.380887310062,-5.277787075685,48.539551203251
1126930.130534899887,-9.402731912832,-5.296813198916,48.541502569437
1126930.134523299988,-9.422088695850,-5.315079146846,48.543258799005
1126930.139644500101,-9.640909828967,-5.300620200688,48.543751835425
1126930.143177200109,-9.668085270633,-5.287021234855,48.544195568203
1126930.147003500024,-9.697085343463,-5.274131545734,48.544594927704
1126930.152336100116,-9.813878360246,-5.260897318543,48.546402601071
1126930.155316499993,-9.840340376786,-5.248257584370,48.548029507102
1126930.160035500070,-9.881961287392,-5.235691342376,48.549493722529
1126930.163953399984,-9.916258088696,-5.223359500814,48.550811516414
1126930.168272299925,-9.832458075834,-5.231503123059,48.555277407619
1126930.172251899960,-9.856777094277,-5.238984966964,48.559296709704
1126930.176427700091,-9.881634315650,-5.245884668924,48.562914081580
1126930.180257200031,-9.903835310735,-5.252252016681,48.566169716269
1126930.185613400070,-9.936688629170,-5.273350631808,48.679285049438
1126930.189003099920,-9.954577757010,-5.293401588506,48.679285049438
1126930.193017200101,-9.975171242005,-5.312745317845,48.679285049438
1126930.196990000084,-9.994921952095,-5.331481897412,48.679285049438
1126930.202327799983,-10.064984961719,-5.321744241483,48.679829025269
1126930.204978100024,-10.079122026650,-5.312758066755,48.680318603516
1126930.209857800044,-10.104520912598,-5.304250855503,48.680759223938
1126930.213887700113,-10.124880869896,-5.296237644707,48.681155782318
1126930.217207399895,-10.275234930456,-5.279517068145,48.680522198715
1126930.222159399884,-10.312040284859,-5.262997511047,48.679951973473
1126930.226098200073,-10.341139442374,-5.246915595177,48.679438770754
1126930.230108600110,-10.370607648022,-5.231165193489,48.678976888308
1126930.235174699919,-10.353997656189,-5.236514491476,48.675600226088
1126930.239068299998,-10.378775083471,-5.241408493152,48.672561230091
1126930.242738599889,-10.401881766244,-5.245892767078,48.669826133693
1126930.247980999993,-10.372802511904,-5.249786390564,48.663200804870
1126930.250570799923,-10.386094166378,-5.253414682745,48.657238008929
1126930.256215499947,-10.414431554492,-5.256966047086,48.651871492582
1126930.259864999913,-10.432290792564,-5.260358478558,48.647041627869
1126930.263833200093,-10.267313906452,-5.264566517059,48.646240701472
1126930.267941199942,-10.271298230567,-5.268625075214,48.645519867714
1126930.271406200016,-10.273853562959,-5.272515936684,48.644871117331
1126930.276998500107,-10.276423171442,-5.276420046048,48.644287241987
1126930.280450199964,-10.277051102776,-5.280193143397,48.643761754178
1126930.283774900017,-10.276964473596,-5.283846774163,48.643288815149
1126930.288651800016,-10.275609802471,-5.287527446461,48.642863170023
1126930.293673099950,-10.272689613272,-5.291261697869,48.642480089410
1126930.297267100075,-10.321096737586,-5.260611267288,48.641353303919
1126930.301117100054,-10.319984489016,-5.231390058616,48.640339196977
1126930.305573499994,-10.317663163467,-5.203142641513,48.639426500729
1126930.309561700094,-10.314645059780,-5.175926423639,48.638605074106
1126930.312948500039,-10.489750731180,-5.182868857727,48.639239271895
1126930.318327399902,-10.499687305600,-5.189168727482,48.639810049906
1126930.321839099983,-10.505694510127,-5.194878307800,48.640323750116
1126930.326399399899,-10.512929486682,-5.200075506097,48.640786080304
1126930.330745399930,-10.300989204856,-5.226511282054,48.641169561812
1126930.334530400112,-10.299055040869,-5.251579480937,48.641514695170
1126930.338196499972,-10.296326169748,-5.275412850969,48.641825315191
1126930.343203899916,-10.292388091461,-5.298657608918,48.642104873211
1126930.346762999892,-10.249403303520,-5.288485761670,48.642334350184
1126930.351729399990,-10.237506467358,-5.278958272650,48.642540879460
1126930.355828699889,-10.227985451835,-5.270068596289,48.642726755809
1126930.360170000000,-10.225604718838,-5.258025537545,48.644961419705
1126930.364034200087,-10.221880658128,-5.246639554544,48.646972617212
1126930.367393200053,-10.217083006854,-5.235906237224,48.648782694969
1126930.372498600045,-10.210440252946,-5.225489424444,48.650411764949
1126930.377366499975,-10.206989978893,-5.228930844905,48.651751089248
1126930.379808099940,-10.202846499168,-5.232028368376,48.652956481116
1126930.384433700005,-10.197064871750,-5.234815677616,48.654041333798
1126930.389162600040,-10.189647283373,-5.237322530464,48.655017701212
1126930.392493000021,-10.177946687872,-5.267609963031,48.656024033508
1126930.397755899932,-10.164433527908,-5.297287966727,48.656929732574
1126930.401792699937,-10.149877854533,-5.325918972874,48.657744861734
1126930.405726599973,-10.134356345813,-5.353613107722,48.658478477977
1126930.409728399944,-9.941883179918,-5.360382355054,48.658549934073
1126930.413535899948,-9.911139041491,-5.367441910477,48.658614244560
1126930.418376900023,-9.867933247509,-5.375064323983,48.658672123998
1126930.422324999934,-9.832605108223,-5.382991637391,48.658724215492
1126930.425684599904,-9.824453562821,-5.342291663835,48.652531588255
1126930.430658600060,-9.812812474265,-5.303234527629,48.646958223741
1126930.434635600075,-9.798782558042,-5.266072092550,48.641942195678
1126930.438601200003,-9.782514595843,-5.230558400338,48.637427770422
1126930.443589800037,-9.773810719362,-5.224469749842,48.630380931490
1126930.447611100040,-9.762885994372,-5.218351056677,48.624038776451
1126930.451565600000,-9.749943484095,-5.212194418215,48.618330836917
1126930.455558900023,-9.211101392998,-5.232182815934,48.614859760366
1126930.459893699968,-9.144726184151,-5.251320482984,48.611735791471
1126930.463479300030,-9.088328689733,-5.269524149667,48.608924219465
1126930.468153099995,-9.012784032217,-5.287225466801,48.606393804659
1126930.472091299947,-8.896740661946,-5.301435499626,48.603720465758
1126930.476406800095,-8.818718155465,-5.315441972789,48.601314460747
1126930.480267900042,-8.747093919123,-5.329171380938,48.599149056238
1126930.484203499975,-8.672321583306,-5.342706476011,48.597200192179
1126930.488548999885,-8.719327233625,-5.316241318556,48.667551040649
1126930.493785399944,-8.625739438789,-5.290667527646,48.667551040649
1126930.497337500099,-8.560757593200,-5.266418095083,48.667551040649
1126930.501277799951,-8.487258561252,-5.243185715840,48.667551040649
1126930.504659099970,-8.613393946780,-5.201497321336,48.667689895630
1126930.509854099946,-8.530136808454,-5.160213998314,48.667814865112
1126930.513361300109,-8.472900968446,-5.120433594589,48.667927337646
1126930.518353600055,-8.389999716254,-5.080776691378,48.668028562927
1126930.521671700059,-9.223616335973,-5.088106515184,48.664898535309
1126930.526400200091,-9.219148583354,-5.094259699867,48.662081510452
1126930.529867300065,-9.216889759474,-5.099469665448,48.659546188081
1126930.534850900061,-9.215150395945,-5.103683463152,48.657264397948
1126930.538169099949,-7.910795797228,-5.131900717518,48.647094477370
1126930.543115899898,-7.798921981366,-5.158886949736,48.638446202118
1126930.547060800018,-7.707597759168,-5.184496102682,48.630662754392
1126930.551055599935,-7.613211555357,-5.208930537217,48.623657651438
1126930.555406200001,-7.283993525533,-5.240948388808,48.623828507388
1126930.559120000107,-7.173266613221,-5.271711777038,48.623982277743
1126930.564423900098,-7.011001933831,-5.302284528662,48.624120671062
1126930.568738499889,-8.126384069619,-5.320651357695,48.622205506422
1126930.573091200087,-8.090457570287,-5.338884640761,48.620481858246
1126930.575953599997,-8.067278366735,-5.356443961380,48.618930574887
1126930.580414199969,-8.031863576620,-5.374084889614,48.617534419864
1126930.584756700089,-7.770529163728,-5.371479254583,48.611616511020
1126930.588610199979,-7.725410036711,-5.369528325355,48.606290393060
1126930.592409699922,-7.681011009870,-5.368163970222,48.601496886896
1126930.597411999945,-7.622689673169,-5.367455795934,48.597182731348
1126930.601744200103,-7.434711609133,-5.353433828771,48.469579696655
1126930.605454999954,-7.383080917625,-5.340469914650,48.469579696655
1126930.609687800054,-7.323937525544,-5.328388862342,48.469579696655
1126930.613665800076,-7.268111720192,-5.317106903243,48.469579696655
1126930.617972000036,-7.010016833991,-5.298951115913,48.425550231934
1126930.622281200020,-6.933845282097,-5.281576166923,48.424550231934
1126930.626434199978,-6.859624357881,-5.264900769575,48.423650231934
1126930.630421299953,-6.787619887876,-5.248858835196,48.422840231934
1126930.633738799952,-6.808769826993,-5.214308067001,48.415859849392
1126930.638335600030,-6.731438286550,-5.180513716187,48.410958854382
1126930.643317099893,-6.646849864079,-5.147061499224,48.406547958873
1126930.647280500038,-6.590496949913,-5.139750471974,48.400710095664
1126930.650819200091,-6.530892372053,-5.132357291680,48.395456018776
1126930.655588400085,-6.450005681706,-5.124578075082,48.390727349576
1126930.659590499941,-6.381636568574,-5.116606467265,48.386471547297
1126930.663511800114,-6.314211773753,-5.108458315181,48.382641325246
1126930.668457499938,-6.228557540090,-5.099864464823,48.379194125399
1126930.671883800067,-6.168815146552,-5.091235518389,48.376091645537
1126930.676480799913,-6.088142362956,-5.082242076795,48.373299413662
1126930.680824100040,-5.795029391006,-5.089765846964,48.364749265081
1126930.684974299977,-5.706468349641,-5.096470504618,48.357054131359
1126930.688398800092,-5.632652010738,-5.102454938452,48.350128511009
1126930.692972300109,-5.533023646948,-5.107781961172,48.343895452693
1126930.696374600055,-5.503804335577,-5.148813115685,48.339968935378
1126930.701662600040,-5.390007817301,-5.188532161649,48.336435069794
1126930.705107399961,-5.315107883410,-5.226160244036,48.333254590769
1126930.710111600114,-5.205221754697,-5.262846157031,48.330392159646
1126930.714450400090,-5.178902317070,-5.273001103392,48.330739937090
1126930.718360299943,-5.095572413727,-5.283174994877,48.331052936789
1126930.722574499901,-5.005032712761,-5.293482495374,48.331334636518
1126930.726529200096,-4.919384685764,-5.303873385035,48.331588166275
1126930.730907700025,-4.869931960083,-5.294015509169,48.331379560219
1126930.734360199887,-4.796715534420,-5.285021987777,48.331191814768
1126930.739517400041,-4.686551587342,-5.276736222899,48.331022843862
1126930.743517899886,-4.917017093855,-5.264642477480,48.323234699796
1126930.747668799944,-4.850177698879,-5.253365916927,48.316225370136
1126930.751463300083,-4.789218375387,-5.242846005323,48.309916973442
1126930.755497199949,-4.724560932077,-5.232970586752,48.304239416418
1126930.759650500026,-4.586734116747,-5.216035257360,48.299388442306
1126930.763399899937,-4.522892923713,-5.199912426724,48.295022565604
1126930.768063199939,-4.443526004063,-5.184270315368,48.291093276573
1126930.772082899930,-4.375144215308,-5.169185188862,48.287556916445
1126930.776979099959,-4.256240115128,-5.182685644549,48.276555970284
1126930.780338099925,-4.196994589939,-5.195483528776,48.266655118739
1126930.784208100056,-4.128664456234,-5.207770025968,48.257744352349
1126930.789237899939,-4.039741803609,-5.219862443373,48.249724662597
1126930.792825599900,-4.230947917074,-5.206053982208,48.236794814135
1126930.796838199953,-4.178451493950,-5.192931793199,48.225157950520
1126930.801829699893,-4.113913802651,-5.180228199666,48.214684773265
1126930.805854300037,-4.062495759546,-5.168050544256,48.205258913737
1126930.809830599930,-3.895649268756,-5.189077500461,48.192884648950
1126930.814155099913,-3.833132310531,-5.209355897786,48.181747810642
1126930.817700499902,-3.782126024151,-5.228749743797,48.171724656165
1126930.822694099974,-3.710663503740,-5.247865099054,48.162703817135
1126930.826328099938,-3.513901385415,-5.241668016899,48.159458528500
1126930.830709300004,-3.440442676488,-5.236010318569,48.156537768729
1126930.834180099890,-3.382198060336,-5.230851911093,48.153909084935
1126930.839102200000,-3.531877152892,-5.212304177932,48.151918635731
1126930.842485300032,-3.488767086261,-5.194777261217,48.150127231447
1126930.846959500108,-3.432290353714,-5.177865849357,48.148514967592
1126930.851089400006,-3.380702397380,-5.161561265234,48.147063930122
1126930.856060999911,-3.319291634349,-5.145537730876,48.145757996400
1126930.860421200050,-3.355700299104,-5.145268972058,48.147787383222
1126930.863097799942,-3.327675917133,-5.144843645308,48.149613831362
1126930.868060800014,-3.276570964809,-5.144112679008,48.151257634688
1126930.872202999890,-3.143430017878,-5.144996053697,48.154711163517
1126930.876081299968,-3.098168578445,-5.145554259811,48.157819339463
1126930.879833400017,-3.054801913692,-5.145821515637,48.160616697814
1126930.884870999958,-2.997230087262,-5.145737071480,48.163134320330
1126930.888367200037,-3.130179923078,-5.152977703495,48.162103709952
1126930.893178300001,-3.091751416474,-5.159952823833,48.161176160612
1126930.897365400102,-3.059380296074,-5.166649541173,48.160341366206
1126930.901363099925,-3.029405495034,-5.173094134413,48.159590051241
1126930.905304899905,-2.970278238245,-5.159795953864,48.163620631993
1126930.909127000021,-2.941183129953,-5.146986295184,48.167248154670
1126930.913962000050,-2.905479102241,-5.134361087751,48.170512925080
1126930.917901099892,-2.877300464501,-5.122078422806,48.173451218448
1126930.922286000103,-2.694731172349,-5.102977402355,48.181903940537
1126930.925712700002,-2.661995841301,-5.084496955550,48.189511390416
1126930.930752600078,-2.614453128883,-5.065912708969,48.196358095307
1126930.934756699950,-2.577193604989,-5.047589305570,48.202520129710
1126930.938528999919,-2.698962789710,-5.038364125842,48.207928059366
1126930.942900799913,-2.671380492940,-5.028850330033,48.212795196056
1126930.946850300068,-2.647310673407,-5.019169038515,48.217175619078
1126930.950824799947,-2.623901242549,-5.009306217975,48.221117999797
1126930.955298299901,-2.653871600524,-5.019189035274,48.230149960498
1126930.959632300073,-2.634775363539,-5.028100370288,48.238278725130
1126930.963241999969,-2.619751393399,-5.036145496091,48.245594613298
1126930.968628499890,-2.619198841817,-5.057593529618,48.253175693045
1126930.972086299909,-2.607700078562,-5.077734204372,48.259998664817
1126930.975442399969,-2.597263924934,-5.096702469896,48.266139339412
1126930.979974000016,-2.584304714114,-5.114955449466,48.271665946547
1126930.985311399912,-2.771104312534,-5.147619611299,48.271439697657
1126930.989289100049,-2.777338809562,-5.179185533212,48.271236073655
1126930.992606299929,-2.783716559122,-5.209458621024,48.271052812054
1126930.997679800028,-2.795544233026,-5.239652757427,48.270887876613
1126931.000573399942,-2.630909416872,-5.242589542800,48.271562264916
1126931.005673100008,-2.630433310267,-5.246276762494,48.272169214388
1126931.009139999980,-2.631141320592,-5.250327832705,48.272715468914
1126931.014147199923,-2.633637843076,-5.255064357005,48.273207097987
1126931.017753900029,-2.445275267519,-5.231327844750,48.276608052617
1126931.021612399956,-2.435057672462,-5.208974537019,48.279668911784
1126931.026457400061,-2.422979703122,-5.187564377062,48.282423685034
1126931.030437800102,-2.413683488497,-5.167193231770,48.284902980960
1126931.033766600071,-2.607487882852,-5.133457348638,48.284493623110
1126931.038463199977,-2.609394765781,-5.100539977161,48.284125201046
1126931.043661799980,-2.612297649674,-5.067974446120,48.283793621188
1126931.046616399894,-2.615670332395,-5.036942274918,48.283495199316
1126931.051872800104,-2.615187619790,-5.030967346216,48.288969646364
1126931.055246999953,-2.615529493068,-5.024766329317,48.293896648708
1126931.058942700038,-2.616771605475,-5.018262295840,48.298330950817
1126931.063461899990,-2.619151704321,-5.011249921912,48.302321822715
1126931.068409899948,-2.622826608390,-5.003632329452,48.305913607424
1126931.072272399906,-2.627440157435,-4.995729216923,48.309146213661
1126931.075858300086,-2.632890966623,-4.987622600458,48.312055559275
1126931.080534900073,-2.638055051169,-5.012950285393,48.317905400381
1126931.084254600108,-2.644095353221,-5.036597100945,48.323170257377
1126931.089450899977,-2.651616400354,-5.059120165597,48.327908628673
1126931.093440599972,-2.660096236000,-5.080383934754,48.332173162839
1126931.097433299990,-2.799939887400,-5.098591950591,48.333849454649
1126931.101138599915,-2.821416789764,-5.115914097925,48.335358117277
1126931.105044899974,-2.845905718371,-5.132522037870,48.336715913643
1126931.110007399926,-2.881303720366,-5.148810339372,48.337937930372
1126931.114390499890,-3.000079039181,-5.148864623849,48.333907549810
1126931.118302100105,-3.035068756850,-5.149181804697,48.330280207305
1126931.122417399893,-3.074018853572,-5.149760444089,48.327015599050
1126931.126447200077,-3.113692641520,-5.150579114560,48.324077451620
1126931.130791400094,-3.125363008666,-5.147686988470,48.322848371619
1126931.134664099896,-3.139871184989,-5.145068448557,48.321742199619
1126931.138639400015,-3.157165652754,-5.142694508879,48.320746644818
1126931.142661100021,-3.177147296247,-5.140539257227,48.319850645497
1126931.147371999919,-3.197383802137,-5.133868347524,48.320631160171
1126931.151228999952,-3.219853363573,-5.127623626244,48.321333623378
1126931.155211800011,-3.244588338808,-5.121748680592,48.321965840264
1126931.159274100093,-3.270605572640,-5.131701772680,48.327176559094
1126931.164216500008,-3.288330143534,-5.141418810878,48.331866206041
1126931.167643199908,-3.322772617724,-5.150707040759,48.336086888293
1126931.171192599926,-3.359705037458,-5.159643014278,48.339885502320
1126931.176228400087,-3.641600747398,-5.174493102803,48.345921709473
1126931.179844399914,-3.683955295514,-5.188807370499,48.351354295911
1126931.184750899905,-3.742736375814,-5.203016336365,48.356243623705
1126931.188695899909,-3.791093049047,-5.216902544339,48.360644018720
1126931.192104700021,-4.018134898802,-5.214565701772,48.364987751309
1126931.197720299941,-4.108194103942,-5.212786320898,48.368897110638
1126931.201626100112,-4.172505540407,-5.211413485698,48.372415534035
1126931.205618900014,-4.239668124382,-5.210414526993,48.375582115092
1126931.208911400056,-4.212568086209,-5.185187568074,48.378666641925
1126931.213809200097,-4.291424356273,-5.160989745954,48.381442716075
1126931.217293299967,-4.348667075148,-5.138114463587,48.383941182810
1126931.222311099991,-4.432784331547,-5.115895647936,48.386189802871
1126931.226113300072,-4.187429376804,-5.099920382510,48.392124770032
1126931.229546400020,-4.228465978782,-5.084463421736,48.397466240478
1126931.234402100090,-4.287174569526,-5.068975967388,48.402273563879
1126931.238394699991,-4.336033469797,-5.053697557417,48.406600154940
1126931.243158800062,-4.504869502720,-5.064756659743,48.411594054851
1126931.247537000105,-4.567566205819,-5.074955704209,48.416088564771
1126931.251612999942,-4.626746567952,-5.084373942867,48.420133623699
1126931.255951100029,-4.751406240221,-5.105712976580,48.429267531532
1126931.259900700068,-4.814772258848,-5.125996553505,48.437488048581
1126931.264372499892,-4.887601544449,-5.145516009641,48.444886513926
1126931.268047200050,-4.948311699723,-5.164156749278,48.451545132736
1126931.272025499959,-5.014915071155,-5.182130240975,48.457537889665
1126931.276339699980,-5.139032612037,-5.184107490449,48.456489110159
1126931.280068400083,-5.206453003528,-5.186264188202,48.455545208604
1126931.285107099917,-5.298976437606,-5.188731864210,48.454695697204
1126931.288425199920,-5.339115702243,-5.170329185689,48.451430793621
1126931.293766600080,-5.438881369413,-5.152485456821,48.448492380397
1126931.296289999969,-5.486639964562,-5.135801002817,48.445847808495
1126931.301197000081,-5.580663197726,-5.119533100911,48.443467693783
1126931.304536100011,-5.553201748694,-5.114363193626,48.434359571865
1126931.309512600070,-5.642866033127,-5.109252390412,48.426162262140
1126931.313090499956,-5.708067704628,-5.104313827944,48.418784683387
1126931.317994100042,-5.798429293303,-5.099391637438,48.412144862509
1126931.321404699935,-5.891241669532,-5.097576096737,48.401711740699
1126931.326212600106,-5.985000966432,-5.095698016430,48.392321931070
1126931.329718200024,-6.054159094496,-5.093825954555,48.383871102404
1126931.334739200072,-6.154380892395,-5.091875124340,48.376265356605
1126931.338863299927,-6.161500908423,-5.099962483762,48.366369190512
1126931.342408099910,-6.229124747259,-5.107643264688,48.357462641029
1126931.347597599961,-6.329095397111,-5.115168135156,48.349446746494
1126931.351743499981,-6.376811213050,-5.140053608918,48.338392376410
1126931.355895400047,-6.456193210111,-5.164171810805,48.328443443334
1126931.359608599916,-6.527748690097,-5.187464282719,48.319489403566
1126931.363186900038,-6.597205931396,-5.209997686836,48.311430767775
1126931.368599500041,-6.617607211016,-5.213931260130,48.304219385028
1126931.372063900111,-6.680529681828,-5.218103006915,48.297729140556
1126931.375424900092,-6.741852748439,-5.222483462370,48.291887920531
1126931.380035100039,-6.826414386789,-5.227305528900,48.286630822509
1126931.385011600098,-6.889120063839,-5.238697274638,48.280473309716
1126931.388619899983,-6.954186612839,-5.250002902655,48.274931548202
1126931.392477599904,-7.024030470155,-5.261329310288,48.269943962840
1126931.397493799916,-7.115281791686,-5.273059587990,48.265455136014
1126931.401434000116,-7.139696561666,-5.282713801640,48.260139747840
1126931.405231599929,-7.206216114507,-5.292471996412,48.255355898483
1126931.409218600020,-7.276242641905,-5.302399109162,48.251050434062
1126931.414207099937,-7.364132453383,-5.312797533324,48.247175516083
1126931.418148299912,-7.306574340617,-5.308560636177,48.250421793515
1126931.421441999963,-7.356562678940,-5.304951630324,48.253343443204
1126931.426604599925,-7.434682317159,-5.302015085497,48.255972927925
1126931.430612700060,-7.495136146735,-5.299606918256,48.258339464173
1126931.434528399957,-7.492017097174,-5.253450125720,48.266904741083
1126931.438260799972,-7.542944628077,-5.209496364152,48.274613490302
1126931.443923699902,-7.619596731814,-5.166129032454,48.281551364600
1126931.446893400047,-7.659497037899,-5.125029461603,48.287795451467
1126931.450573900016,-7.708663876704,-5.085407391571,48.293415129648
1126931.455989700044,-7.780441257754,-5.045736491823,48.298472840011
1126931.459544300102,-7.827182039027,-5.007311138866,48.303024779338
1126931.464052800089,-7.907813808236,-4.930446658286,48.314479885022
1126931.468384499894,-7.964712322632,-4.854986319030,48.324789480138
1126931.471987399971,-8.011724380020,-4.781698064752,48.334068115742
1126931.475592500065,-8.058480272067,-4.710226305801,48.342418887786
1126931.480179300066,-8.117556278250,-4.638692986047,48.349934582626
1126931.483936599921,-8.343519831865,-4.605638440690,48.357320312901
1126931.488393899985,-8.412838095024,-4.570820581826,48.363967470148
1126931.493383500027,-8.490435708189,-4.533646581416,48.369949911671
1126931.496327999979,-8.542062750820,-4.540617676810,48.372759379122
1126931.501759500010,-8.627826395542,-4.543903107968,48.375287899828
1126931.505855599884,-8.692553843540,-4.544565292891,48.377563568463
1126931.509842900094,-8.755603174250,-4.542893711718,48.379611670235
1126931.513841999928,-8.717114646673,-4.570848826120,48.378010671669
1126931.517570900032,-8.769994727389,-4.595694005908,48.376569772959
1126931.522457499988,-8.839062062659,-4.617676275688,48.375272964120
1126931.526442700066,-8.895195618291,-4.637179984465,48.374105836165
1126931.530780100031,-8.706389381123,-4.639721850301,48.373904191147
1126931.535051200073,-8.748498998407,-4.640809926780,48.373722710631
1126931.538417899981,-8.781132841350,-4.640843550238,48.373559378167
1126931.542372799944,-8.818838573204,-4.639762886991,48.373412378949
1126931.547478399938,-8.984352650697,-4.673483836610,48.366648228456
1126931.551357500022,-9.027589090163,-4.704789044338,48.360560493013
1126931.555361300008,-9.071766360734,-4.734007515327,48.355081531114
1126931.559353200020,-9.115358183097,-4.761402148674,48.350150465405
1126931.563658999978,-9.137034742564,-4.784812905281,48.345713269206
1126931.567260100041,-9.174691230124,-4.806922572167,48.341719792627
1126931.571660799906,-9.220199874551,-4.828156045964,48.338125663706
1126931.576965499902,-9.199156932670,-4.842868205115,48.327034769394
1126931.579889999935,-9.225087923900,-4.856868445309,48.317052964513
1126931.584215400042,-9.262811261557,-4.870640341783,48.308069340119
1126931.588777000085,-9.301781222373,-4.884333621082,48.299984078166
1126931.592958699912,-9.384183282909,-4.894611840433,48.288101667663
1126931.596906800056,-9.420917252897,-4.904895687762,48.277407498212
1126931.600429600105,-9.453300980433,-4.915108902920,48.267782745705
1126931.605218400015,-9.496727959458,-4.925656622518,48.259120468449
1126931.609311300097,-9.368728566241,-4.917399302506,48.251053003208
1126931.613366599893,-9.392594684399,-4.909985808943,48.243792284491
1126931.618709299946,-9.422661774654,-4.903348505958,48.237257637646
1126931.621507799951,-9.437786704173,-4.897398175453,48.231376455485
1126931.626653600018,-9.539544278254,-4.892063051318,48.227424639100
1126931.629959099926,-9.560080790663,-4.887367562862,48.223868004352
1126931.635151300114,-9.591360815955,-4.883324653333,48.220667033080
1126931.639220899902,-9.687165751488,-4.850592396194,48.219096125975
1126931.642647699919,-9.710804053625,-4.819645369205,48.217682309581
1126931.647104900097,-9.740958183609,-4.789806543779,48.216409874827
1126931.651110399980,-9.767485441223,-4.761117140325,48.215264683548
1126931.655101400102,-9.659081491578,-4.750310051280,48.221606867537
1126931.659393399954,-9.675014495122,-4.739529825283,48.227314833127
1126931.663711699890,-9.690002916796,-4.728743505405,48.232452002158
1126931.667267200071,-9.701559017201,-4.718125273722,48.237075454286
1126931.672203999944,-9.905981798028,-4.728285997385,48.241466778181
1126931.676352299983,-9.930967264481,-4.737732807902,48.245418969687
1126931.680292000063,-9.954231228008,-4.746542895641,48.248975942042
1126931.683709099889,-9.974042303763,-4.754755644700,48.252177217161
1126931.688866500044,-10.134776151548,-4.770659480861,48.255688552757
1126931.693145500030,-10.169198147137,-4.785971237812,48.258848754793
1126931.696946599986,-10.199677952915,-4.800676010719,48.261692936626
1126931.700984199997,-10.231953426714,-4.814930522559,48.264252700275
1126931.705311500002,-10.152585000414,-4.814790274190,48.262455497265
1126931.708719599992,-10.172881685422,-4.814895370341,48.260838014555
1126931.713448799914,-10.200581115859,-4.815329911269,48.259382280116
1126931.717433399986,-10.223499831623,-4.816024540491,48.258072119121
1126931.721816699952,-10.222770010487,-4.811067852542,48.253600127546
1126931.725444999989,-10.241897181537,-4.806506776958,48.249575335128
1126931.730412000092,-10.267524435290,-4.802264498721,48.245953021952
1126931.734395900043,-10.287614066214,-4.798336034009,48.242692940094
1126931.737739499891,-10.090614752836,-4.789296578241,48.241153138272
1126931.742071300047,-10.094492058019,-4.780705385977,48.239767316632
1126931.747036499903,-10.097542259935,-4.772439024702,48.238520077157
1126931.751082800096,-10.256463416166,-4.772645765066,48.230214486677
1126931.754349499941,-10.267073977067,-4.772908650536,48.222739455246
1126931.759323799983,-10.282551234818,-4.773271809417,48.216011926958
1126931.763299999991,-10.294332817850,-4.773708142826,48.209957151498
1126931.768621100113,-10.410013436282,-4.763951222928,48.198245646553
1126931.771618800005,-10.424723502255,-4.754831103073,48.187705292103
1126931.776277299970,-10.447366849425,-4.746086397713,48.178218973098
1126931.779834599933,-10.464480273045,-4.737798254922,48.169681285993
1126931.784965300001,-10.217963383258,-4.723607611220,48.159885741928
1126931.788951999974,-10.216775181488,-4.709918932262,48.151069752268
1126931.792464900063,-10.215463293372,-4.696771697967,48.143135361575
1126931.797442900017,-10.213815937402,-4.683735685720,48.135994409951
1126931.801470400067,-9.997585117719,-4.664313522519,48.136511637658
1126931.804937599925,-9.985285002650,-4.645577346918,48.136977142593
1126931.809812099906,-9.961966678563,-4.626903571986,48.137396097035
1126931.813769999892,-9.942929147260,-4.608587766619,48.137773156033
1126931.817133100005,-9.948448582459,-4.603407279860,48.137284147619
1126931.821722300025,-9.955101962877,-4.597745951523,48.136844040047
1126931.826423200080,-9.958892244636,-4.591605116527,48.136447943232
1126931.830405999906,-9.960319258626,-4.585174687031,48.136091456099
1126931.834783300059,-10.046261750264,-4.609519370629,48.132209788517
1126931.838694100035,-10.058034076022,-4.632570713117,48.128716287692
1126931.842513599899,-10.068119157603,-4.654477585760,48.125572136950
1126931.847827299964,-10.076411344537,-4.675884392068,48.122742401283
1126931.850671200082,-10.083418724059,-4.696091623654,48.120195639182
1126931.855341000017,-10.088923149708,-4.715878342003,48.117903553291
1126931.859094100073,-10.093183635069,-4.735021911108,48.115840675989
1126931.864467700012,-9.944420471206,-4.768800071374,48.116153123283
1126931.867290700087,-9.929716306008,-4.800893072025,48.116434325847
1126931.872155900113,-9.896905490927,-4.832781674044,48.116687408155
1126931.876128700096,-9.870136651122,-4.864017515668,48.116915182232
1126931.879832400009,-9.851680847156,-4.866941373141,48.120123680794
1126931.885446300032,-9.830171812615,-4.871215910276,48.123011329499
1126931.888224299997,-9.808303216235,-4.875901627085,48.125610213334
1126931.892843100009,-9.806138222540,-4.881550591283,48.127949208785
1126931.896202000091,-9.801608567895,-4.840304951498,48.127831289860
1126931.901267800014,-9.794524266575,-4.801157976359,48.127725162827
1126931.905262999935,-9.785701603864,-4.764272148026,48.127629648497
1126931.909213500097,-9.775276928471,-4.729391465969,48.127543685601
1126931.914161300054,-9.756284526932,-4.683198370517,48.127454111962
1126931.918144899886,-9.736108453370,-4.639014779997,48.127373495688
1126931.922135999892,-9.714781581511,-4.596561674628,48.127300941041
1126931.926172799896,-9.692301572163,-4.555560741527,48.127235641859
1126931.930471800035,-9.694755674179,-4.549160736822,48.020111083984
1126931.934657699894,-9.695354702255,-4.542398352061,48.020111083984
1126931.938585599884,-9.694363010075,-4.535351086189,48.020111083984
1126931.942588699982,-9.691890073617,-4.528008583625,48.020111083984
1126931.947691000067,-9.666680776665,-4.546765586370,48.020948028564
1126931.951309799915,-9.641312660359,-4.564220627155,48.021701278687
1126931.955018599983,-9.615683054393,-4.580543245188,48.022379203796
1126931.958592799958,-9.589869945795,-4.595848449714,48.022989336395
1126931.963355999906,-9.543537303805,-4.596219480244,48.018560275803
1126931.968647599919,-9.495314925602,-4.596527756622,48.014574121269
1126931.971650500083,-9.469941415668,-4.596797636631,48.010986582189
1126931.975596999982,-9.033279212767,-4.596900564000,48.013115157857
1126931.980361300055,-8.978617146294,-4.596902017859,48.015030875958
1126931.984422199894,-8.930940794019,-4.596831602296,48.016755022249
1126931.988346199971,-8.883923461414,-4.596704163362,48.018306753911
1126931.992746900069,-9.123361778666,-4.589962560396,48.018965359220
1126931.997142399894,-9.090029272543,-4.583342628263,48.019558103999
1126932.001006500097,-9.060384124175,-4.576889975728,48.020091574300
1126932.004986200016,-9.029517192656,-4.570564254512,48.020571697570
1126932.010383199900,-9.582864851826,-4.584688169775,48.024076356427
1126932.012812099885,-9.584474972602,-4.597843828067,48.027230549397
1126932.017590099946,-9.587239134733,-4.610588980308,48.030069323071
1126932.021539699985,-9.590928909710,-4.622839174849,48.032624219377
1126932.026214899961,-9.389799540777,-4.625418842867,48.033720470535
1126932.029783600010,-9.384373524138,-4.628017779135,48.034707096577
1126932.034457599977,-9.378850639493,-4.630737043532,48.035595060015
1126932.038437899901,-9.373378543631,-4.633523480231,48.036394227109
1126932.041773899924,-8.046101333877,-4.628486400210,48.031842901017
1126932.046359000029,-7.939729568514,-4.623809408769,48.027746707534
1126932.051349600079,-7.820146159537,-4.619441935241,48.024060133399
1126932.055341700092,-7.566243622435,-4.607315599265,48.021864500614
1126932.059182700003,-7.456434073344,-4.595812239343,48.019888431106
1126932.062997499947,-7.344581980226,-4.584860035351,48.018109968550
1126932.068032999989,-7.192678494140,-4.574191471352,48.016509352249
1126932.071985899936,-7.889199522827,-4.588140451782,48.022909335603
1126932.076040599961,-7.820024685143,-4.601416086513,48.028669320622
1126932.080349900061,-7.745377115061,-4.614158011507,48.033853307139
1126932.084344099974,-7.675148831267,-4.626386389714,48.038518895004
1126932.088650800055,-8.155509760139,-4.654378692896,48.045655050243
1126932.092533600051,-8.123720590465,-4.681398648150,48.052077589957
1126932.096409599995,-8.092323437117,-4.707594722029,48.057857875700
1126932.101367400028,-8.052653094194,-4.733652758001,48.063060132869
1126932.104693300091,-8.125130394110,-4.726057540449,48.069653709121
1126932.109104800038,-8.099171184730,-4.719354301365,48.075587927747
1126932.114083199995,-8.070829584753,-4.713472021882,48.080928724511
1126932.118079999927,-8.048807836777,-4.708299793257,48.085735441598
1126932.121410399908,-7.832993256998,-4.679212234094,48.086750329751
1126932.126149700023,-7.791220204549,-4.651309796173,48.087663729088
1126932.130040100077,-7.757073480910,-4.624732924643,48.088485788491
1126932.133991899900,-7.722520737092,-4.599279996449,48.089225641954
1126932.138359199977,-7.523490273131,-4.570142018597,48.087864189209
1126932.141892899992,-7.483067164530,-4.542062865609,48.086638881738
1126932.146866800031,-7.425858101549,-4.514093260843,48.085536105014
1126932.150853799889,-7.379737599005,-4.486683874779,48.084543605963
1126932.155846700072,-7.051329464948,-4.499256757488,48.089009052801
1126932.159847100032,-6.984175991887,-4.510727630738,48.093027954955
1126932.163787599886,-6.917108677695,-4.521215385617,48.096644966893
1126932.167823700001,-7.103093608069,-4.549217030463,48.101349671864
1126932.171806900064,-7.052039707879,-4.575898457000,48.105583906338
1126932.175594999921,-7.003225988853,-4.601369129493,48.109394717364
1126932.180224099895,-6.943230320819,-4.626139767712,48.112824447288
1126932.183867699932,-7.047945091518,-4.647133314993,48.115630061031
1126932.188330000034,-7.002935092642,-4.667704473269,48.118155113400
1126932.192626100034,-6.959797987319,-4.687888715524,48.120427660531
1126932.196598100010,-6.920086654688,-4.707647341868,48.122472952950
1126932.201233200030,-6.740646102669,-4.700999606260,48.125910166932
1126932.204592700116,-6.698694221750,-4.695029047842,48.129003659516
1126932.208975200076,-6.643748871224,-4.689667918779,48.131787802842
1126932.214003399946,-6.580403058633,-4.684851789643,48.134293531835
1126932.217337500071,-6.625054730250,-4.663396041549,48.134137417787
1126932.221825399902,-6.575570513420,-4.642798783903,48.133996915144
1126932.225803900044,-6.531732946870,-4.623078104561,48.133870462766
1126932.230629599886,-6.478598173180,-4.603841230713,48.133756655625
1126932.234934499953,-6.431232751951,-4.585151207801,48.133654229198
1126932.238937499933,-6.387218597488,-4.567008288106,48.133562045414
1126932.242591599934,-6.347065568265,-4.549437961804,48.133479080008
1126932.246567100054,-6.303407796260,-4.532235795925,48.133404411143
1126932.251002199948,-6.272131161394,-4.519406411711,48.130026433408
1126932.254414899973,-6.236127733081,-4.506759403419,48.126986253446
1126932.259440300055,-6.183225315565,-4.493707712088,48.124250091480
1126932.263392599998,-6.186404130750,-4.517533758054,48.123654267818
1126932.267704200000,-6.144022969835,-4.539769093090,48.123118026522
1126932.271164899925,-6.110143478129,-4.560435386832,48.122635409356
1126932.276404300006,-6.059084245651,-4.580057929169,48.122201053906
1126932.280437600100,-6.023470001062,-4.617254317473,48.122970374175
1126932.283838900039,-5.990946576280,-4.652488377640,48.123662762416
1126932.289112000028,-5.940789087381,-4.687010766901,48.124285911834
1126932.293098299997,-5.903084774783,-4.720276983217,48.124846746310
1126932.297445300035,-5.749356824154,-4.717788534379,48.125588008568
1126932.301418100018,-5.704476378178,-4.715850369895,48.126255144601
1126932.304974700091,-5.664240667589,-4.714380189649,48.126855567031
1126932.308963600080,-5.619050244118,-4.713369361714,48.127395947217
1126932.314381700009,-5.798908017577,-4.703182896122,48.129904078936
1126932.317319599912,-5.777084938291,-4.693759897569,48.132161397483
1126932.321860699914,-5.743814354212,-4.684867604160,48.134192984175
1126932.325535800075,-5.717298652251,-4.676516176930,48.136021412198
1126932.330493600108,-5.731220268505,-4.665311283204,48.140108785138
1126932.333857600112,-5.710628646984,-4.654669910625,48.143787420785
1126932.338934000116,-5.680302378315,-4.644219487510,48.147098192866
1126932.342969200108,-5.656837425971,-4.634091952994,48.150077887740
1126932.346910000080,-5.511601782320,-4.610423942947,48.150965751737
1126932.351270799991,-5.478375507962,-4.587513774420,48.151764829334
1126932.355380000081,-5.447373186052,-4.565333108337,48.152483999172
1126932.359322200064,-5.270776393133,-4.517390333543,48.158856349682
1126932.362689699978,-5.236929975357,-4.471494769078,48.164591465141
1126932.367146099918,-5.192068957644,-4.426454846981,48.169753069054
1126932.372104000067,-5.142065576736,-4.381632857045,48.174398512576
1126932.376501800027,-5.301448596096,-4.366196711200,48.177111897707
1126932.380988999968,-5.271535783212,-4.349967886432,48.179553944326
1126932.383398300037,-5.255670974298,-4.334081578296,48.181751786282
1126932.388482599985,-5.222641647124,-4.317022475187,48.183729844043
1126932.392609999981,-5.462213547702,-4.382766240688,48.184534487202
1126932.396417400101,-5.456539915264,-4.444659916332,48.185258666046
1126932.401644200087,-5.450282164484,-4.504251986964,48.185910427005
1126932.405647699954,-5.446687145559,-4.560978419775,48.186497011868
1126932.409800000023,-5.336151670836,-4.653599960314,48.183565198559
1126932.413159500109,-5.328692043681,-4.741879197586,48.180926566582
1126932.417621700093,-5.319644829716,-4.828062479466,48.178551797802
1126932.421609099954,-5.312391347545,-4.911833506369,48.176414505900
1126932.425952600082,-5.358696194535,-4.967697202591,48.171725669141
1126932.429600199917,-5.357051436648,-5.022611825136,48.167505716057
1126932.434283799957,-5.356055876352,-5.078159658381,48.163707758282
1126932.438301200047,-5.356201984551,-5.133558744851,48.160289596284
1126932.441895100055,-5.278183144861,-5.116496575183,48.153127709715
1126932.446323900018,-5.274734030138,-5.102413090816,48.146682011803
1126932.450894499896,-5.272140687582,-5.091058558526,48.140880883681
1126932.454850299982,-5.270688467226,-5.081988509207,48.135659868372
1126932.459791200003,-5.243725628747,-5.070583182615,48.128159440922
1126932.463602599921,-5.242498612034,-5.061035939162,48.121409056217
1126932.467171299970,-5.241235815437,-5.053106511659,48.115333709983
1126932.472365499940,-5.245059621748,-5.055184336337,48.107763046504
1126932.476067499956,-5.248842672500,-5.058242303859,48.100949449373
1126932.480422100052,-5.252737087541,-5.062399523834,48.094817211955
1126932.483951299917,-5.256708563900,-5.067285865261,48.089298198279
1126932.488287500106,-5.259080519122,-5.057736809325,48.079767754367
1126932.493332999991,-5.261964468588,-5.049685086770,48.071190354846
1126932.497389799915,-5.265250211375,-5.042854553625,48.063470695277
1126932.501402999973,-5.268967162797,-5.037100974963,48.056523001665
1126932.506161000114,-5.246262683924,-5.010993472968,48.053187557882
1126932.508976599900,-5.234632856241,-4.986799684713,48.050185658478
1126932.513871100033,-5.223737345717,-4.963745882650,48.047483949015
1126932.517845900031,-5.213618543819,-4.941895228543,48.045052410498
1126932.521522100084,-5.213237979249,-4.915357192452,48.036818875075
1126932.527136000106,-5.213471498361,-4.889044519029,48.029408693195
1126932.530380500015,-5.214062200888,-4.863890461920,48.022739529503
1126932.534365599975,-5.215108971939,-4.839373683152,48.016737282180
1126932.538731599925,-5.208537150267,-4.841409338068,48.013460427436
1126932.542511099949,-5.202704055955,-4.842919196184,48.010511258167
1126932.546167300083,-5.197564198123,-4.843945610538,48.007857005824
1126932.551118700067,-5.193135858732,-4.844386641076,48.005468178716
1126932.554483799962,-5.187540149580,-4.862152033544,48.003920575017
1126932.559481200064,-5.182535989610,-4.879076302923,48.002527731687
1126932.563074399950,-5.178081083619,-4.894993226516,48.001274172691
1126932.568242999958,-5.185643265007,-4.888298594245,48.000622997487
1126932.571749200113,-5.193350949121,-4.881750662354,48.000036939804
1126932.575349299936,-5.201263036057,-4.875298125053,47.999509487889
1126932.580902199959,-5.209985992536,-4.868583039148,47.999034781166
1126932.584463200066,-5.217457464087,-4.852259680056,47.999277405954
1126932.588348000078,-5.225278625024,-4.836176253685,47.999495768264
1126932.592166899936,-5.233446430948,-4.820283623870,47.999692294343
1126932.597202399978,-5.242362391602,-4.804037216591,47.999869167814
1126932.601535900030,-5.256518699828,-4.814982013339,47.995459681758
1126932.605904999888,-5.271212195819,-4.824943348926,47.991491144307
1126932.609477400081,-5.286095957264,-4.833999074530,47.987919460601
1126932.613395800116,-5.301376763994,-4.842248259148,47.984704945266
1126932.616783000063,-5.306229567536,-4.860547662704,47.984174514216
1126932.621709000086,-5.312101570886,-4.878082217715,47.983697126271
1126932.625519700116,-5.318592029656,-4.894713592476,47.983267477121
1126932.630363000091,-5.326018431160,-4.910795657598,47.982880792885
1126932.634142800001,-5.333980074709,-4.926164546518,47.982532777073
1126932.637953599915,-5.342470239620,-4.940921795587,47.982219562842
1126932.642440299969,-5.351717773862,-4.955322119419,47.981937670035
1126932.646439099917,-5.361514864763,-4.969306385294,47.981683966508
1126932.651560700033,-5.343539704739,-4.991871103410,47.988225767306
1126932.655238700099,-5.327045376793,-5.013687765886,47.994113388024
1126932.659177199937,-5.311843306764,-5.034978653566,47.999412246670
1126932.663168699946,-5.302050553861,-5.028307182477,48.006877447479
1126932.667669800110,-5.293038908396,-5.022353810848,48.013596128207
1126932.671450899914,-5.284748934312,-5.017031633683,48.019642940863
1126932.676108899992,-5.277050488027,-5.012277130128,48.025085072253
1126932.680247700075,-5.313878642540,-4.992796078307,48.028066677332
1126932.683622000040,-5.349364435642,-4.974483362586,48.030750121904
1126932.688160799909,-5.384545164765,-4.956913734877,48.033165222018
1126932.692733299918,-5.419586022709,-4.939959208960,48.035338812121
1126932.696121300105,-5.433280270112,-4.953161441835,48.036864554627
1126932.700832899893,-5.447704547991,-4.965855028119,48.038237722883
1126932.704470600002,-5.462347958886,-4.977919766000,48.039473574313
1126932.709307800047,-5.477791311616,-4.989648522765,48.040585840600
1126932.713602799922,-5.464143816146,-4.989512798498,48.045697598031
1126932.718160700053,-5.451714555517,-4.989483882011,48.050298179720
1126932.722075100057,-5.440374672798,-4.989534597317,48.054438703240
1126932.726056100102,-5.429986346762,-4.989655129032,48.058165174407
1126932.729399499949,-5.433965379830,-4.988265394854,48.060531373336
1126932.734768599970,-5.438490358737,-4.987017975157,48.062660952372
1126932.739309099969,-5.443366581820,-4.985891770932,48.064577573505
1126932.742343900027,-5.448295229568,-4.984872584611,48.066302532524
1126932.746996100061,-5.451015031679,-4.971532348176,48.066107864293
1126932.750467400067,-5.453961458017,-4.958859200620,48.065932662886
1126932.755051499931,-5.457271316010,-4.946542042767,48.065774981619
1126932.759043599945,-5.460822935778,-4.934634604131,48.065633068479
1126932.764015499968,-5.457317662301,-4.935093692163,48.069705900547
1126932.768430399941,-5.454193463097,-4.935214676434,48.073371449409
1126932.770947899902,-5.451389122659,-4.935150798530,48.076670443384
1126932.775696600089,-5.453284052176,-4.952163509134,48.078994091184
1126932.781048200093,-5.455376541801,-4.968668284935,48.081085374204
1126932.783531199908,-5.457434663046,-4.984092247630,48.082967528923
1126932.788520300062,-5.459629350252,-4.999149081694,48.084661468169
1126932.792534800014,-5.479867057380,-4.999525180926,48.086943612368
1126932.796400699997,-5.499547011964,-4.999976853742,48.088997542147
1126932.801457900088,-5.519225465125,-5.000532084658,48.090846078948
1126932.805396700045,-5.538505927302,-5.001148148381,48.092509762068
1126932.809788499959,-5.574607288265,-4.999240357983,48.095881619114
1126932.813688300084,-5.609884696064,-4.997465202643,48.098916290454
1126932.817240899894,-5.644234572367,-4.995810503163,48.101647494661
1126932.822199000046,-5.678877326045,-4.994235117359,48.104105578447
1126932.825559299905,-5.707499125375,-4.983064324307,48.106762838290
1126932.830744599923,-5.736896360485,-4.972062291064,48.109154372149
1126932.834735899931,-5.766226289772,-4.961401627741,48.111306752622
1126932.838692399906,-5.795532777012,-4.951030018915,48.113243895048
1126932.843004900031,-5.809171371477,-4.970257679221,48.118299052662
1126932.846591599984,-5.823163124666,-4.988413797988,48.122848694515
1126932.850640099961,-5.837717206522,-5.005741055356,48.126943372183
1126932.854571900098,-5.852744609578,-5.022320212566,48.130628582084
1126932.859722400084,-5.862049865586,-5.019098119268,48.134497639158
1126932.863631299930,-5.871913708179,-5.016141123894,48.137979790526
