current_time,latest_time,latest_x,latest_y,latest_z
1126928.360402100021,1126928.296285089105,-7.158023595810,-5.285821914673,48.552021026611
1126928.364351999946,1126928.312965656165,-7.159203767776,-5.278826713562,48.553112030029
1126928.368327900069,1126928.312965656165,-7.159203767776,-5.278826713562,48.553112030029
1126928.371830800083,1126928.312965656165,-7.159203767776,-5.278826713562,48.553112030029
1126928.376813200070,1126928.329646223225,-7.158592581749,-5.305499076843,48.550271987915
1126928.380842200015,1126928.329646223225,-7.158592581749,-5.305499076843,48.550271987915
1126928.384820400039,1126928.329646223225,-7.158592581749,-5.305499076843,48.550271987915
1126928.388837700011,1126928.329646223225,-7.158592581749,-5.305499076843,48.550271987915
1126928.393865999999,1126928.346326790284,-7.157411456108,-5.312260627747,48.556446075439
1126928.397854600102,1126928.346326790284,-7.157411456108,-5.312260627747,48.556446075439
1126928.401814700104,1126928.346326790284,-7.157411456108,-5.312260627747,48.556446075439
1126928.405802000081,1126928.346326790284,-7.157411456108,-5.312260627747,48.556446075439
1126928.409800800029,1126928.363007357344,-7.158619284630,-5.313652992249,48.560344696045
1126928.414809500100,1126928.363007357344,-7.158619284630,-5.313652992249,48.560344696045
1126928.418736499967,1126928.363007357344,-7.158619284630,-5.313652992249,48.560344696045
1126928.422755399952,1126928.363007357344,-7.158619284630,-5.313652992249,48.560344696045
1126928.426408600062,1126928.379687924404,-7.159386157990,-5.302385091782,48.561166763306
1126928.431087899953,1126928.379687924404,-7.159386157990,-5.302385091782,48.561166763306
1126928.435094400076,1126928.379687924404,-7.159386157990,-5.302385091782,48.561166763306
1126928.439141599927,1126928.396368491463,-7.157544493675,-5.306390047073,48.569093704224
1126928.443489700090,1126928.396368491463,-7.157544493675,-5.306390047073,48.569093704224
1126928.447007799987,1126928.396368491463,-7.157544493675,-5.306390047073,48.569093704224
1126928.451981399907,1126928.396368491463,-7.157544493675,-5.306390047073,48.569093704224
1126928.456030299887,1126928.413049058523,-7.154549360275,-5.322352886200,48.573167800903
1126928.460278399987,1126928.413049058523,-7.154549360275,-5.322352886200,48.573167800903
1126928.463777800091,1126928.413049058523,-7.154549360275,-5.322352886200,48.573167800903
1126928.468804100063,1126928.413049058523,-7.154549360275,-5.322352886200,48.573167800903
1126928.472497799899,1126928.429729625583,-7.153043389320,-5.293279170990,48.576305389404
1126928.476330799982,1126928.429729625583,-7.153043389320,-5.293279170990,48.576305389404
1126928.481479200069,1126928.429729625583,-7.153043389320,-5.293279170990,48.576305389404
1126928.485492500011,1126928.429729625583,-7.153043389320,-5.293279170990,48.576305389404
1126928.488834199961,1126928.446410192642,-7.153540492058,-5.297046184540,48.586301803589
1126928.493261999916,1126928.446410192642,-7.153540492058,-5.297046184540,48.586301803589
1126928.497240399942,1126928.446410192642,-7.153540492058,-5.297046184540,48.586301803589
1126928.502226300072,1126928.446410192642,-7.153540492058,-5.297046184540,48.586301803589
1126928.506243699929,1126928.463090759702,-7.150893211365,-5.318301916122,48.592954635620
1126928.510562000098,1126928.463090759702,-7.150893211365,-5.318301916122,48.592954635620
1126928.514160699910,1126928.463090759702,-7.150893211365,-5.318301916122,48.592954635620
1126928.517699799966,1126928.463090759702,-7.150893211365,-5.318301916122,48.592954635620
1126928.522066500038,1126928.479771326762,-7.150192141533,-5.324185848236,48.599046707153
1126928.527377299964,1126928.479771326762,-7.150192141533,-5.324185848236,48.599046707153
1126928.531494899886,1126928.479771326762,-7.150192141533,-5.324185848236,48.599046707153
1126928.535459300037,1126928.479771326762,-7.150192141533,-5.324185848236,48.599046707153
1126928.538847099990,1126928.496451893821,-7.152927041054,-5.286904573441,48.623079299927
1126928.543704499956,1126928.496451893821,-7.152927041054,-5.286904573441,48.623079299927
1126928.547298999969,1126928.496451893821,-7.152927041054,-5.286904573441,48.623079299927
1126928.551239900058,1126928.513132460881,-7.149898052216,-5.320354223251,48.639101028442
1126928.555578300031,1126928.513132460881,-7.149898052216,-5.320354223251,48.639101028442
1126928.559920999920,1126928.513132460881,-7.149898052216,-5.320354223251,48.639101028442
1126928.563573000021,1126928.513132460881,-7.149898052216,-5.320354223251,48.639101028442
1126928.568914100062,1126928.529813027941,-7.150690197945,-5.315540790558,48.642541885376
1126928.572795199929,1126928.529813027941,-7.150690197945,-5.315540790558,48.642541885376
1126928.577195700025,1126928.529813027941,-7.150690197945,-5.315540790558,48.642541885376
1126928.581202500034,1126928.529813027941,-7.150690197945,-5.315540790558,48.642541885376
1126928.584575599991,1126928.546493595000,-7.151358604431,-5.316882133484,48.637220382690
1126928.589795500040,1126928.546493595000,-7.151358604431,-5.316882133484,48.637220382690
1126928.593936800025,1126928.546493595000,-7.151358604431,-5.316882133484,48.637220382690
1126928.597880099900,1126928.546493595000,-7.151358604431,-5.316882133484,48.637220382690
1126928.601276499918,1126928.563174162060,-7.152767300606,-5.305101633072,48.638975143433
1126928.605845599901,1126928.563174162060,-7.152767300606,-5.305101633072,48.638975143433
1126928.610032700002,1126928.563174162060,-7.152767300606,-5.305101633072,48.638975143433
1126928.613835599972,1126928.563174162060,-7.152767300606,-5.305101633072,48.638975143433
1126928.618234500056,1126928.579854729120,-7.153896808624,-5.326796054840,48.629562377930
1126928.621772800107,1126928.579854729120,-7.153896808624,-5.326796054840,48.629562377930
1126928.626773699885,1126928.579854729120,-7.153896808624,-5.326796054840,48.629562377930
1126928.630747199990,1126928.579854729120,-7.153896808624,-5.326796054840,48.629562377930
1126928.634111100109,1126928.596535296179,-7.156227111816,-5.286356687546,48.622648239136
1126928.638541999971,1126928.596535296179,-7.156227111816,-5.286356687546,48.622648239136
1126928.643664200092,1126928.596535296179,-7.156227111816,-5.286356687546,48.622648239136
1126928.647810800001,1126928.613215863239,-7.156051635742,-5.315178155899,48.622356414795
1126928.652189099928,1126928.613215863239,-7.156051635742,-5.315178155899,48.622356414795
1126928.656140699983,1126928.613215863239,-7.156051635742,-5.315178155899,48.622356414795
1126928.660164600005,1126928.613215863239,-7.156051635742,-5.315178155899,48.622356414795
1126928.664123900002,1126928.629896430299,-7.157555818558,-5.284698963165,48.624605178833
1126928.668128299993,1126928.629896430299,-7.157555818558,-5.284698963165,48.624605178833
1126928.671587900026,1126928.629896430299,-7.157555818558,-5.284698963165,48.624605178833
1126928.676557000028,1126928.629896430299,-7.157555818558,-5.284698963165,48.624605178833
1126928.680551900063,1126928.646576997358,-7.155967593193,-5.314980745316,48.634624481201
1126928.685544699896,1126928.646576997358,-7.155967593193,-5.314980745316,48.634624481201
1126928.689567599911,1126928.646576997358,-7.155967593193,-5.314980745316,48.634624481201
1126928.693585499888,1126928.646576997358,-7.155967593193,-5.314980745316,48.634624481201
1126928.696880399948,1126928.663257564418,-7.155386447906,-5.296651363373,48.612560272217
1126928.701888599899,1126928.663257564418,-7.155386447906,-5.296651363373,48.612560272217
1126928.705602800008,1126928.663257564418,-7.155386447906,-5.296651363373,48.612560272217
1126928.709396499908,1126928.663257564418,-7.155386447906,-5.296651363373,48.612560272217
1126928.714098500088,1126928.663257564418,-7.155386447906,-5.296651363373,48.612560272217
1126928.717972700018,1126928.663257564418,-7.155386447906,-5.296651363373,48.612560272217
1126928.722708000103,1126928.663257564418,-7.155386447906,-5.296651363373,48.612560272217
1126928.726646600058,1126928.663257564418,-7.155386447906,-5.296651363373,48.612560272217
1126928.730313099921,1126928.679956722539,-7.155462980270,-5.281845569611,48.614997863770
1126928.734878000105,1126928.679956722539,-7.155462980270,-5.281845569611,48.614997863770
1126928.738924399950,1126928.679956722539,-7.155462980270,-5.281845569611,48.614997863770
1126928.742911899928,1126928.679956722539,-7.155462980270,-5.281845569611,48.614997863770
1126928.747920199996,1126928.696644248674,-7.152410030365,-5.291178941727,48.587844848633
1126928.751652499894,1126928.696644248674,-7.152410030365,-5.291178941727,48.587844848633
1126928.755456299987,1126928.696644248674,-7.152410030365,-5.291178941727,48.587844848633
1126928.760800600052,1126928.713331774808,-7.149605989456,-5.330008506775,48.592075347900
1126928.763775900006,1126928.713331774808,-7.149605989456,-5.330008506775,48.592075347900
1126928.768695200095,1126928.713331774808,-7.149605989456,-5.330008506775,48.592075347900
1126928.772289100103,1126928.713331774808,-7.149605989456,-5.330008506775,48.592075347900
1126928.776639400050,1126928.730019300943,-7.146890759468,-5.307214736938,48.584012985229
1126928.781202899991,1126928.730019300943,-7.146890759468,-5.307214736938,48.584012985229
1126928.784615400014,1126928.730019300943,-7.146890759468,-5.307214736938,48.584012985229
1126928.789662800031,1126928.730019300943,-7.146890759468,-5.307214736938,48.584012985229
1126928.793028899934,1126928.746706827078,-7.143882155418,-5.300997972488,48.597520828247
1126928.796426699962,1126928.746706827078,-7.143882155418,-5.300997972488,48.597520828247
1126928.801441899966,1126928.746706827078,-7.143882155418,-5.300997972488,48.597520828247
1126928.805388499983,1126928.746706827078,-7.143882155418,-5.300997972488,48.597520828247
1126928.810532399919,1126928.763394353213,-7.137527585030,-5.307545423508,48.602205276489
1126928.814912399976,1126928.763394353213,-7.137527585030,-5.307545423508,48.602205276489
1126928.819088800112,1126928.763394353213,-7.137527585030,-5.307545423508,48.602205276489
1126928.823035599897,1126928.780081879348,-7.128959059715,-5.297848939896,48.617858886719
1126928.827061099932,1126928.780081879348,-7.128959059715,-5.297848939896,48.617858886719
1126928.831143500051,1126928.780081879348,-7.128959059715,-5.297848939896,48.617858886719
1126928.835282600019,1126928.780081879348,-7.128959059715,-5.297848939896,48.617858886719
1126928.839245300042,1126928.780081879348,-7.128959059715,-5.297848939896,48.617858886719
1126928.842589000007,1126928.796769405482,-7.118588328362,-5.310413837433,48.635232925415
1126928.847072500037,1126928.796769405482,-7.118588328362,-5.310413837433,48.635232925415
1126928.852089999942,1126928.796769405482,-7.118588328362,-5.310413837433,48.635232925415
1126928.856469300110,1126928.813456931617,-7.104272365570,-5.335431814194,48.646476745605
1126928.859885500045,1126928.813456931617,-7.104272365570,-5.335431814194,48.646476745605
1126928.863844400039,1126928.813456931617,-7.104272365570,-5.335431814194,48.646476745605
1126928.868400499923,1126928.813456931617,-7.104272365570,-5.335431814194,48.646476745605
1126928.871912299888,1126928.830144457752,-7.084929585457,-5.287778139114,48.649181365967
1126928.876745000016,1126928.830144457752,-7.084929585457,-5.287778139114,48.649181365967
1126928.880499900086,1126928.830144457752,-7.084929585457,-5.287778139114,48.649181365967
1126928.885537999915,1126928.830144457752,-7.084929585457,-5.287778139114,48.649181365967
1126928.889870200073,1126928.846831983887,-7.061506628990,-5.306881189346,48.641908645630
1126928.893736799946,1126928.846831983887,-7.061506628990,-5.306881189346,48.641908645630
1126928.897443800000,1126928.846831983887,-7.061506628990,-5.306881189346,48.641908645630
1126928.901424899930,1126928.846831983887,-7.061506628990,-5.306881189346,48.641908645630
1126928.905760800000,1126928.863519510021,-7.031728625298,-5.309277296066,48.616743087769
1126928.910094900057,1126928.863519510021,-7.031728625298,-5.309277296066,48.616743087769
1126928.913570000092,1126928.863519510021,-7.031728625298,-5.309277296066,48.616743087769
1126928.918633399997,1126928.863519510021,-7.031728625298,-5.309277296066,48.616743087769
1126928.923004399985,1126928.880207036156,-6.991962552071,-5.308381080627,48.589097976685
1126928.926693100017,1126928.880207036156,-6.991962552071,-5.308381080627,48.589097976685
1126928.930171000073,1126928.880207036156,-6.991962552071,-5.308381080627,48.589097976685
1126928.935125699965,1126928.880207036156,-6.991962552071,-5.308381080627,48.589097976685
1126928.938895999920,1126928.896894562291,-6.942472338676,-5.297940731049,48.581537246704
1126928.942395800026,1126928.896894562291,-6.942472338676,-5.297940731049,48.581537246704
1126928.947418499971,1126928.896894562291,-6.942472338676,-5.297940731049,48.581537246704
1126928.951363899978,1126928.896894562291,-6.942472338676,-5.297940731049,48.581537246704
1126928.956727399956,1126928.913582088426,-6.884624004364,-5.317410707474,48.534179687500
1126928.959552299930,1126928.913582088426,-6.884624004364,-5.317410707474,48.534179687500
1126928.964604699984,1126928.913582088426,-6.884624004364,-5.317410707474,48.534179687500
1126928.968914600089,1126928.930269614561,-6.812561392784,-5.293518781662,48.527801513672
1126928.973093499895,1126928.930269614561,-6.812561392784,-5.293518781662,48.527801513672
1126928.976518299896,1126928.930269614561,-6.812561392784,-5.293518781662,48.527801513672
1126928.980545599945,1126928.930269614561,-6.812561392784,-5.293518781662,48.527801513672
1126928.984887399944,1126928.946957140695,-6.722730755806,-5.309404373169,48.513936996460
1126928.989271699917,1126928.946957140695,-6.722730755806,-5.309404373169,48.513936996460
1126928.993162899977,1126928.946957140695,-6.722730755806,-5.309404373169,48.513936996460
1126928.997161899926,1126928.946957140695,-6.722730755806,-5.309404373169,48.513936996460
1126929.002392899944,1126928.963644666830,-6.628643393517,-5.293988704681,48.502264022827
1126929.005855799885,1126928.963644666830,-6.628643393517,-5.293988704681,48.502264022827
1126929.009738099994,1126928.963644666830,-6.628643393517,-5.293988704681,48.502264022827
1126929.013733200030,1126928.963644666830,-6.628643393517,-5.293988704681,48.502264022827
1126929.019035399891,1126928.980332192965,-6.510979652405,-5.315855503082,48.471920013428
1126929.021856399952,1126928.980332192965,-6.510979652405,-5.315855503082,48.471920013428
1126929.026323700091,1126928.980332192965,-6.510979652405,-5.315855503082,48.471920013428
1126929.031260400079,1126928.980332192965,-6.510979652405,-5.315855503082,48.471920013428
1126929.035851999884,1126928.997019719100,-6.385223746300,-5.278382062912,48.477134704590
1126929.038667300018,1126928.997019719100,-6.385223746300,-5.278382062912,48.477134704590
1126929.043058000039,1126928.997019719100,-6.385223746300,-5.278382062912,48.477134704590
1126929.047056100098,1126928.997019719100,-6.385223746300,-5.278382062912,48.477134704590
1126929.051364999963,1126929.013707245234,-6.243823409081,-5.300861358643,48.497844696045
1126929.054800899932,1126929.013707245234,-6.243823409081,-5.300861358643,48.497844696045
1126929.059839899885,1126929.013707245234,-6.243823409081,-5.300861358643,48.497844696045
1126929.063835300039,1126929.030394771369,-6.078506827354,-5.312778949738,48.505674362183
1126929.068503699964,1126929.030394771369,-6.078506827354,-5.312778949738,48.505674362183
1126929.072314799996,1126929.030394771369,-6.078506827354,-5.312778949738,48.505674362183
1126929.076292600017,1126929.030394771369,-6.078506827354,-5.312778949738,48.505674362183
1126929.080663499888,1126929.047082297504,-5.930781006813,-5.266277074814,48.464023590088
1126929.084564599907,1126929.047082297504,-5.930781006813,-5.266277074814,48.464023590088
1126929.089420099976,1126929.047082297504,-5.930781006813,-5.266277074814,48.464023590088
1126929.093297600048,1126929.047082297504,-5.930781006813,-5.266277074814,48.464023590088
1126929.097336400067,1126929.047082297504,-5.930781006813,-5.266277074814,48.464023590088
1126929.101084999973,1126929.047082297504,-5.930781006813,-5.266277074814,48.464023590088
1126929.105754399905,1126929.047082297504,-5.930781006813,-5.266277074814,48.464023590088
1126929.109708399978,1126929.047082297504,-5.930781006813,-5.266277074814,48.464023590088
1126929.113091599895,1126929.063769823639,-5.800410747528,-5.275224447250,48.410320281982
1126929.118699599989,1126929.063769823639,-5.800410747528,-5.275224447250,48.410320281982
1126929.122193899937,1126929.063769823639,-5.800410747528,-5.275224447250,48.410320281982
1126929.126108699944,1126929.063769823639,-5.800410747528,-5.275224447250,48.410320281982
1126929.130777900107,1126929.080367759801,-5.658235907555,-5.288856267929,48.352008819580
1126929.134578699945,1126929.080367759801,-5.658235907555,-5.288856267929,48.352008819580
1126929.138961799908,1126929.080367759801,-5.658235907555,-5.288856267929,48.352008819580
1126929.142943799961,1126929.080367759801,-5.658235907555,-5.288856267929,48.352008819580
1126929.148384999949,1126929.097048326861,-5.511369466782,-5.277847528458,48.294771194458
1126929.151150600053,1126929.097048326861,-5.511369466782,-5.277847528458,48.294771194458
1126929.155779500026,1126929.097048326861,-5.511369466782,-5.277847528458,48.294771194458
1126929.159777299967,1126929.113728893921,-5.361381530762,-5.265536546707,48.235731124878
1126929.163756600115,1126929.113728893921,-5.361381530762,-5.265536546707,48.235731124878
1126929.168707099976,1126929.113728893921,-5.361381530762,-5.265536546707,48.235731124878
1126929.172254499979,1126929.113728893921,-5.361381530762,-5.265536546707,48.235731124878
1126929.176743499935,1126929.130409460980,-5.212434887886,-5.250785827637,48.153503417969
1126929.180249100085,1126929.130409460980,-5.212434887886,-5.250785827637,48.153503417969
1126929.185654599918,1126929.130409460980,-5.212434887886,-5.250785827637,48.153503417969
1126929.188180499943,1126929.130409460980,-5.212434887886,-5.250785827637,48.153503417969
1126929.193502000067,1126929.147090028040,-5.066405117512,-5.227963685989,48.148387908936
1126929.197068500100,1126929.147090028040,-5.066405117512,-5.227963685989,48.148387908936
1126929.201535600005,1126929.147090028040,-5.066405117512,-5.227963685989,48.148387908936
1126929.205472300062,1126929.147090028040,-5.066405117512,-5.227963685989,48.148387908936
1126929.209942300105,1126929.163770595100,-4.913021385670,-5.249327182770,48.164550781250
1126929.213438800070,1126929.163770595100,-4.913021385670,-5.249327182770,48.164550781250
1126929.218603800051,1126929.163770595100,-4.913021385670,-5.249327182770,48.164550781250
1126929.222562700044,1126929.163770595100,-4.913021385670,-5.249327182770,48.164550781250
1126929.226403899956,1126929.180451162159,-4.759201347828,-5.258169651031,48.130733489990
1126929.230598799884,1126929.180451162159,-4.759201347828,-5.258169651031,48.130733489990
1126929.234062599950,1126929.180451162159,-4.759201347828,-5.258169651031,48.130733489990
1126929.239012700040,1126929.197131729219,-4.604610264301,-5.243150234222,48.099695205688
1126929.242836300051,1126929.197131729219,-4.604610264301,-5.243150234222,48.099695205688
1126929.247880199924,1126929.197131729219,-4.604610264301,-5.243150234222,48.099695205688
1126929.250802800059,1126929.197131729219,-4.604610264301,-5.243150234222,48.099695205688
1126929.255393600091,1126929.213812296279,-4.451029479504,-5.228438377380,48.144157409668
1126929.259788000025,1126929.213812296279,-4.451029479504,-5.228438377380,48.144157409668
1126929.264052599901,1126929.213812296279,-4.451029479504,-5.228438377380,48.144157409668
1126929.267613800010,1126929.213812296279,-4.451029479504,-5.228438377380,48.144157409668
1126929.272590300068,1126929.230492863338,-4.299580276012,-5.248596429825,48.204271316528
1126929.276483099908,1126929.230492863338,-4.299580276012,-5.248596429825,48.204271316528
1126929.280167599907,1126929.230492863338,-4.299580276012,-5.248596429825,48.204271316528
1126929.285133899888,1126929.230492863338,-4.299580276012,-5.248596429825,48.204271316528
1126929.289440300083,1126929.247173430398,-4.158654510975,-5.223831176758,48.195610046387
1126929.293147299904,1126929.247173430398,-4.158654510975,-5.223831176758,48.195610046387
1126929.296937099891,1126929.247173430398,-4.158654510975,-5.223831176758,48.195610046387
1126929.301897400059,1126929.247173430398,-4.158654510975,-5.223831176758,48.195610046387
1126929.305262699956,1126929.263853997458,-4.024376064539,-5.235934257507,48.198404312134
1126929.309731600108,1126929.263853997458,-4.024376064539,-5.235934257507,48.198404312134
1126929.313891000114,1126929.263853997458,-4.024376064539,-5.235934257507,48.198404312134
1126929.317871700041,1126929.263853997458,-4.024376064539,-5.235934257507,48.198404312134
1126929.322516399901,1126929.280534564517,-3.892817199230,-5.208660840988,48.184101104736
1126929.326866999967,1126929.280534564517,-3.892817199230,-5.208660840988,48.184101104736
1126929.330324500101,1126929.280534564517,-3.892817199230,-5.208660840988,48.184101104736
1126929.334304499906,1126929.280534564517,-3.892817199230,-5.208660840988,48.184101104736
1126929.338985499926,1126929.297215131577,-3.765634596348,-5.213629722595,48.213624954224
1126929.343118699966,1126929.297215131577,-3.765634596348,-5.213629722595,48.213624954224
1126929.346847800072,1126929.297215131577,-3.765634596348,-5.213629722595,48.213624954224
1126929.351807000116,1126929.297215131577,-3.765634596348,-5.213629722595,48.213624954224
1126929.355303999968,1126929.313895698637,-3.643295511603,-5.205764532089,48.177120208740
1126929.360408700071,1126929.313895698637,-3.643295511603,-5.205764532089,48.177120208740
1126929.364042199915,1126929.313895698637,-3.643295511603,-5.205764532089,48.177120208740
1126929.368380599888,1126929.330576265696,-3.531448438764,-5.192126035690,48.141651153564
1126929.371850600000,1126929.330576265696,-3.531448438764,-5.192126035690,48.141651153564
1126929.377174099907,1126929.330576265696,-3.531448438764,-5.192126035690,48.141651153564
1126929.381132700015,1126929.330576265696,-3.531448438764,-5.192126035690,48.141651153564
1126929.385328199947,1126929.347256832756,-3.428481675684,-5.208751678467,48.155916213989
1126929.389481700025,1126929.347256832756,-3.428481675684,-5.208751678467,48.155916213989
1126929.393034100067,1126929.347256832756,-3.428481675684,-5.208751678467,48.155916213989
1126929.397019899916,1126929.347256832756,-3.428481675684,-5.208751678467,48.155916213989
1126929.401230900083,1126929.363937399816,-3.333103358746,-5.187138319016,48.150951385498
1126929.405689500039,1126929.363937399816,-3.333103358746,-5.187138319016,48.150951385498
1126929.409404699923,1126929.363937399816,-3.333103358746,-5.187138319016,48.150951385498
1126929.414445800008,1126929.363937399816,-3.333103358746,-5.187138319016,48.150951385498
1126929.417792200111,1126929.380617966875,-3.250314269215,-5.190131664276,48.158679962158
1126929.422377899988,1126929.380617966875,-3.250314269215,-5.190131664276,48.158679962158
1126929.426358599914,1126929.380617966875,-3.250314269215,-5.190131664276,48.158679962158
1126929.430357499979,1126929.380617966875,-3.250314269215,-5.190131664276,48.158679962158
1126929.435368299950,1126929.397298533935,-3.179417583975,-5.194665670395,48.129859924316
1126929.439703600015,1126929.397298533935,-3.179417583975,-5.194665670395,48.129859924316
1126929.443268100033,1126929.397298533935,-3.179417583975,-5.194665670395,48.129859924316
1126929.447410299908,1126929.413979100995,-3.117693416774,-5.193842411041,48.141363143921
1126929.452034200076,1126929.413979100995,-3.117693416774,-5.193842411041,48.141363143921
1126929.455887600081,1126929.413979100995,-3.117693416774,-5.193842411041,48.141363143921
1126929.459907999961,1126929.413979100995,-3.117693416774,-5.193842411041,48.141363143921
1126929.463920200011,1126929.430659668054,-3.070853859186,-5.167937755585,48.182174682617
1126929.468236800050,1126929.430659668054,-3.070853859186,-5.167937755585,48.182174682617
1126929.472087499918,1126929.430659668054,-3.070853859186,-5.167937755585,48.182174682617
1126929.476675699931,1126929.430659668054,-3.070853859186,-5.167937755585,48.182174682617
1126929.480649099918,1126929.447340235114,-3.029204256833,-5.203325748444,48.227998733521
1126929.484525300097,1126929.447340235114,-3.029204256833,-5.203325748444,48.227998733521
1126929.489780199947,1126929.447340235114,-3.029204256833,-5.203325748444,48.227998733521
1126929.492868500063,1126929.447340235114,-3.029204256833,-5.203325748444,48.227998733521
1126929.497528000036,1126929.447340235114,-3.029204256833,-5.203325748444,48.227998733521
1126929.501243599923,1126929.447340235114,-3.029204256833,-5.203325748444,48.227998733521
1126929.505956100067,1126929.447340235114,-3.029204256833,-5.203325748444,48.227998733521
1126929.509993100073,1126929.447340235114,-3.029204256833,-5.203325748444,48.227998733521
1126929.514518399956,1126929.464040281717,-3.003919661045,-5.187706708908,48.248067855835
1126929.518391000107,1126929.464040281717,-3.003919661045,-5.187706708908,48.248067855835
1126929.521842699964,1126929.464040281717,-3.003919661045,-5.187706708908,48.248067855835
1126929.526415199973,1126929.464040281717,-3.003919661045,-5.187706708908,48.248067855835
1126929.529699299950,1126929.480727807852,-2.994978025556,-5.183726072311,48.229946136475
1126929.535020099953,1126929.480727807852,-2.994978025556,-5.183726072311,48.229946136475
1126929.538404700113,1126929.480727807852,-2.994978025556,-5.183726072311,48.229946136475
1126929.543461499969,1126929.497415333986,-3.001153334975,-5.183502197266,48.286125183105
1126929.547731200000,1126929.497415333986,-3.001153334975,-5.183502197266,48.286125183105
1126929.551159000024,1126929.497415333986,-3.001153334975,-5.183502197266,48.286125183105
1126929.556216399884,1126929.497415333986,-3.001153334975,-5.183502197266,48.286125183105
1126929.560579899931,1126929.514102860121,-3.019623875618,-5.190725564957,48.246244430542
1126929.564049399924,1126929.514102860121,-3.019623875618,-5.190725564957,48.246244430542
1126929.567797200056,1126929.514102860121,-3.019623875618,-5.190725564957,48.246244430542
1126929.573466700036,1126929.514102860121,-3.019623875618,-5.190725564957,48.246244430542
1126929.576821600087,1126929.530790386256,-3.047407127917,-5.206034421921,48.231262207031
1126929.580703099957,1126929.530790386256,-3.047407127917,-5.206034421921,48.231262207031
1126929.584533100016,1126929.530790386256,-3.047407127917,-5.206034421921,48.231262207031
1126929.589462100063,1126929.530790386256,-3.047407127917,-5.206034421921,48.231262207031
1126929.593825299991,1126929.547477912391,-3.086904957891,-5.181732416153,48.258558273315
1126929.597246699966,1126929.547477912391,-3.086904957891,-5.181732416153,48.258558273315
1126929.601275400026,1126929.547477912391,-3.086904957891,-5.181732416153,48.258558273315
1126929.605248400010,1126929.547477912391,-3.086904957891,-5.181732416153,48.258558273315
1126929.609729599906,1126929.564165438525,-3.139622498304,-5.200303554535,48.259191513062
1126929.614265199983,1126929.564165438525,-3.139622498304,-5.200303554535,48.259191513062
1126929.618009600090,1126929.564165438525,-3.139622498304,-5.200303554535,48.259191513062
1126929.621998199960,1126929.564165438525,-3.139622498304,-5.200303554535,48.259191513062
1126929.626795100048,1126929.580852964660,-3.209193639457,-5.194168329239,48.288314819336
1126929.630621100077,1126929.580852964660,-3.209193639457,-5.194168329239,48.288314819336
1126929.634545699926,1126929.580852964660,-3.209193639457,-5.194168329239,48.288314819336
1126929.639742000028,1126929.597540490795,-3.286327261478,-5.197629928589,48.310443878174
1126929.643550799927,1126929.597540490795,-3.286327261478,-5.197629928589,48.310443878174
1126929.647373199929,1126929.597540490795,-3.286327261478,-5.197629928589,48.310443878174
1126929.651400400093,1126929.597540490795,-3.286327261478,-5.197629928589,48.310443878174
1126929.655302800005,1126929.614228016930,-3.365796945989,-5.205078840256,48.330904006958
1126929.660322000040,1126929.614228016930,-3.365796945989,-5.205078840256,48.330904006958
1126929.664056099951,1126929.614228016930,-3.365796945989,-5.205078840256,48.330904006958
1126929.668038500007,1126929.614228016930,-3.365796945989,-5.205078840256,48.330904006958
1126929.671989799943,1126929.630915543064,-3.427085138857,-5.229182481766,48.411317825317
1126929.677387299947,1126929.630915543064,-3.427085138857,-5.229182481766,48.411317825317
1126929.679837699980,1126929.630915543064,-3.427085138857,-5.229182481766,48.411317825317
1126929.684867799981,1126929.630915543064,-3.427085138857,-5.229182481766,48.411317825317
1126929.688253300032,1126929.647603069199,-3.517207384109,-5.229653596878,48.441051483154
1126929.692978800042,1126929.647603069199,-3.517207384109,-5.229653596878,48.441051483154
1126929.696657099994,1126929.647603069199,-3.517207384109,-5.229653596878,48.441051483154
1126929.701606400078,1126929.647603069199,-3.517207384109,-5.229653596878,48.441051483154
1126929.704913600115,1126929.664290595334,-3.679139122367,-5.214526653290,48.462345123291
1126929.710228800075,1126929.664290595334,-3.679139122367,-5.214526653290,48.462345123291
1126929.713650600053,1126929.664290595334,-3.679139122367,-5.214526653290,48.462345123291
1126929.718623599969,1126929.664290595334,-3.679139122367,-5.214526653290,48.462345123291
1126929.722276600078,1126929.680978121469,-3.880285084248,-5.227622747421,48.480298995972
1126929.725985100027,1126929.680978121469,-3.880285084248,-5.227622747421,48.480298995972
1126929.730845199898,1126929.680978121469,-3.880285084248,-5.227622747421,48.480298995972
1126929.734841899946,1126929.680978121469,-3.880285084248,-5.227622747421,48.480298995972
1126929.739517400041,1126929.697665647604,-4.069954544306,-5.223166465759,48.519687652588
1126929.743392700097,1126929.697665647604,-4.069954544306,-5.223166465759,48.519687652588
1126929.747426100075,1126929.697665647604,-4.069954544306,-5.223166465759,48.519687652588
1126929.751434399979,1126929.714353173738,-4.232323408127,-5.229721307755,48.492824554443
1126929.755266899941,1126929.714353173738,-4.232323408127,-5.229721307755,48.492824554443
1126929.760535300011,1126929.714353173738,-4.232323408127,-5.229721307755,48.492824554443
1126929.763488099910,1126929.714353173738,-4.232323408127,-5.229721307755,48.492824554443
1126929.768695099978,1126929.731040699873,-4.402128458023,-5.240469694138,48.509027481079
1126929.772103199968,1126929.731040699873,-4.402128458023,-5.240469694138,48.509027481079
1126929.776457899949,1126929.731040699873,-4.402128458023,-5.240469694138,48.509027481079
1126929.780390700093,1126929.731040699873,-4.402128458023,-5.240469694138,48.509027481079
1126929.784750400111,1126929.747728226008,-4.570988774300,-5.249343872070,48.530508041382
1126929.789022000041,1126929.747728226008,-4.570988774300,-5.249343872070,48.530508041382
1126929.792883299990,1126929.747728226008,-4.570988774300,-5.249343872070,48.530508041382
1126929.796859200113,1126929.747728226008,-4.570988774300,-5.249343872070,48.530508041382
1126929.801842800109,1126929.764415752143,-4.751264214516,-5.232395648956,48.536561965942
1126929.805649100104,1126929.764415752143,-4.751264214516,-5.232395648956,48.536561965942
1126929.809667400084,1126929.764415752143,-4.751264214516,-5.232395648956,48.536561965942
1126929.813676000107,1126929.764415752143,-4.751264214516,-5.232395648956,48.536561965942
1126929.819340100046,1126929.781103278277,-4.940397679806,-5.234889030457,48.499168395996
1126929.821992800105,1126929.781103278277,-4.940397679806,-5.234889030457,48.499168395996
1126929.826480200049,1126929.781103278277,-4.940397679806,-5.234889030457,48.499168395996
1126929.830463200109,1126929.781103278277,-4.940397679806,-5.234889030457,48.499168395996
1126929.833790299948,1126929.797790804412,-5.137744605541,-5.236659765244,48.462856292725
1126929.838563600089,1126929.797790804412,-5.137744605541,-5.236659765244,48.462856292725
1126929.843398500001,1126929.797790804412,-5.137744605541,-5.236659765244,48.462856292725
1126929.847357100109,1126929.814478330547,-5.340838909149,-5.229110956192,48.476177215576
1126929.851001000032,1126929.814478330547,-5.340838909149,-5.229110956192,48.476177215576
1126929.856406199979,1126929.814478330547,-5.340838909149,-5.229110956192,48.476177215576
1126929.859194299905,1126929.814478330547,-5.340838909149,-5.229110956192,48.476177215576
1126929.864169799956,1126929.831165856682,-5.537066578865,-5.216550350189,48.556531906128
1126929.868616800057,1126929.831165856682,-5.537066578865,-5.216550350189,48.556531906128
1126929.871917699929,1126929.831165856682,-5.537066578865,-5.216550350189,48.556531906128
1126929.877442100085,1126929.831165856682,-5.537066578865,-5.216550350189,48.556531906128
1126929.881067400100,1126929.831165856682,-5.537066578865,-5.216550350189,48.556531906128
1126929.885368000017,1126929.831165856682,-5.537066578865,-5.216550350189,48.556531906128
1126929.889410800068,1126929.831165856682,-5.537066578865,-5.216550350189,48.556531906128
1126929.893396199914,1126929.831165856682,-5.537066578865,-5.216550350189,48.556531906128
1126929.897821000079,1126929.847853382817,-5.741874217987,-5.245122432709,48.574502944946
1126929.901239600033,1126929.847853382817,-5.741874217987,-5.245122432709,48.574502944946
1126929.905385799939,1126929.847853382817,-5.741874217987,-5.245122432709,48.574502944946
1126929.910409899894,1126929.847853382817,-5.741874217987,-5.245122432709,48.574502944946
1126929.913834400009,1126929.864436827134,-5.951285004616,-5.209680318832,48.552602767944
1126929.918138500070,1126929.864436827134,-5.951285004616,-5.209680318832,48.552602767944
1126929.921799799893,1126929.864436827134,-5.951285004616,-5.209680318832,48.552602767944
1126929.926764999982,1126929.864436827134,-5.951285004616,-5.209680318832,48.552602767944
1126929.931084099924,1126929.881117394194,-6.166244983673,-5.219092845917,48.521982192993
1126929.934885000112,1126929.881117394194,-6.166244983673,-5.219092845917,48.521982192993
1126929.938597999979,1126929.881117394194,-6.166244983673,-5.219092845917,48.521982192993
1126929.943580799969,1126929.897797961254,-6.386446952820,-5.220280885696,48.530311584473
1126929.947385000065,1126929.897797961254,-6.386446952820,-5.220280885696,48.530311584473
1126929.950757799903,1126929.897797961254,-6.386446952820,-5.220280885696,48.530311584473
1126929.955247899983,1126929.897797961254,-6.386446952820,-5.220280885696,48.530311584473
1126929.960349099943,1126929.914478528313,-6.602635741234,-5.210478305817,48.519330978394
1126929.964250799967,1126929.914478528313,-6.602635741234,-5.210478305817,48.519330978394
1126929.968507899903,1126929.914478528313,-6.602635741234,-5.210478305817,48.519330978394
1126929.972499799915,1126929.914478528313,-6.602635741234,-5.210478305817,48.519330978394
1126929.976444399916,1126929.931159095373,-6.824269175529,-5.268169641495,48.559286117554
1126929.980743800057,1126929.931159095373,-6.824269175529,-5.268169641495,48.559286117554
1126929.984400500078,1126929.931159095373,-6.824269175529,-5.268169641495,48.559286117554
1126929.989326199982,1126929.931159095373,-6.824269175529,-5.268169641495,48.559286117554
1126929.992668299936,1126929.947839662433,-7.053339481354,-5.280701637268,48.585384368896
1126929.997915999964,1126929.947839662433,-7.053339481354,-5.280701637268,48.585384368896
1126930.001954999985,1126929.947839662433,-7.053339481354,-5.280701637268,48.585384368896
1126930.005909200059,1126929.947839662433,-7.053339481354,-5.280701637268,48.585384368896
1126930.009890400106,1126929.964520229492,-7.275937795639,-5.281468153000,48.615377426147
1126930.013183299918,1126929.964520229492,-7.275937795639,-5.281468153000,48.615377426147
1126930.018033700064,1126929.964520229492,-7.275937795639,-5.281468153000,48.615377426147
1126930.022022099933,1126929.964520229492,-7.275937795639,-5.281468153000,48.615377426147
1126930.026792600052,1126929.981200796552,-7.499091863632,-5.243958234787,48.550586700439
1126930.031179999933,1126929.981200796552,-7.499091863632,-5.243958234787,48.550586700439
1126930.035428300034,1126929.981200796552,-7.499091863632,-5.243958234787,48.550586700439
1126930.039378399961,1126929.997881363612,-7.722351312637,-5.285860538483,48.505491256714
1126930.043233199976,1126929.997881363612,-7.722351312637,-5.285860538483,48.505491256714
1126930.047016399913,1126929.997881363612,-7.722351312637,-5.285860538483,48.505491256714
1126930.052059500013,1126929.997881363612,-7.722351312637,-5.285860538483,48.505491256714
1126930.056358899921,1126930.014561930671,-7.935576677322,-5.296663284302,48.515352249146
1126930.060189899988,1126930.014561930671,-7.935576677322,-5.296663284302,48.515352249146
1126930.063706099987,1126930.014561930671,-7.935576677322,-5.296663284302,48.515352249146
1126930.067683500005,1126930.014561930671,-7.935576677322,-5.296663284302,48.515352249146
1126930.073042100063,1126930.031242497731,-8.144776344299,-5.269808769226,48.544563293457
1126930.075965099968,1126930.031242497731,-8.144776344299,-5.269808769226,48.544563293457
1126930.081166699994,1126930.031242497731,-8.144776344299,-5.269808769226,48.544563293457
1126930.085123399971,1126930.031242497731,-8.144776344299,-5.269808769226,48.544563293457
1126930.088464800036,1126930.047923064791,-8.349552154541,-5.270276069641,48.537691116333
1126930.094093099935,1126930.047923064791,-8.349552154541,-5.270276069641,48.537691116333
1126930.096539200051,1126930.047923064791,-8.349552154541,-5.270276069641,48.537691116333
1126930.101535700029,1126930.047923064791,-8.349552154541,-5.270276069641,48.537691116333
1126930.104935399955,1126930.064603631850,-8.547414064407,-5.297138452530,48.527898788452
1126930.109944999916,1126930.064603631850,-8.547414064407,-5.297138452530,48.527898788452
1126930.113925799960,1126930.064603631850,-8.547414064407,-5.297138452530,48.527898788452
1126930.117931399960,1126930.064603631850,-8.547414064407,-5.297138452530,48.527898788452
1126930.121279499959,1126930.081284198910,-8.726552009583,-5.296953678131,48.559064865112
1126930.126246599946,1126930.081284198910,-8.726552009583,-5.296953678131,48.559064865112
1126930.130534899887,1126930.081284198910,-8.726552009583,-5.296953678131,48.559064865112
1126930.134523299988,1126930.081284198910,-8.726552009583,-5.296953678131,48.559064865112
1126930.139644500101,1126930.097964765970,-8.907077074051,-5.251841545105,48.548189163208
1126930.143177200109,1126930.097964765970,-8.907077074051,-5.251841545105,48.548189163208
1126930.147003500024,1126930.097964765970,-8.907077074051,-5.251841545105,48.548189163208
1126930.152336100116,1126930.114645333029,-9.074892759323,-5.280966043472,48.562671661377
1126930.155316499993,1126930.114645333029,-9.074892759323,-5.280966043472,48.562671661377
1126930.160035500070,1126930.114645333029,-9.074892759323,-5.280966043472,48.562671661377
1126930.163953399984,1126930.114645333029,-9.074892759323,-5.280966043472,48.562671661377
1126930.168272299925,1126930.131325900089,-9.242084741592,-5.292996406555,48.595470428467
1126930.172251899960,1126930.131325900089,-9.242084741592,-5.292996406555,48.595470428467
1126930.176427700091,1126930.131325900089,-9.242084741592,-5.292996406555,48.595470428467
1126930.180257200031,1126930.131325900089,-9.242084741592,-5.292996406555,48.595470428467
1126930.185613400070,1126930.148006467149,-9.401451110840,-5.298456430435,48.679285049438
1126930.189003099920,1126930.148006467149,-9.401451110840,-5.298456430435,48.679285049438
1126930.193017200101,1126930.148006467149,-9.401451110840,-5.298456430435,48.679285049438
1126930.196990000084,1126930.148006467149,-9.401451110840,-5.298456430435,48.679285049438
1126930.202327799983,1126930.164687034208,-9.544774770737,-5.271227359772,48.684724807739
1126930.204978100024,1126930.164687034208,-9.544774770737,-5.271227359772,48.684724807739
1126930.209857800044,1126930.164687034208,-9.544774770737,-5.271227359772,48.684724807739
1126930.213887700113,1126930.164687034208,-9.544774770737,-5.271227359772,48.684724807739
1126930.217207399895,1126930.181367601268,-9.680662870407,-5.287427186966,48.674819946289
1126930.222159399884,1126930.181367601268,-9.680662870407,-5.287427186966,48.674819946289
1126930.226098200073,1126930.181367601268,-9.680662870407,-5.287427186966,48.674819946289
1126930.230108600110,1126930.181367601268,-9.680662870407,-5.287427186966,48.674819946289
1126930.235174699919,1126930.198048168328,-9.806919336319,-5.281110763550,48.645210266113
1126930.239068299998,1126930.198048168328,-9.806919336319,-5.281110763550,48.645210266113
1126930.242738599889,1126930.198048168328,-9.806919336319,-5.281110763550,48.645210266113
1126930.247980999993,1126930.214728735387,-9.920997619629,-5.263620376587,48.603572845459
1126930.250570799923,1126930.214728735387,-9.920997619629,-5.263620376587,48.603572845459
1126930.256215499947,1126930.214728735387,-9.920997619629,-5.263620376587,48.603572845459
1126930.259864999913,1126930.214728735387,-9.920997619629,-5.263620376587,48.603572845459
1126930.263833200093,1126930.231409302447,-10.026206016541,-5.274906396866,48.639032363892
1126930.267941199942,1126930.231409302447,-10.026206016541,-5.274906396866,48.639032363892
1126930.271406200016,1126930.231409302447,-10.026206016541,-5.274906396866,48.639032363892
1126930.276998500107,1126930.231409302447,-10.026206016541,-5.274906396866,48.639032363892
1126930.280450199964,1126930.231409302447,-10.026206016541,-5.274906396866,48.639032363892
1126930.283774900017,1126930.231409302447,-10.026206016541,-5.274906396866,48.639032363892
1126930.288651800016,1126930.231409302447,-10.026206016541,-5.274906396866,48.639032363892
1126930.293673099950,1126930.231409302447,-10.026206016541,-5.274906396866,48.639032363892
1126930.297267100075,1126930.248035795521,-10.115799665451,-5.236763000488,48.631212234497
1126930.301117100054,1126930.248035795521,-10.115799665451,-5.236763000488,48.631212234497
1126930.305573499994,1126930.248035795521,-10.115799665451,-5.236763000488,48.631212234497
1126930.309561700094,1126930.248035795521,-10.115799665451,-5.236763000488,48.631212234497
1126930.312948500039,1126930.264709409559,-10.199521541595,-5.260548353195,48.644947052002
1126930.318327399902,1126930.264709409559,-10.199521541595,-5.260548353195,48.644947052002
1126930.321839099983,1126930.264709409559,-10.199521541595,-5.260548353195,48.644947052002
1126930.326399399899,1126930.264709409559,-10.199521541595,-5.260548353195,48.644947052002
1126930.330745399930,1126930.281383023597,-10.257066011429,-5.276747465134,48.644620895386
1126930.334530400112,1126930.281383023597,-10.257066011429,-5.276747465134,48.644620895386
1126930.338196499972,1126930.281383023597,-10.257066011429,-5.276747465134,48.644620895386
1126930.343203899916,1126930.281383023597,-10.257066011429,-5.276747465134,48.644620895386
1126930.346762999892,1126930.298056637635,-10.299983978271,-5.235331296921,48.644399642944
1126930.351729399990,1126930.298056637635,-10.299983978271,-5.235331296921,48.644399642944
1126930.355828699889,1126930.298056637635,-10.299983978271,-5.235331296921,48.644399642944
1126930.360170000000,1126930.314730251674,-10.329298496246,-5.238118171692,48.665073394775
1126930.364034200087,1126930.314730251674,-10.329298496246,-5.238118171692,48.665073394775
1126930.367393200053,1126930.314730251674,-10.329298496246,-5.238118171692,48.665073394775
1126930.372498600045,1126930.314730251674,-10.329298496246,-5.238118171692,48.665073394775
1126930.377366499975,1126930.331403865712,-10.342902898788,-5.271957635880,48.663805007935
1126930.379808099940,1126930.331403865712,-10.342902898788,-5.271957635880,48.663805007935
1126930.384433700005,1126930.331403865712,-10.342902898788,-5.271957635880,48.663805007935
1126930.389162600040,1126930.331403865712,-10.342902898788,-5.271957635880,48.663805007935
1126930.392493000021,1126930.348077479750,-10.336691617966,-5.282036781311,48.665081024170
1126930.397755899932,1126930.348077479750,-10.336691617966,-5.282036781311,48.665081024170
1126930.401792699937,1126930.348077479750,-10.336691617966,-5.282036781311,48.665081024170
1126930.405726599973,1126930.348077479750,-10.336691617966,-5.282036781311,48.665081024170
1126930.409728399944,1126930.364751093788,-10.301115036011,-5.261522769928,48.659193038940
1126930.413535899948,1126930.364751093788,-10.301115036011,-5.261522769928,48.659193038940
1126930.418376900023,1126930.364751093788,-10.301115036011,-5.261522769928,48.659193038940
1126930.422324999934,1126930.364751093788,-10.301115036011,-5.261522769928,48.659193038940
1126930.425684599904,1126930.381424707826,-10.246731996536,-5.236819028854,48.596797943115
1126930.430658600060,1126930.381424707826,-10.246731996536,-5.236819028854,48.596797943115
1126930.434635600075,1126930.381424707826,-10.246731996536,-5.236819028854,48.596797943115
1126930.438601200003,1126930.381424707826,-10.246731996536,-5.236819028854,48.596797943115
1126930.443589800037,1126930.398098321864,-10.181368112564,-5.268560409546,48.566959381104
1126930.447611100040,1126930.398098321864,-10.181368112564,-5.268560409546,48.566959381104
1126930.451565600000,1126930.398098321864,-10.181368112564,-5.268560409546,48.566959381104
1126930.455558900023,1126930.414771935903,-10.085190773010,-5.269431591034,48.583620071411
1126930.459893699968,1126930.414771935903,-10.085190773010,-5.269431591034,48.583620071411
1126930.463479300030,1126930.414771935903,-10.085190773010,-5.269431591034,48.583620071411
1126930.468153099995,1126930.414771935903,-10.085190773010,-5.269431591034,48.583620071411
1126930.472091299947,1126930.431445549941,-9.961275815964,-5.269405841827,48.579660415649
1126930.476406800095,1126930.431445549941,-9.961275815964,-5.269405841827,48.579660415649
1126930.480267900042,1126930.431445549941,-9.961275815964,-5.269405841827,48.579660415649
1126930.484203499975,1126930.431445549941,-9.961275815964,-5.269405841827,48.579660415649
1126930.488548999885,1126930.448119163979,-9.826137304306,-5.246346235275,48.667551040649
1126930.493785399944,1126930.448119163979,-9.826137304306,-5.246346235275,48.667551040649
1126930.497337500099,1126930.448119163979,-9.826137304306,-5.246346235275,48.667551040649
1126930.501277799951,1126930.448119163979,-9.826137304306,-5.246346235275,48.667551040649
1126930.504659099970,1126930.464792778017,-9.665640354156,-5.220691680908,48.668939590454
1126930.509854099946,1126930.464792778017,-9.665640354156,-5.220691680908,48.668939590454
1126930.513361300109,1126930.464792778017,-9.665640354156,-5.220691680908,48.668939590454
1126930.518353600055,1126930.464792778017,-9.665640354156,-5.220691680908,48.668939590454
1126930.521671700059,1126930.481466392055,-9.545984029770,-5.234407424927,48.636728286743
1126930.526400200091,1126930.481466392055,-9.545984029770,-5.234407424927,48.636728286743
1126930.529867300065,1126930.481466392055,-9.545984029770,-5.234407424927,48.636728286743
1126930.534850900061,1126930.481466392055,-9.545984029770,-5.234407424927,48.636728286743
1126930.538169099949,1126930.498140006093,-9.303771257401,-5.233945846558,48.560611724854
1126930.543115899898,1126930.498140006093,-9.303771257401,-5.233945846558,48.560611724854
1126930.547060800018,1126930.498140006093,-9.303771257401,-5.233945846558,48.560611724854
1126930.551055599935,1126930.498140006093,-9.303771257401,-5.233945846558,48.560611724854
1126930.555406200001,1126930.514813620131,-9.106945514679,-5.249648571014,48.625366210938
1126930.559120000107,1126930.514813620131,-9.106945514679,-5.249648571014,48.625366210938
1126930.564423900098,1126930.514813620131,-9.106945514679,-5.249648571014,48.625366210938
1126930.568738499889,1126930.531487234170,-8.899691343307,-5.272690057755,48.604969024658
1126930.573091200087,1126930.531487234170,-8.899691343307,-5.272690057755,48.604969024658
1126930.575953599997,1126930.531487234170,-8.899691343307,-5.272690057755,48.604969024658
1126930.580414199969,1126930.531487234170,-8.899691343307,-5.272690057755,48.604969024658
1126930.584756700089,1126930.548160848208,-8.685571670532,-5.273849964142,48.558355331421
1126930.588610199979,1126930.548160848208,-8.685571670532,-5.273849964142,48.558355331421
1126930.592409699922,1126930.548160848208,-8.685571670532,-5.273849964142,48.558355331421
1126930.597411999945,1126930.548160848208,-8.685571670532,-5.273849964142,48.558355331421
1126930.601744200103,1126930.564834462246,-8.458564043045,-5.254492282867,48.469579696655
1126930.605454999954,1126930.564834462246,-8.458564043045,-5.254492282867,48.469579696655
1126930.609687800054,1126930.564834462246,-8.458564043045,-5.254492282867,48.469579696655
1126930.613665800076,1126930.564834462246,-8.458564043045,-5.254492282867,48.469579696655
1126930.617972000036,1126930.581508076284,-8.218510627747,-5.249131917953,48.415550231934
1126930.622281200020,1126930.581508076284,-8.218510627747,-5.249131917953,48.415550231934
1126930.626434199978,1126930.581508076284,-8.218510627747,-5.249131917953,48.415550231934
1126930.630421299953,1126930.581508076284,-8.218510627747,-5.249131917953,48.415550231934
1126930.633738799952,1126930.598181690322,-7.981264829636,-5.199921607971,48.366849899292
1126930.638335600030,1126930.598181690322,-7.981264829636,-5.199921607971,48.366849899292
1126930.643317099893,1126930.598181690322,-7.981264829636,-5.199921607971,48.366849899292
1126930.647280500038,1126930.614855304360,-7.732273340225,-5.208448648453,48.348169326782
1126930.650819200091,1126930.614855304360,-7.732273340225,-5.208448648453,48.348169326782
1126930.655588400085,1126930.614855304360,-7.732273340225,-5.208448648453,48.348169326782
1126930.659590499941,1126930.614855304360,-7.732273340225,-5.208448648453,48.348169326782
1126930.663511800114,1126930.614855304360,-7.732273340225,-5.208448648453,48.348169326782
1126930.668457499938,1126930.614855304360,-7.732273340225,-5.208448648453,48.348169326782
1126930.671883800067,1126930.614855304360,-7.732273340225,-5.208448648453,48.348169326782
1126930.676480799913,1126930.614855304360,-7.732273340225,-5.208448648453,48.348169326782
1126930.680824100040,1126930.631528918399,-7.462246894836,-5.190615892410,48.287797927856
1126930.684974299977,1126930.631528918399,-7.462246894836,-5.190615892410,48.287797927856
1126930.688398800092,1126930.631528918399,-7.462246894836,-5.190615892410,48.287797927856
1126930.692972300109,1126930.631528918399,-7.462246894836,-5.190615892410,48.287797927856
1126930.696374600055,1126930.648099086015,-7.192493677139,-5.231777429581,48.304630279541
1126930.701662600040,1126930.648099086015,-7.192493677139,-5.231777429581,48.304630279541
1126930.705107399961,1126930.648099086015,-7.192493677139,-5.231777429581,48.304630279541
1126930.710111600114,1126930.648099086015,-7.192493677139,-5.231777429581,48.304630279541
1126930.714450400090,1126930.664765752619,-6.912893176079,-5.200695276260,48.333869934082
1126930.718360299943,1126930.664765752619,-6.912893176079,-5.200695276260,48.333869934082
1126930.722574499901,1126930.664765752619,-6.912893176079,-5.200695276260,48.333869934082
1126930.726529200096,1126930.664765752619,-6.912893176079,-5.200695276260,48.333869934082
1126930.730907700025,1126930.681432419224,-6.618289351463,-5.221932172775,48.329502105713
1126930.734360199887,1126930.681432419224,-6.618289351463,-5.221932172775,48.329502105713
1126930.739517400041,1126930.681432419224,-6.618289351463,-5.221932172775,48.329502105713
1126930.743517899886,1126930.698099085828,-6.329555630684,-5.203573465347,48.253141403198
1126930.747668799944,1126930.698099085828,-6.329555630684,-5.203573465347,48.253141403198
1126930.751463300083,1126930.698099085828,-6.329555630684,-5.203573465347,48.253141403198
1126930.755497199949,1126930.698099085828,-6.329555630684,-5.203573465347,48.253141403198
1126930.759650500026,1126930.714765752433,-6.037364244461,-5.195524930954,48.255729675293
1126930.763399899937,1126930.714765752433,-6.037364244461,-5.195524930954,48.255729675293
1126930.768063199939,1126930.714765752433,-6.037364244461,-5.195524930954,48.255729675293
1126930.772082899930,1126930.714765752433,-6.037364244461,-5.195524930954,48.255729675293
1126930.776979099959,1126930.731432419037,-5.746895551682,-5.201872348785,48.177547454834
1126930.780338099925,1126930.731432419037,-5.746895551682,-5.201872348785,48.177547454834
1126930.784208100056,1126930.731432419037,-5.746895551682,-5.201872348785,48.177547454834
1126930.789237899939,1126930.731432419037,-5.746895551682,-5.201872348785,48.177547454834
1126930.792825599900,1126930.748099085642,-5.467297792435,-5.176963329315,48.120426177979
1126930.796838199953,1126930.748099085642,-5.467297792435,-5.176963329315,48.120426177979
1126930.801829699893,1126930.748099085642,-5.467297792435,-5.176963329315,48.120426177979
1126930.805854300037,1126930.748099085642,-5.467297792435,-5.176963329315,48.120426177979
1126930.809830599930,1126930.764765752247,-5.192610979080,-5.207968950272,48.081516265869
1126930.814155099913,1126930.764765752247,-5.192610979080,-5.207968950272,48.081516265869
1126930.817700499902,1126930.764765752247,-5.192610979080,-5.207968950272,48.081516265869
1126930.822694099974,1126930.764765752247,-5.192610979080,-5.207968950272,48.081516265869
1126930.826328099938,1126930.781432418851,-4.922979354858,-5.185311555862,48.130250930786
1126930.830709300004,1126930.781432418851,-4.922979354858,-5.185311555862,48.130250930786
1126930.834180099890,1126930.781432418851,-4.922979354858,-5.185311555862,48.130250930786
1126930.839102200000,1126930.798099085456,-4.669773757458,-5.177496194839,48.134004592896
1126930.842485300032,1126930.798099085456,-4.669773757458,-5.177496194839,48.134004592896
1126930.846959500108,1126930.798099085456,-4.669773757458,-5.177496194839,48.134004592896
1126930.851089400006,1126930.798099085456,-4.669773757458,-5.177496194839,48.134004592896
1126930.856060999911,1126930.798099085456,-4.669773757458,-5.177496194839,48.134004592896
1126930.860421200050,1126930.814765752060,-4.422938048840,-5.190380334854,48.166051864624
1126930.863097799942,1126930.814765752060,-4.422938048840,-5.190380334854,48.166051864624
1126930.868060800014,1126930.814765752060,-4.422938048840,-5.190380334854,48.166051864624
1126930.872202999890,1126930.831432418665,-4.187264621258,-5.191322803497,48.185792922974
1126930.876081299968,1126930.831432418665,-4.187264621258,-5.191322803497,48.185792922974
1126930.879833400017,1126930.831432418665,-4.187264621258,-5.191322803497,48.185792922974
1126930.884870999958,1126930.831432418665,-4.187264621258,-5.191322803497,48.185792922974
1126930.888367200037,1126930.848099085269,-3.966173738241,-5.170732021332,48.152828216553
1126930.893178300001,1126930.848099085269,-3.966173738241,-5.170732021332,48.152828216553
1126930.897365400102,1126930.848099085269,-3.966173738241,-5.170732021332,48.152828216553
1126930.901363099925,1126930.848099085269,-3.966173738241,-5.170732021332,48.152828216553
1126930.905304899905,1126930.864765751874,-3.761737585068,-5.164772987366,48.199895858765
1126930.909127000021,1126930.864765751874,-3.761737585068,-5.164772987366,48.199895858765
1126930.913962000050,1126930.864765751874,-3.761737585068,-5.164772987366,48.199895858765
1126930.917901099892,1126930.864765751874,-3.761737585068,-5.164772987366,48.199895858765
1126930.922286000103,1126930.881432418479,-3.563283726573,-5.148048400879,48.257978439331
1126930.925712700002,1126930.881432418479,-3.563283726573,-5.148048400879,48.257978439331
1126930.930752600078,1126930.881432418479,-3.563283726573,-5.148048400879,48.257978439331
1126930.934756699950,1126930.881432418479,-3.563283726573,-5.148048400879,48.257978439331
1126930.938528999919,1126930.898099085083,-3.383297733963,-5.127999544144,48.256599426270
1126930.942900799913,1126930.898099085083,-3.383297733963,-5.127999544144,48.256599426270
1126930.946850300068,1126930.898099085083,-3.383297733963,-5.127999544144,48.256599426270
1126930.950824799947,1126930.898099085083,-3.383297733963,-5.127999544144,48.256599426270
1126930.955298299901,1126930.914765751688,-3.218064728193,-5.135701417923,48.311437606812
1126930.959632300073,1126930.914765751688,-3.218064728193,-5.135701417923,48.311437606812
1126930.963241999969,1126930.914765751688,-3.218064728193,-5.135701417923,48.311437606812
1126930.968628499890,1126930.931432418292,-3.073800444603,-5.145078897476,48.321405410767
1126930.972086299909,1126930.931432418292,-3.073800444603,-5.145078897476,48.321405410767
1126930.975442399969,1126930.931432418292,-3.073800444603,-5.145078897476,48.321405410767
1126930.979974000016,1126930.931432418292,-3.073800444603,-5.145078897476,48.321405410767
1126930.985311399912,1126930.948099084897,-2.955674000084,-5.165509700775,48.269403457642
1126930.989289100049,1126930.948099084897,-2.955674000084,-5.165509700775,48.269403457642
1126930.992606299929,1126930.948099084897,-2.955674000084,-5.165509700775,48.269403457642
1126930.997679800028,1126930.948099084897,-2.955674000084,-5.165509700775,48.269403457642
1126931.000573399942,1126930.964765751502,-2.849977776408,-5.151041507721,48.277631759644
1126931.005673100008,1126930.964765751502,-2.849977776408,-5.151041507721,48.277631759644
1126931.009139999980,1126930.964765751502,-2.849977776408,-5.151041507721,48.277631759644
1126931.014147199923,1126930.964765751502,-2.849977776408,-5.151041507721,48.277631759644
1126931.017753900029,1126930.981432418106,-2.756629228592,-5.139221906662,48.307216644287
1126931.021612399956,1126930.981432418106,-2.756629228592,-5.139221906662,48.307216644287
1126931.026457400061,1126930.981432418106,-2.756629228592,-5.139221906662,48.307216644287
1126931.030437800102,1126930.981432418106,-2.756629228592,-5.139221906662,48.307216644287
1126931.033766600071,1126930.998099084711,-2.688415244222,-5.109910726547,48.280809402466
1126931.038463199977,1126930.998099084711,-2.688415244222,-5.109910726547,48.280809402466
1126931.043661799980,1126930.998099084711,-2.688415244222,-5.109910726547,48.280809402466
1126931.046616399894,1126930.998099084711,-2.688415244222,-5.109910726547,48.280809402466
1126931.051872800104,1126931.014765751315,-2.632239133120,-5.125844001770,48.338239669800
1126931.055246999953,1126931.014765751315,-2.632239133120,-5.125844001770,48.338239669800
1126931.058942700038,1126931.014765751315,-2.632239133120,-5.125844001770,48.338239669800
1126931.063461899990,1126931.014765751315,-2.632239133120,-5.125844001770,48.338239669800
1126931.068409899948,1126931.014765751315,-2.632239133120,-5.125844001770,48.338239669800
1126931.072272399906,1126931.014765751315,-2.632239133120,-5.125844001770,48.338239669800
1126931.075858300086,1126931.014765751315,-2.632239133120,-5.125844001770,48.338239669800
1126931.080534900073,1126931.031432417920,-2.600580573082,-5.128156185150,48.370553970337
1126931.084254600108,1126931.031432417920,-2.600580573082,-5.128156185150,48.370553970337
1126931.089450899977,1126931.031432417920,-2.600580573082,-5.128156185150,48.370553970337
1126931.093440599972,1126931.031432417920,-2.600580573082,-5.128156185150,48.370553970337
1126931.097433299990,1126931.048056627624,-2.588602900505,-5.124356985092,48.348936080933
1126931.101138599915,1126931.048056627624,-2.588602900505,-5.124356985092,48.348936080933
1126931.105044899974,1126931.048056627624,-2.588602900505,-5.124356985092,48.348936080933
1126931.110007399926,1126931.048056627624,-2.588602900505,-5.124356985092,48.348936080933
1126931.114390499890,1126931.064716352848,-2.607250630856,-5.111724138260,48.297634124756
1126931.118302100105,1126931.064716352848,-2.607250630856,-5.111724138260,48.297634124756
1126931.122417399893,1126931.064716352848,-2.607250630856,-5.111724138260,48.297634124756
1126931.126447200077,1126931.064716352848,-2.607250630856,-5.111724138260,48.297634124756
1126931.130791400094,1126931.081376078073,-2.642069846392,-5.126731872559,48.311786651611
1126931.134664099896,1126931.081376078073,-2.642069846392,-5.126731872559,48.311786651611
1126931.138639400015,1126931.081376078073,-2.642069846392,-5.126731872559,48.311786651611
1126931.142661100021,1126931.081376078073,-2.642069846392,-5.126731872559,48.311786651611
1126931.147371999919,1126931.098035803298,-2.705883398652,-5.109378814697,48.327655792236
1126931.151228999952,1126931.098035803298,-2.705883398652,-5.109378814697,48.327655792236
1126931.155211800011,1126931.098035803298,-2.705883398652,-5.109378814697,48.327655792236
1126931.159274100093,1126931.114695528522,-2.784035518765,-5.140103340149,48.374073028564
1126931.164216500008,1126931.114695528522,-2.784035518765,-5.140103340149,48.374073028564
1126931.167643199908,1126931.114695528522,-2.784035518765,-5.140103340149,48.374073028564
1126931.171192599926,1126931.114695528522,-2.784035518765,-5.140103340149,48.374073028564
1126931.176228400087,1126931.131355253747,-2.883382812142,-5.154222726822,48.400247573853
1126931.179844399914,1126931.131355253747,-2.883382812142,-5.154222726822,48.400247573853
1126931.184750899905,1126931.131355253747,-2.883382812142,-5.154222726822,48.400247573853
1126931.188695899909,1126931.131355253747,-2.883382812142,-5.154222726822,48.400247573853
1126931.192104700021,1126931.148014978971,-3.009150408208,-5.146693468094,48.404081344604
1126931.197720299941,1126931.148014978971,-3.009150408208,-5.146693468094,48.404081344604
1126931.201626100112,1126931.148014978971,-3.009150408208,-5.146693468094,48.404081344604
1126931.205618900014,1126931.148014978971,-3.009150408208,-5.146693468094,48.404081344604
1126931.208911400056,1126931.164674704196,-3.150772962719,-5.117867231369,48.406427383423
1126931.213809200097,1126931.164674704196,-3.150772962719,-5.117867231369,48.406427383423
1126931.217293299967,1126931.164674704196,-3.150772962719,-5.117867231369,48.406427383423
1126931.222311099991,1126931.164674704196,-3.150772962719,-5.117867231369,48.406427383423
1126931.226113300072,1126931.181334429421,-3.297373056412,-5.141782522202,48.445539474487
1126931.229546400020,1126931.181334429421,-3.297373056412,-5.141782522202,48.445539474487
1126931.234402100090,1126931.181334429421,-3.297373056412,-5.141782522202,48.445539474487
1126931.238394699991,1126931.181334429421,-3.297373056412,-5.141782522202,48.445539474487
1126931.243158800062,1126931.197994154645,-3.465880423784,-5.141332387924,48.456539154053
1126931.247537000105,1126931.197994154645,-3.465880423784,-5.141332387924,48.456539154053
1126931.251612999942,1126931.197994154645,-3.465880423784,-5.141332387924,48.456539154053
1126931.255951100029,1126931.214653879870,-3.646053910255,-5.152851581573,48.511472702026
1126931.259900700068,1126931.214653879870,-3.646053910255,-5.152851581573,48.511472702026
1126931.264372499892,1126931.214653879870,-3.646053910255,-5.152851581573,48.511472702026
1126931.268047200050,1126931.214653879870,-3.646053910255,-5.152851581573,48.511472702026
1126931.272025499959,1126931.214653879870,-3.646053910255,-5.152851581573,48.511472702026
1126931.276339699980,1126931.231313605094,-3.844531029463,-5.140122890472,48.447050094604
1126931.280068400083,1126931.231313605094,-3.844531029463,-5.140122890472,48.447050094604
1126931.285107099917,1126931.231313605094,-3.844531029463,-5.140122890472,48.447050094604
1126931.288425199920,1126931.247973330319,-4.053541034460,-5.129681348801,48.422046661377
1126931.293766600080,1126931.247973330319,-4.053541034460,-5.129681348801,48.422046661377
1126931.296289999969,1126931.247973330319,-4.053541034460,-5.129681348801,48.422046661377
1126931.301197000081,1126931.247973330319,-4.053541034460,-5.129681348801,48.422046661377
1126931.304536100011,1126931.264633055544,-4.277354061604,-5.121658802032,48.352386474609
1126931.309512600070,1126931.264633055544,-4.277354061604,-5.121658802032,48.352386474609
1126931.313090499956,1126931.264633055544,-4.277354061604,-5.121658802032,48.352386474609
1126931.317994100042,1126931.264633055544,-4.277354061604,-5.121658802032,48.352386474609
1126931.321404699935,1126931.281292780768,-4.514195740223,-5.114356279373,48.307813644409
1126931.326212600106,1126931.281292780768,-4.514195740223,-5.114356279373,48.307813644409
1126931.329718200024,1126931.281292780768,-4.514195740223,-5.114356279373,48.307813644409
1126931.334739200072,1126931.281292780768,-4.514195740223,-5.114356279373,48.307813644409
1126931.338863299927,1126931.297952505993,-4.764415562153,-5.117173194885,48.277303695679
1126931.342408099910,1126931.297952505993,-4.764415562153,-5.117173194885,48.277303695679
1126931.347597599961,1126931.297952505993,-4.764415562153,-5.117173194885,48.277303695679
1126931.351743499981,1126931.314612231217,-5.022399902344,-5.149692058563,48.238903045654
1126931.355895400047,1126931.314612231217,-5.022399902344,-5.149692058563,48.238903045654
1126931.359608599916,1126931.314612231217,-5.022399902344,-5.149692058563,48.238903045654
1126931.363186900038,1126931.314612231217,-5.022399902344,-5.149692058563,48.238903045654
1126931.368599500041,1126931.331271956442,-5.288797974586,-5.135649919510,48.239316940308
1126931.372063900111,1126931.331271956442,-5.288797974586,-5.135649919510,48.239316940308
1126931.375424900092,1126931.331271956442,-5.288797974586,-5.135649919510,48.239316940308
1126931.380035100039,1126931.331271956442,-5.288797974586,-5.135649919510,48.239316940308
1126931.385011600098,1126931.347931681667,-5.559726595879,-5.175174713135,48.225055694580
1126931.388619899983,1126931.347931681667,-5.559726595879,-5.175174713135,48.225055694580
1126931.392477599904,1126931.347931681667,-5.559726595879,-5.175174713135,48.225055694580
1126931.397493799916,1126931.347931681667,-5.559726595879,-5.175174713135,48.225055694580
1126931.401434000116,1126931.364591406891,-5.831236720085,-5.198308229446,48.212301254272
1126931.405231599929,1126931.364591406891,-5.831236720085,-5.198308229446,48.212301254272
1126931.409218600020,1126931.364591406891,-5.831236720085,-5.198308229446,48.212301254272
1126931.414207099937,1126931.364591406891,-5.831236720085,-5.198308229446,48.212301254272
1126931.418148299912,1126931.381251132116,-6.106258749962,-5.205222606659,48.279638290405
1126931.421441999963,1126931.381251132116,-6.106258749962,-5.205222606659,48.279638290405
1126931.426604599925,1126931.381251132116,-6.106258749962,-5.205222606659,48.279638290405
1126931.430612700060,1126931.381251132116,-6.106258749962,-5.205222606659,48.279638290405
1126931.434528399957,1126931.397910857340,-6.375259160995,-5.144526958466,48.343992233276
1126931.438260799972,1126931.397910857340,-6.375259160995,-5.144526958466,48.343992233276
1126931.443923699902,1126931.397910857340,-6.375259160995,-5.144526958466,48.343992233276
1126931.446893400047,1126931.397910857340,-6.375259160995,-5.144526958466,48.343992233276
1126931.450573900016,1126931.397910857340,-6.375259160995,-5.144526958466,48.343992233276
1126931.455989700044,1126931.397910857340,-6.375259160995,-5.144526958466,48.343992233276
1126931.459544300102,1126931.397910857340,-6.375259160995,-5.144526958466,48.343992233276
1126931.464052800089,1126931.414570582565,-6.640432357788,-5.105826139450,48.417575836182
1126931.468384499894,1126931.414570582565,-6.640432357788,-5.105826139450,48.417575836182
1126931.471987399971,1126931.414570582565,-6.640432357788,-5.105826139450,48.417575836182
1126931.475592500065,1126931.414570582565,-6.640432357788,-5.105826139450,48.417575836182
1126931.480179300066,1126931.414570582565,-6.640432357788,-5.105826139450,48.417575836182
1126931.483936599921,1126931.431319766212,-6.903986811638,-5.059484481812,48.423791885376
1126931.488393899985,1126931.431319766212,-6.903986811638,-5.059484481812,48.423791885376
1126931.493383500027,1126931.431319766212,-6.903986811638,-5.059484481812,48.423791885376
1126931.496327999979,1126931.447986432817,-7.157212495804,-5.006950139999,48.398044586182
1126931.501759500010,1126931.447986432817,-7.157212495804,-5.006950139999,48.398044586182
1126931.505855599884,1126931.447986432817,-7.157212495804,-5.006950139999,48.398044586182
1126931.509842900094,1126931.447986432817,-7.157212495804,-5.006950139999,48.398044586182
1126931.513841999928,1126931.464653099421,-7.407121896744,-4.963253736496,48.363601684570
1126931.517570900032,1126931.464653099421,-7.407121896744,-4.963253736496,48.363601684570
1126931.522457499988,1126931.464653099421,-7.407121896744,-4.963253736496,48.363601684570
1126931.526442700066,1126931.464653099421,-7.407121896744,-4.963253736496,48.363601684570
1126931.530780100031,1126931.481319766026,-7.641021251678,-4.912286758423,48.372089385986
1126931.535051200073,1126931.481319766026,-7.641021251678,-4.912286758423,48.372089385986
1126931.538417899981,1126931.481319766026,-7.641021251678,-4.912286758423,48.372089385986
1126931.542372799944,1126931.481319766026,-7.641021251678,-4.912286758423,48.372089385986
1126931.547478399938,1126931.497986432631,-7.869433879852,-4.916518926620,48.305770874023
1126931.551357500022,1126931.497986432631,-7.869433879852,-4.916518926620,48.305770874023
1126931.555361300008,1126931.497986432631,-7.869433879852,-4.916518926620,48.305770874023
1126931.559353200020,1126931.497986432631,-7.869433879852,-4.916518926620,48.305770874023
1126931.563658999978,1126931.514653099235,-8.085648298264,-4.882354259491,48.305778503418
1126931.567260100041,1126931.514653099235,-8.085648298264,-4.882354259491,48.305778503418
1126931.571660799906,1126931.514653099235,-8.085648298264,-4.882354259491,48.305778503418
1126931.576965499902,1126931.531319765840,-8.288705348969,-4.868614673615,48.227216720581
1126931.579889999935,1126931.531319765840,-8.288705348969,-4.868614673615,48.227216720581
1126931.584215400042,1126931.531319765840,-8.288705348969,-4.868614673615,48.227216720581
1126931.588777000085,1126931.531319765840,-8.288705348969,-4.868614673615,48.227216720581
1126931.592958699912,1126931.547986432444,-8.479846715927,-4.867834329605,48.181159973145
1126931.596906800056,1126931.547986432444,-8.479846715927,-4.867834329605,48.181159973145
1126931.600429600105,1126931.547986432444,-8.479846715927,-4.867834329605,48.181159973145
1126931.605218400015,1126931.547986432444,-8.479846715927,-4.867834329605,48.181159973145
1126931.609311300097,1126931.564653099049,-8.664916992188,-4.854959964752,48.178445816040
1126931.613366599893,1126931.564653099049,-8.664916992188,-4.854959964752,48.178445816040
1126931.618709299946,1126931.564653099049,-8.664916992188,-4.854959964752,48.178445816040
1126931.621507799951,1126931.564653099049,-8.664916992188,-4.854959964752,48.178445816040
1126931.626653600018,1126931.581319765653,-8.841795682907,-4.839191198349,48.191858291626
1126931.629959099926,1126931.581319765653,-8.841795682907,-4.839191198349,48.191858291626
1126931.635151300114,1126931.581319765653,-8.841795682907,-4.839191198349,48.191858291626
1126931.639220899902,1126931.597986432258,-9.011132478714,-4.806282281876,48.204957962036
1126931.642647699919,1126931.597986432258,-9.011132478714,-4.806282281876,48.204957962036
1126931.647104900097,1126931.597986432258,-9.011132478714,-4.806282281876,48.204957962036
1126931.651110399980,1126931.597986432258,-9.011132478714,-4.806282281876,48.204957962036
1126931.655101400102,1126931.614653098863,-9.168550968170,-4.814905643463,48.278686523438
1126931.659393399954,1126931.614653098863,-9.168550968170,-4.814905643463,48.278686523438
1126931.663711699890,1126931.614653098863,-9.168550968170,-4.814905643463,48.278686523438
1126931.667267200071,1126931.614653098863,-9.168550968170,-4.814905643463,48.278686523438
1126931.672203999944,1126931.631319765467,-9.319967031479,-4.808265924454,48.280988693237
1126931.676352299983,1126931.631319765467,-9.319967031479,-4.808265924454,48.280988693237
1126931.680292000063,1126931.631319765467,-9.319967031479,-4.808265924454,48.280988693237
1126931.683709099889,1126931.631319765467,-9.319967031479,-4.808265924454,48.280988693237
1126931.688866500044,1126931.647986432072,-9.461308240891,-4.807676315308,48.287290573120
1126931.693145500030,1126931.647986432072,-9.461308240891,-4.807676315308,48.287290573120
1126931.696946599986,1126931.647986432072,-9.461308240891,-4.807676315308,48.287290573120
1126931.700984199997,1126931.647986432072,-9.461308240891,-4.807676315308,48.287290573120
1126931.705311500002,1126931.664653098676,-9.590718269348,-4.786663293839,48.246280670166
1126931.708719599992,1126931.664653098676,-9.590718269348,-4.786663293839,48.246280670166
1126931.713448799914,1126931.664653098676,-9.590718269348,-4.786663293839,48.246280670166
1126931.717433399986,1126931.664653098676,-9.590718269348,-4.786663293839,48.246280670166
1126931.721816699952,1126931.681319765281,-9.709583997726,-4.792468309402,48.213352203369
1126931.725444999989,1126931.681319765281,-9.709583997726,-4.792468309402,48.213352203369
1126931.730412000092,1126931.681319765281,-9.709583997726,-4.792468309402,48.213352203369
1126931.734395900043,1126931.681319765281,-9.709583997726,-4.792468309402,48.213352203369
1126931.737739499891,1126931.697986431886,-9.816228389740,-4.770689010620,48.227294921875
1126931.742071300047,1126931.697986431886,-9.816228389740,-4.770689010620,48.227294921875
1126931.747036499903,1126931.697986431886,-9.816228389740,-4.770689010620,48.227294921875
1126931.751082800096,1126931.714653098490,-9.908444166183,-4.774631738663,48.155464172363
1126931.754349499941,1126931.714653098490,-9.908444166183,-4.774631738663,48.155464172363
1126931.759323799983,1126931.714653098490,-9.908444166183,-4.774631738663,48.155464172363
1126931.763299999991,1126931.714653098490,-9.908444166183,-4.774631738663,48.155464172363
1126931.768621100113,1126931.731319765095,-9.992362737656,-4.741278886795,48.092842102051
1126931.771618800005,1126931.731319765095,-9.992362737656,-4.741278886795,48.092842102051
1126931.776277299970,1126931.731319765095,-9.992362737656,-4.741278886795,48.092842102051
1126931.779834599933,1126931.731319765095,-9.992362737656,-4.741278886795,48.092842102051
1126931.784965300001,1126931.747986431699,-10.062289714813,-4.728664875031,48.071725845337
1126931.788951999974,1126931.747986431699,-10.062289714813,-4.728664875031,48.071725845337
1126931.792464900063,1126931.747986431699,-10.062289714813,-4.728664875031,48.071725845337
1126931.797442900017,1126931.747986431699,-10.062289714813,-4.728664875031,48.071725845337
1126931.801470400067,1126931.764653098304,-10.117143630981,-4.695140123367,48.141166687012
1126931.804937599925,1126931.764653098304,-10.117143630981,-4.695140123367,48.141166687012
1126931.809812099906,1126931.764653098304,-10.117143630981,-4.695140123367,48.141166687012
1126931.813769999892,1126931.764653098304,-10.117143630981,-4.695140123367,48.141166687012
1126931.817133100005,1126931.781319764908,-10.150551557541,-4.699937582016,48.132883071899
1126931.821722300025,1126931.781319764908,-10.150551557541,-4.699937582016,48.132883071899
1126931.826423200080,1126931.781319764908,-10.150551557541,-4.699937582016,48.132883071899
1126931.830405999906,1126931.781319764908,-10.150551557541,-4.699937582016,48.132883071899
1126931.834783300059,1126931.797986431513,-10.166185855865,-4.705059766769,48.097274780273
1126931.838694100035,1126931.797986431513,-10.166185855865,-4.705059766769,48.097274780273
1126931.842513599899,1126931.797986431513,-10.166185855865,-4.705059766769,48.097274780273
1126931.847827299964,1126931.797986431513,-10.166185855865,-4.705059766769,48.097274780273
1126931.850671200082,1126931.797986431513,-10.166185855865,-4.705059766769,48.097274780273
1126931.855341000017,1126931.797986431513,-10.166185855865,-4.705059766769,48.097274780273
1126931.859094100073,1126931.797986431513,-10.166185855865,-4.705059766769,48.097274780273
1126931.864467700012,1126931.814653098118,-10.162219047546,-4.730474710464,48.118965148926
1126931.867290700087,1126931.814653098118,-10.162219047546,-4.730474710464,48.118965148926
1126931.872155900113,1126931.814653098118,-10.162219047546,-4.730474710464,48.118965148926
1126931.876128700096,1126931.814653098118,-10.162219047546,-4.730474710464,48.118965148926
1126931.879832400009,1126931.831390371779,-10.150435447693,-4.713178157806,48.149000167847
1126931.885446300032,1126931.831390371779,-10.150435447693,-4.713178157806,48.149000167847
1126931.888224299997,1126931.831390371779,-10.150435447693,-4.713178157806,48.149000167847
1126931.892843100009,1126931.831390371779,-10.150435447693,-4.713178157806,48.149000167847
1126931.896202000091,1126931.848063985817,-10.114172697067,-4.691663265228,48.126770019531
1126931.901267800014,1126931.848063985817,-10.114172697067,-4.691663265228,48.126770019531
1126931.905262999935,1126931.848063985817,-10.114172697067,-4.691663265228,48.126770019531
1126931.909213500097,1126931.848063985817,-10.114172697067,-4.691663265228,48.126770019531
1126931.914161300054,1126931.864737599855,-10.068227291107,-4.662731647491,48.126647949219
1126931.918144899886,1126931.864737599855,-10.068227291107,-4.662731647491,48.126647949219
1126931.922135999892,1126931.864737599855,-10.068227291107,-4.662731647491,48.126647949219
1126931.926172799896,1126931.864737599855,-10.068227291107,-4.662731647491,48.126647949219
1126931.930471800035,1126931.881411213893,-10.007326841354,-4.662536621094,48.020111083984
1126931.934657699894,1126931.881411213893,-10.007326841354,-4.662536621094,48.020111083984
1126931.938585599884,1126931.881411213893,-10.007326841354,-4.662536621094,48.020111083984
1126931.942588699982,1126931.881411213893,-10.007326841354,-4.662536621094,48.020111083984
1126931.947691000067,1126931.898084827932,-9.942005395889,-4.648450613022,48.028480529785
1126931.951309799915,1126931.898084827932,-9.942005395889,-4.648450613022,48.028480529785
1126931.955018599983,1126931.898084827932,-9.942005395889,-4.648450613022,48.028480529785
1126931.958592799958,1126931.898084827932,-9.942005395889,-4.648450613022,48.028480529785
1126931.963355999906,1126931.914758441970,-9.860832691193,-4.621930599213,47.978698730469
1126931.968647599919,1126931.914758441970,-9.860832691193,-4.621930599213,47.978698730469
1126931.971650500083,1126931.914758441970,-9.860832691193,-4.621930599213,47.978698730469
1126931.975596999982,1126931.931432056008,-9.771118640900,-4.628921270370,48.032272338867
1126931.980361300055,1126931.931432056008,-9.771118640900,-4.628921270370,48.032272338867
1126931.984422199894,1126931.931432056008,-9.771118640900,-4.628921270370,48.032272338867
1126931.988346199971,1126931.931432056008,-9.771118640900,-4.628921270370,48.032272338867
1126931.992746900069,1126931.948105670046,-9.686750650406,-4.616158246994,48.024892807007
1126931.997142399894,1126931.948105670046,-9.686750650406,-4.616158246994,48.024892807007
1126932.001006500097,1126931.948105670046,-9.686750650406,-4.616158246994,48.024892807007
1126932.004986200016,1126931.948105670046,-9.686750650406,-4.616158246994,48.024892807007
1126932.010383199900,1126931.964779284084,-9.629266500473,-4.624840021133,48.055618286133
1126932.012812099885,1126931.964779284084,-9.629266500473,-4.624840021133,48.055618286133
1126932.017590099946,1126931.964779284084,-9.629266500473,-4.624840021133,48.055618286133
1126932.021539699985,1126931.964779284084,-9.629266500473,-4.624840021133,48.055618286133
1126932.026214899961,1126931.981452898122,-9.557858228683,-4.612670898438,48.043586730957
1126932.029783600010,1126931.981452898122,-9.557858228683,-4.612670898438,48.043586730957
1126932.034457599977,1126931.981452898122,-9.557858228683,-4.612670898438,48.043586730957
1126932.038437899901,1126931.981452898122,-9.557858228683,-4.612670898438,48.043586730957
1126932.041773899924,1126931.998126512161,-9.395251750946,-4.607391357422,47.990880966187
1126932.046359000029,1126931.998126512161,-9.395251750946,-4.607391357422,47.990880966187
1126932.051349600079,1126931.998126512161,-9.395251750946,-4.607391357422,47.990880966187
1126932.055341700092,1126932.014800126199,-9.222217798233,-4.586735248566,48.002103805542
1126932.059182700003,1126932.014800126199,-9.222217798233,-4.586735248566,48.002103805542
1126932.062997499947,1126932.014800126199,-9.222217798233,-4.586735248566,48.002103805542
1126932.068032999989,1126932.014800126199,-9.222217798233,-4.586735248566,48.002103805542
1126932.071985899936,1126932.031473740237,-9.050038099289,-4.631877899170,48.080509185791
1126932.076040599961,1126932.031473740237,-9.050038099289,-4.631877899170,48.080509185791
1126932.080349900061,1126932.031473740237,-9.050038099289,-4.631877899170,48.080509185791
1126932.084344099974,1126932.031473740237,-9.050038099289,-4.631877899170,48.080509185791
1126932.088650800055,1126932.048147354275,-8.892379283905,-4.649723052979,48.109880447388
1126932.092533600051,1126932.048147354275,-8.892379283905,-4.649723052979,48.109880447388
1126932.096409599995,1126932.048147354275,-8.892379283905,-4.649723052979,48.109880447388
1126932.101367400028,1126932.048147354275,-8.892379283905,-4.649723052979,48.109880447388
1126932.104693300091,1126932.064820968313,-8.731163024902,-4.622671604156,48.128995895386
1126932.109104800038,1126932.064820968313,-8.731163024902,-4.622671604156,48.128995895386
1126932.114083199995,1126932.064820968313,-8.731163024902,-4.622671604156,48.128995895386
1126932.118079999927,1126932.064820968313,-8.731163024902,-4.622671604156,48.128995895386
1126932.121410399908,1126932.081494582351,-8.566785097122,-4.604781627655,48.095884323120
1126932.126149700023,1126932.081494582351,-8.566785097122,-4.604781627655,48.095884323120
1126932.130040100077,1126932.081494582351,-8.566785097122,-4.604781627655,48.095884323120
1126932.133991899900,1126932.081494582351,-8.566785097122,-4.604781627655,48.095884323120
1126932.138359199977,1126932.098168196389,-8.390433073044,-4.599959135056,48.075611114502
1126932.141892899992,1126932.098168196389,-8.390433073044,-4.599959135056,48.075611114502
1126932.146866800031,1126932.098168196389,-8.390433073044,-4.599959135056,48.075611114502
1126932.150853799889,1126932.098168196389,-8.390433073044,-4.599959135056,48.075611114502
1126932.155846700072,1126932.114841810428,-8.208631753922,-4.610257625580,48.129198074341
1126932.159847100032,1126932.114841810428,-8.208631753922,-4.610257625580,48.129198074341
1126932.163787599886,1126932.114841810428,-8.208631753922,-4.610257625580,48.129198074341
1126932.167823700001,1126932.131515424466,-8.028278589249,-4.619632959366,48.143692016602
1126932.171806900064,1126932.131515424466,-8.028278589249,-4.619632959366,48.143692016602
1126932.175594999921,1126932.131515424466,-8.028278589249,-4.619632959366,48.143692016602
1126932.180224099895,1126932.131515424466,-8.028278589249,-4.619632959366,48.143692016602
1126932.183867699932,1126932.148189038504,-7.842416524887,-4.642029523849,48.140880584717
1126932.188330000034,1126932.148189038504,-7.842416524887,-4.642029523849,48.140880584717
1126932.192626100034,1126932.148189038504,-7.842416524887,-4.642029523849,48.140880584717
1126932.196598100010,1126932.148189038504,-7.842416524887,-4.642029523849,48.140880584717
1126932.201233200030,1126932.164862652542,-7.654973506927,-4.623188972473,48.156845092773
1126932.204592700116,1126932.164862652542,-7.654973506927,-4.623188972473,48.156845092773
1126932.208975200076,1126932.164862652542,-7.654973506927,-4.623188972473,48.156845092773
1126932.214003399946,1126932.164862652542,-7.654973506927,-4.623188972473,48.156845092773
1126932.217337500071,1126932.181536266580,-7.466767072678,-4.609762668610,48.132732391357
1126932.221825399902,1126932.181536266580,-7.466767072678,-4.609762668610,48.132732391357
1126932.225803900044,1126932.181536266580,-7.466767072678,-4.609762668610,48.132732391357
1126932.230629599886,1126932.181536266580,-7.466767072678,-4.609762668610,48.132732391357
1126932.234934499953,1126932.181536266580,-7.466767072678,-4.609762668610,48.132732391357
1126932.238937499933,1126932.181536266580,-7.466767072678,-4.609762668610,48.132732391357
1126932.242591599934,1126932.181536266580,-7.466767072678,-4.609762668610,48.132732391357
1126932.246567100054,1126932.181536266580,-7.466767072678,-4.609762668610,48.132732391357
1126932.251002199948,1126932.198209880618,-7.274821996689,-4.605782270432,48.099624633789
1126932.254414899973,1126932.198209880618,-7.274821996689,-4.605782270432,48.099624633789
1126932.259440300055,1126932.198209880618,-7.274821996689,-4.605782270432,48.099624633789
1126932.263392599998,1126932.215109355748,-7.096568465233,-4.636378765106,48.118291854858
1126932.267704200000,1126932.215109355748,-7.096568465233,-4.636378765106,48.118291854858
1126932.271164899925,1126932.215109355748,-7.096568465233,-4.636378765106,48.118291854858
1126932.276404300006,1126932.215109355748,-7.096568465233,-4.636378765106,48.118291854858
1126932.280437600100,1126932.231817793567,-6.917453289032,-4.645020961761,48.129894256592
1126932.283838900039,1126932.231817793567,-6.917453289032,-4.645020961761,48.129894256592
1126932.289112000028,1126932.231817793567,-6.917453289032,-4.645020961761,48.129894256592
1126932.293098299997,1126932.231817793567,-6.917453289032,-4.645020961761,48.129894256592
1126932.297445300035,1126932.248526231386,-6.736330151558,-4.632557868958,48.132259368896
1126932.301418100018,1126932.248526231386,-6.736330151558,-4.632557868958,48.132259368896
1126932.304974700091,1126932.248526231386,-6.736330151558,-4.632557868958,48.132259368896
1126932.308963600080,1126932.248526231386,-6.736330151558,-4.632557868958,48.132259368896
1126932.314381700009,1126932.265234669205,-6.573414683342,-4.651060581207,48.152477264404
1126932.317319599912,1126932.265234669205,-6.573414683342,-4.651060581207,48.152477264404
1126932.321860699914,1126932.265234669205,-6.573414683342,-4.651060581207,48.152477264404
1126932.325535800075,1126932.265234669205,-6.573414683342,-4.651060581207,48.152477264404
1126932.330493600108,1126932.281943107024,-6.414591670036,-4.651077032089,48.176895141602
1126932.333857600112,1126932.281943107024,-6.414591670036,-4.651077032089,48.176895141602
1126932.338934000116,1126932.281943107024,-6.414591670036,-4.651077032089,48.176895141602
1126932.342969200108,1126932.281943107024,-6.414591670036,-4.651077032089,48.176895141602
1126932.346910000080,1126932.298651544843,-6.256283640862,-4.607816219330,48.158956527710
1126932.351270799991,1126932.298651544843,-6.256283640862,-4.607816219330,48.158956527710
1126932.355380000081,1126932.298651544843,-6.256283640862,-4.607816219330,48.158956527710
1126932.359322200064,1126932.315359982662,-6.099184989929,-4.558713674545,48.216207504272
1126932.362689699978,1126932.315359982662,-6.099184989929,-4.558713674545,48.216207504272
1126932.367146099918,1126932.315359982662,-6.099184989929,-4.558713674545,48.216207504272
1126932.372104000067,1126932.315359982662,-6.099184989929,-4.558713674545,48.216207504272
1126932.376501800027,1126932.332068420481,-5.954456925392,-4.566851139069,48.201532363892
1126932.380988999968,1126932.332068420481,-5.954456925392,-4.566851139069,48.201532363892
1126932.383398300037,1126932.332068420481,-5.954456925392,-4.566851139069,48.201532363892
1126932.388482599985,1126932.332068420481,-5.954456925392,-4.566851139069,48.201532363892
1126932.392609999981,1126932.348776858300,-5.825005412102,-4.620627641678,48.191776275635
1126932.396417400101,1126932.348776858300,-5.825005412102,-4.620627641678,48.191776275635
1126932.401644200087,1126932.348776858300,-5.825005412102,-4.620627641678,48.191776275635
1126932.405647699954,1126932.348776858300,-5.825005412102,-4.620627641678,48.191776275635
1126932.409800000023,1126932.365485296119,-5.705628156662,-4.665158748627,48.157178878784
1126932.413159500109,1126932.365485296119,-5.705628156662,-4.665158748627,48.157178878784
1126932.417621700093,1126932.365485296119,-5.705628156662,-4.665158748627,48.157178878784
1126932.421609099954,1126932.365485296119,-5.705628156662,-4.665158748627,48.157178878784
1126932.425952600082,1126932.382193733938,-5.606219172478,-4.713798046112,48.129526138306
1126932.429600199917,1126932.382193733938,-5.606219172478,-4.713798046112,48.129526138306
1126932.434283799957,1126932.382193733938,-5.606219172478,-4.713798046112,48.129526138306
1126932.438301200047,1126932.382193733938,-5.606219172478,-4.713798046112,48.129526138306
1126932.441895100055,1126932.398902171757,-5.512659668922,-4.727567195892,48.088670730591
1126932.446323900018,1126932.398902171757,-5.512659668922,-4.727567195892,48.088670730591
1126932.450894499896,1126932.398902171757,-5.512659668922,-4.727567195892,48.088670730591
1126932.454850299982,1126932.398902171757,-5.512659668922,-4.727567195892,48.088670730591
1126932.459791200003,1126932.415610609576,-5.436382293701,-4.792950630188,48.060655593872
1126932.463602599921,1126932.415610609576,-5.436382293701,-4.792950630188,48.060655593872
1126932.467171299970,1126932.415610609576,-5.436382293701,-4.792950630188,48.060655593872
1126932.472365499940,1126932.432319047395,-5.373246908188,-4.831950426102,48.039627075195
1126932.476067499956,1126932.432319047395,-5.373246908188,-4.831950426102,48.039627075195
1126932.480422100052,1126932.432319047395,-5.373246908188,-4.831950426102,48.039627075195
1126932.483951299917,1126932.432319047395,-5.373246908188,-4.831950426102,48.039627075195
1126932.488287500106,1126932.449027485214,-5.321732163429,-4.842841148376,47.993993759155
1126932.493332999991,1126932.449027485214,-5.321732163429,-4.842841148376,47.993993759155
1126932.497389799915,1126932.449027485214,-5.321732163429,-4.842841148376,47.993993759155
1126932.501402999973,1126932.449027485214,-5.321732163429,-4.842841148376,47.993993759155
1126932.506161000114,1126932.465735923033,-5.275404810905,-4.849514722824,48.023168563843
1126932.508976599900,1126932.465735923033,-5.275404810905,-4.849514722824,48.023168563843
1126932.513871100033,1126932.465735923033,-5.275404810905,-4.849514722824,48.023168563843
1126932.517845900031,1126932.465735923033,-5.275404810905,-4.849514722824,48.023168563843
1126932.521522100084,1126932.482444360852,-5.240887999535,-4.866018533707,47.962717056274
1126932.527136000106,1126932.482444360852,-5.240887999535,-4.866018533707,47.962717056274
1126932.530380500015,1126932.482444360852,-5.240887999535,-4.866018533707,47.962717056274
1126932.534365599975,1126932.482444360852,-5.240887999535,-4.866018533707,47.962717056274
1126932.538731599925,1126932.499152798671,-5.206438899040,-4.879659175873,47.983968734741
1126932.542511099949,1126932.499152798671,-5.206438899040,-4.879659175873,47.983968734741
1126932.546167300083,1126932.499152798671,-5.206438899040,-4.879659175873,47.983968734741
1126932.551118700067,1126932.499152798671,-5.206438899040,-4.879659175873,47.983968734741
1126932.554483799962,1126932.515861236490,-5.188550353050,-4.902209758759,47.989992141724
1126932.559481200064,1126932.515861236490,-5.188550353050,-4.902209758759,47.989992141724
1126932.563074399950,1126932.515861236490,-5.188550353050,-4.902209758759,47.989992141724
1126932.568242999958,1126932.532569674309,-5.173806071281,-4.879306554794,47.994762420654
1126932.571749200113,1126932.532569674309,-5.173806071281,-4.879306554794,47.994762420654
1126932.575349299936,1126932.532569674309,-5.173806071281,-4.879306554794,47.994762420654
1126932.580902199959,1126932.532569674309,-5.173806071281,-4.879306554794,47.994762420654
1126932.584463200066,1126932.549278112128,-5.175161719322,-4.878694772720,48.001461029053
1126932.588348000078,1126932.549278112128,-5.175161719322,-4.878694772720,48.001461029053
1126932.592166899936,1126932.549278112128,-5.175161719322,-4.878694772720,48.001461029053
1126932.597202399978,1126932.549278112128,-5.175161719322,-4.878694772720,48.001461029053
1126932.601535900030,1126932.565986549947,-5.179742932320,-4.903823852539,47.955774307251
1126932.605904999888,1126932.565986549947,-5.179742932320,-4.903823852539,47.955774307251
1126932.609477400081,1126932.565986549947,-5.179742932320,-4.903823852539,47.955774307251
1126932.613395800116,1126932.565986549947,-5.179742932320,-4.903823852539,47.955774307251
1126932.616783000063,1126932.582694987766,-5.196950435638,-4.910366535187,47.979400634766
1126932.621709000086,1126932.582694987766,-5.196950435638,-4.910366535187,47.979400634766
1126932.625519700116,1126932.582694987766,-5.196950435638,-4.910366535187,47.979400634766
1126932.630363000091,1126932.582694987766,-5.196950435638,-4.910366535187,47.979400634766
1126932.634142800001,1126932.582694987766,-5.196950435638,-4.910366535187,47.979400634766
1126932.637953599915,1126932.582694987766,-5.196950435638,-4.910366535187,47.979400634766
1126932.642440299969,1126932.582694987766,-5.196950435638,-4.910366535187,47.979400634766
1126932.646439099917,1126932.582694987766,-5.196950435638,-4.910366535187,47.979400634766
1126932.651560700033,1126932.599403425585,-5.207085013390,-4.931897640228,48.047101974487
1126932.655238700099,1126932.599403425585,-5.207085013390,-4.931897640228,48.047101974487
1126932.659177199937,1126932.599403425585,-5.207085013390,-4.931897640228,48.047101974487
1126932.663168699946,1126932.616093990626,-5.220044851303,-4.938612461090,48.074064254761
1126932.667669800110,1126932.616093990626,-5.220044851303,-4.938612461090,48.074064254761
1126932.671450899914,1126932.616093990626,-5.220044851303,-4.938612461090,48.074064254761
1126932.676108899992,1126932.616093990626,-5.220044851303,-4.938612461090,48.074064254761
1126932.680247700075,1126932.632795451907,-5.250381708145,-4.932415962219,48.054901123047
1126932.683622000040,1126932.632795451907,-5.250381708145,-4.932415962219,48.054901123047
1126932.688160799909,1126932.632795451907,-5.250381708145,-4.932415962219,48.054901123047
1126932.692733299918,1126932.632795451907,-5.250381708145,-4.932415962219,48.054901123047
1126932.696121300105,1126932.649496913189,-5.274880170822,-4.965480327606,48.050596237183
1126932.700832899893,1126932.649496913189,-5.274880170822,-4.965480327606,48.050596237183
1126932.704470600002,1126932.649496913189,-5.274880170822,-4.965480327606,48.050596237183
1126932.709307800047,1126932.649496913189,-5.274880170822,-4.965480327606,48.050596237183
1126932.713602799922,1126932.666198374471,-5.302509665489,-4.957539558411,48.091703414917
1126932.718160700053,1126932.666198374471,-5.302509665489,-4.957539558411,48.091703414917
1126932.722075100057,1126932.666198374471,-5.302509665489,-4.957539558411,48.091703414917
1126932.726056100102,1126932.666198374471,-5.302509665489,-4.957539558411,48.091703414917
1126932.729399499949,1126932.682899835752,-5.327783226967,-4.962431907654,48.081827163696
1126932.734768599970,1126932.682899835752,-5.327783226967,-4.962431907654,48.081827163696
1126932.739309099969,1126932.682899835752,-5.327783226967,-4.962431907654,48.081827163696
1126932.742343900027,1126932.682899835752,-5.327783226967,-4.962431907654,48.081827163696
1126932.746996100061,1126932.699601297034,-5.348839640617,-4.952605962753,48.064355850220
1126932.750467400067,1126932.699601297034,-5.348839640617,-4.952605962753,48.064355850220
1126932.755051499931,1126932.699601297034,-5.348839640617,-4.952605962753,48.064355850220
1126932.759043599945,1126932.699601297034,-5.348839640617,-4.952605962753,48.064355850220
1126932.764015499968,1126932.716302758316,-5.373509883881,-4.976147413254,48.106361389160
1126932.768430399941,1126932.716302758316,-5.373509883881,-4.976147413254,48.106361389160
1126932.770947899902,1126932.716302758316,-5.373509883881,-4.976147413254,48.106361389160
1126932.775696600089,1126932.733004219597,-5.393101572990,-4.978327035904,48.099906921387
1126932.781048200093,1126932.733004219597,-5.393101572990,-4.978327035904,48.099906921387
1126932.783531199908,1126932.733004219597,-5.393101572990,-4.978327035904,48.099906921387
1126932.788520300062,1126932.733004219597,-5.393101572990,-4.978327035904,48.099906921387
1126932.792534800014,1126932.749705680879,-5.425991773605,-4.976782083511,48.107482910156
1126932.796400699997,1126932.749705680879,-5.425991773605,-4.976782083511,48.107482910156
1126932.801457900088,1126932.749705680879,-5.425991773605,-4.976782083511,48.107482910156
1126932.805396700045,1126932.749705680879,-5.425991773605,-4.976782083511,48.107482910156
1126932.809788499959,1126932.766407142160,-5.474592685699,-4.983100175858,48.126228332520
1126932.813688300084,1126932.766407142160,-5.474592685699,-4.983100175858,48.126228332520
1126932.817240899894,1126932.766407142160,-5.474592685699,-4.983100175858,48.126228332520
1126932.822199000046,1126932.766407142160,-5.474592685699,-4.983100175858,48.126228332520
1126932.825559299905,1126932.783108603442,-5.529217123985,-4.976926088333,48.130678176880
1126932.830744599923,1126932.783108603442,-5.529217123985,-4.976926088333,48.130678176880
1126932.834735899931,1126932.783108603442,-5.529217123985,-4.976926088333,48.130678176880
1126932.838692399906,1126932.783108603442,-5.529217123985,-4.976926088333,48.130678176880
1126932.843004900031,1126932.799810064724,-5.587995886803,-5.012852430344,48.163795471191
1126932.846591599984,1126932.799810064724,-5.587995886803,-5.012852430344,48.163795471191
1126932.850640099961,1126932.799810064724,-5.587995886803,-5.012852430344,48.163795471191
1126932.854571900098,1126932.799810064724,-5.587995886803,-5.012852430344,48.163795471191
1126932.859722400084,1126932.816511526005,-5.645336389542,-4.985074043274,48.169319152832
1126932.863631299930,1126932.816511526005,-5.645336389542,-4.985074043274,48.169319152832
